2021-10-07 01:41:52+00:00,create,2001:43f8:df1::/48,3970,48
2021-10-07 03:27:45+00:00,create,102.218.97.0/24,3970,24
2021-10-07 13:36:01+00:00,delete,2001:43f8:df1::/48,3970,0
2021-10-07 15:39:36+00:00,delete,102.218.97.0/24,3970,0
2021-10-08 00:41:53+00:00,create,2001:43f8:df1::/48,3970,48
2021-10-08 04:04:36+00:00,create,102.218.97.0/24,3970,24
2021-10-08 17:14:51+00:00,delete,102.218.97.0/24,3970,0
2021-10-08 17:46:19+00:00,delete,2001:43f8:df1::/48,3970,0
2021-10-09 01:51:53+00:00,create,102.218.97.0/24,3970,24
2021-10-09 02:41:29+00:00,create,2001:43f8:df1::/48,3970,48
2021-10-09 14:52:33+00:00,delete,2001:43f8:df1::/48,3970,0
2021-10-09 16:02:44+00:00,delete,102.218.97.0/24,3970,0
2021-10-10 00:27:49+00:00,create,2001:43f8:df1::/48,3970,48
2021-10-10 00:55:37+00:00,create,102.218.97.0/24,3970,24
2021-10-10 14:26:49+00:00,delete,102.218.97.0/24,3970,0
2021-10-10 17:39:10+00:00,delete,2001:43f8:df1::/48,3970,0
2021-10-11 00:52:33+00:00,create,2001:43f8:df1::/48,3970,48
2021-10-11 02:17:59+00:00,create,102.218.97.0/24,3970,24
2021-10-11 17:25:53+00:00,delete,2001:43f8:df1::/48,3970,0
2021-10-11 17:43:33+00:00,delete,102.218.97.0/24,3970,0
2021-10-12 01:03:10+00:00,create,102.218.97.0/24,3970,24
2021-10-12 03:30:34+00:00,create,2001:43f8:df1::/48,3970,48
2021-10-12 13:17:56+00:00,delete,102.218.97.0/24,3970,0
2021-10-12 15:04:59+00:00,delete,2001:43f8:df1::/48,3970,0
2021-10-13 01:14:16+00:00,create,102.218.97.0/24,3970,24
2021-10-13 03:51:48+00:00,create,2001:43f8:df1::/48,3970,48
2021-10-13 12:01:26+00:00,delete,102.218.97.0/24,3970,0
2021-10-13 16:51:52+00:00,delete,2001:43f8:df1::/48,3970,0
2021-10-14 03:17:56+00:00,create,102.218.97.0/24,3970,24
2021-10-14 05:39:43+00:00,create,2001:43f8:df1::/48,3970,48
2021-10-14 15:14:02+00:00,delete,2001:43f8:df1::/48,3970,0
2021-10-14 15:25:47+00:00,delete,102.218.97.0/24,3970,0
2021-10-15 01:17:56+00:00,create,2001:43f8:df1::/48,3970,48
2021-10-15 04:17:06+00:00,create,102.218.97.0/24,3970,24
2021-10-15 12:06:51+00:00,delete,2001:43f8:df1::/48,3970,0
2021-10-15 17:34:29+00:00,delete,102.218.97.0/24,3970,0
2021-10-16 01:05:28+00:00,create,2001:43f8:df1::/48,3970,48
2021-10-16 05:47:03+00:00,create,102.218.97.0/24,3970,24
2021-10-16 15:53:44+00:00,delete,102.218.97.0/24,3970,0
2021-10-16 16:12:18+00:00,delete,2001:43f8:df1::/48,3970,0
2021-10-17 03:27:04+00:00,create,102.218.97.0/24,3970,24
2021-10-17 05:33:17+00:00,create,2001:43f8:df1::/48,3970,48
2021-10-17 15:18:00+00:00,delete,102.218.97.0/24,3970,0
2021-10-17 17:58:20+00:00,delete,2001:43f8:df1::/48,3970,0
2021-10-18 00:04:43+00:00,create,2001:43f8:df1::/48,3970,48
2021-10-18 03:35:44+00:00,create,102.218.97.0/24,3970,24
2021-10-18 13:59:23+00:00,delete,2001:43f8:df1::/48,3970,0
2021-10-18 17:32:57+00:00,delete,102.218.97.0/24,3970,0
2021-10-19 01:01:22+00:00,create,102.218.97.0/24,3970,24
2021-10-19 04:15:02+00:00,create,2001:43f8:df1::/48,3970,48
2021-10-19 16:38:29+00:00,delete,2001:43f8:df1::/48,3970,0
2021-10-19 17:11:29+00:00,delete,102.218.97.0/24,3970,0
2021-10-20 00:42:31+00:00,create,102.218.97.0/24,3970,24
2021-10-20 05:21:57+00:00,create,2001:43f8:df1::/48,3970,48
2021-10-20 13:18:39+00:00,delete,2001:43f8:df1::/48,3970,0
2021-10-20 13:37:12+00:00,delete,102.218.97.0/24,3970,0
2021-10-21 04:30:06+00:00,create,2001:43f8:df1::/48,3970,48
2021-10-21 14:14:22+00:00,delete,2001:43f8:df1::/48,3970,0
2021-10-22 02:02:21+00:00,create,102.218.97.0/24,3970,24
2021-10-22 02:16:26+00:00,create,2001:43f8:df1::/48,3970,48
2021-11-13 00:04:24+00:00,create,102.218.97.0/24,3970,24
2021-11-13 00:46:28+00:00,create,2001:43f8:df1::/48,3970,48
2021-11-13 12:45:08+00:00,delete,2001:43f8:df1::/48,3970,0
2021-11-13 15:06:05+00:00,delete,102.218.97.0/24,3970,0
2021-11-14 02:45:57+00:00,create,2001:43f8:df1::/48,3970,48
2021-11-14 02:51:48+00:00,create,102.218.97.0/24,3970,24
2021-11-14 15:28:20+00:00,delete,2001:43f8:df1::/48,3970,0
2021-11-14 16:45:41+00:00,delete,102.218.97.0/24,3970,0
2021-11-15 03:35:14+00:00,create,102.218.97.0/24,3970,24
2021-11-15 05:07:33+00:00,create,2001:43f8:df1::/48,3970,48
2021-11-15 13:56:54+00:00,delete,2001:43f8:df1::/48,3970,0
2021-11-15 17:42:45+00:00,delete,102.218.97.0/24,3970,0
2021-11-16 00:55:05+00:00,create,102.218.97.0/24,3970,24
2021-11-16 05:29:36+00:00,create,2001:43f8:df1::/48,3970,48
2021-11-16 12:35:19+00:00,delete,102.218.97.0/24,3970,0
2021-11-16 13:42:47+00:00,delete,2001:43f8:df1::/48,3970,0
2021-11-17 02:31:29+00:00,create,2001:43f8:df1::/48,3970,48
2021-11-17 05:07:52+00:00,create,102.218.97.0/24,3970,24
2021-11-17 16:00:03+00:00,delete,102.218.97.0/24,3970,0
2021-11-17 17:57:21+00:00,delete,2001:43f8:df1::/48,3970,0
2021-11-18 01:46:29+00:00,create,2001:43f8:df1::/48,3970,48
2021-11-18 04:48:28+00:00,create,102.218.97.0/24,3970,24
2021-11-18 13:21:17+00:00,delete,2001:43f8:df1::/48,3970,0
2021-11-18 13:22:05+00:00,delete,102.218.97.0/24,3970,0
2021-11-19 00:46:07+00:00,create,2001:43f8:df1::/48,3970,48
2021-11-19 02:15:26+00:00,create,102.218.97.0/24,3970,24
2021-11-19 16:08:07+00:00,delete,2001:43f8:df1::/48,3970,0
2021-11-19 16:20:36+00:00,delete,102.218.97.0/24,3970,0
2021-11-20 00:01:44+00:00,create,2001:43f8:df1::/48,3970,48
2021-11-20 02:09:16+00:00,create,102.218.97.0/24,3970,24
2021-11-20 13:36:44+00:00,delete,102.218.97.0/24,3970,0
2021-11-20 16:16:38+00:00,delete,2001:43f8:df1::/48,3970,0
2021-11-21 04:32:08+00:00,create,102.218.97.0/24,3970,24
2021-11-21 04:53:33+00:00,create,2001:43f8:df1::/48,3970,48
2021-11-21 17:04:25+00:00,delete,2001:43f8:df1::/48,3970,0
2021-11-21 17:52:46+00:00,delete,102.218.97.0/24,3970,0
2021-11-22 04:45:53+00:00,create,2001:43f8:df1::/48,3970,48
2021-11-22 05:34:51+00:00,create,102.218.97.0/24,3970,24
2021-11-22 16:20:59+00:00,delete,102.218.97.0/24,3970,0
2021-11-22 17:11:41+00:00,delete,2001:43f8:df1::/48,3970,0
2021-11-23 02:00:22+00:00,create,2001:43f8:df1::/48,3970,48
2021-11-23 05:57:29+00:00,create,102.218.97.0/24,3970,24
2021-11-23 13:35:40+00:00,delete,102.218.97.0/24,3970,0
2021-11-23 15:21:26+00:00,delete,2001:43f8:df1::/48,3970,0
2021-12-03 01:06:55+00:00,create,102.218.97.0/24,3970,24
2021-12-03 01:07:06+00:00,create,2001:43f8:df1::/48,3970,48
2021-12-03 15:08:18+00:00,delete,102.218.97.0/24,3970,0
2021-12-03 17:56:09+00:00,delete,2001:43f8:df1::/48,3970,0
2021-12-04 00:01:33+00:00,create,2001:43f8:df1::/48,3970,48
2021-12-04 01:44:35+00:00,create,102.218.97.0/24,3970,24
2021-12-04 13:33:46+00:00,delete,102.218.97.0/24,3970,0
2021-12-04 16:44:58+00:00,delete,2001:43f8:df1::/48,3970,0
2021-12-05 01:03:04+00:00,create,102.218.97.0/24,3970,24
2021-12-05 05:32:00+00:00,create,2001:43f8:df1::/48,3970,48
2021-12-05 12:31:08+00:00,delete,102.218.97.0/24,3970,0
2021-12-05 16:20:26+00:00,delete,2001:43f8:df1::/48,3970,0
2021-12-06 00:24:57+00:00,create,102.218.97.0/24,3970,24
2021-12-06 05:17:13+00:00,create,2001:43f8:df1::/48,3970,48
2021-12-06 12:39:45+00:00,delete,2001:43f8:df1::/48,3970,0
2021-12-06 16:53:53+00:00,delete,102.218.97.0/24,3970,0
2021-12-07 01:01:04+00:00,create,102.218.97.0/24,3970,24
2021-12-07 02:54:24+00:00,create,2001:43f8:df1::/48,3970,48
2021-12-07 15:09:56+00:00,delete,2001:43f8:df1::/48,3970,0
2021-12-07 15:31:13+00:00,delete,102.218.97.0/24,3970,0
2021-12-08 04:28:50+00:00,create,2001:43f8:df1::/48,3970,48
2021-12-08 04:52:04+00:00,create,102.218.97.0/24,3970,24
2021-12-08 12:50:18+00:00,delete,2001:43f8:df1::/48,3970,0
2021-12-08 16:15:17+00:00,delete,102.218.97.0/24,3970,0
2021-12-09 03:07:35+00:00,create,2001:43f8:df1::/48,3970,48
2021-12-09 04:37:07+00:00,create,102.218.97.0/24,3970,24
2021-12-09 14:45:58+00:00,delete,2001:43f8:df1::/48,3970,0
2021-12-09 16:19:09+00:00,delete,102.218.97.0/24,3970,0
2021-12-10 01:50:35+00:00,create,2001:43f8:df1::/48,3970,48
2021-12-10 02:51:33+00:00,create,102.218.97.0/24,3970,24
2021-12-10 13:04:00+00:00,delete,2001:43f8:df1::/48,3970,0
2021-12-10 14:13:13+00:00,delete,102.218.97.0/24,3970,0
2021-12-11 01:35:36+00:00,create,2001:43f8:df1::/48,3970,48
2021-12-11 03:00:33+00:00,create,102.218.97.0/24,3970,24
2021-12-11 13:28:26+00:00,delete,2001:43f8:df1::/48,3970,0
2021-12-11 15:34:51+00:00,delete,102.218.97.0/24,3970,0
2021-12-12 00:19:42+00:00,create,2001:43f8:df1::/48,3970,48
2021-12-12 01:51:37+00:00,create,102.218.97.0/24,3970,24
2021-12-25 02:18:24+00:00,create,102.218.97.0/24,3970,24
2021-12-25 02:33:10+00:00,create,2001:43f8:df1::/48,3970,48
2021-12-25 15:31:12+00:00,delete,2001:43f8:df1::/48,3970,0
2021-12-25 16:24:16+00:00,delete,102.218.97.0/24,3970,0
2021-12-26 02:51:59+00:00,create,2001:43f8:df1::/48,3970,48
2021-12-26 03:53:25+00:00,create,102.218.97.0/24,3970,24
2021-12-26 12:43:24+00:00,delete,102.218.97.0/24,3970,0
2021-12-26 17:54:53+00:00,delete,2001:43f8:df1::/48,3970,0
2021-12-27 04:24:37+00:00,create,102.218.97.0/24,3970,24
2021-12-27 14:42:45+00:00,delete,102.218.97.0/24,3970,0
2021-12-28 05:11:32+00:00,create,102.218.97.0/24,3970,24
2021-12-28 14:45:39+00:00,delete,102.218.97.0/24,3970,0
2021-12-29 00:45:30+00:00,create,102.218.97.0/24,3970,24
2021-12-29 05:14:00+00:00,create,2001:43f8:df1::/48,3970,48
2021-12-29 12:10:17+00:00,delete,102.218.97.0/24,3970,0
2021-12-29 12:29:22+00:00,delete,2001:43f8:df1::/48,3970,0
2021-12-30 01:26:06+00:00,create,102.218.97.0/24,3970,24
2021-12-30 02:20:19+00:00,create,2001:43f8:df1::/48,3970,48
2021-12-30 15:13:30+00:00,delete,102.218.97.0/24,3970,0
2021-12-30 17:19:08+00:00,delete,2001:43f8:df1::/48,3970,0
2021-12-31 01:41:31+00:00,create,102.218.97.0/24,3970,24
2021-12-31 05:46:20+00:00,create,2001:43f8:df1::/48,3970,48
2021-12-31 12:12:28+00:00,delete,102.218.97.0/24,3970,0
2021-12-31 14:27:04+00:00,delete,2001:43f8:df1::/48,3970,0
2022-01-01 00:49:59+00:00,create,2001:43f8:df1::/48,3970,48
2022-01-01 03:18:22+00:00,create,102.218.97.0/24,3970,24
2022-01-01 12:57:23+00:00,delete,2001:43f8:df1::/48,3970,0
2022-01-01 17:10:23+00:00,delete,102.218.97.0/24,3970,0
2022-01-02 05:21:53+00:00,create,102.218.97.0/24,3970,24
2022-01-02 05:25:39+00:00,create,2001:43f8:df1::/48,3970,48
2022-01-02 12:55:49+00:00,delete,2001:43f8:df1::/48,3970,0
2022-01-02 16:51:13+00:00,delete,102.218.97.0/24,3970,0
2022-01-03 02:57:33+00:00,create,2001:43f8:df1::/48,3970,48
2022-01-03 04:35:38+00:00,create,102.218.97.0/24,3970,24
2022-01-03 12:50:03+00:00,delete,102.218.97.0/24,3970,0
2022-01-03 12:54:56+00:00,delete,2001:43f8:df1::/48,3970,0
2022-01-04 02:23:31+00:00,create,2001:43f8:df1::/48,3970,48
2022-01-04 05:20:01+00:00,create,102.218.97.0/24,3970,24
2022-01-04 13:57:51+00:00,delete,102.218.97.0/24,3970,0
2022-01-04 14:21:28+00:00,delete,2001:43f8:df1::/48,3970,0
2022-01-05 04:22:34+00:00,create,2001:43f8:df1::/48,3970,48
2022-01-05 05:25:40+00:00,create,102.218.97.0/24,3970,24
2022-01-05 12:22:37+00:00,delete,2001:43f8:df1::/48,3970,0
2022-01-05 17:53:35+00:00,delete,102.218.97.0/24,3970,0
2022-01-06 00:47:04+00:00,create,2001:43f8:df1::/48,3970,48
2022-01-06 02:05:55+00:00,create,102.218.97.0/24,3970,24
2022-01-06 13:22:42+00:00,delete,2001:43f8:df1::/48,3970,0
2022-01-06 14:58:28+00:00,delete,102.218.97.0/24,3970,0
2022-01-07 02:23:58+00:00,create,2001:43f8:df1::/48,3970,48
2022-01-07 03:01:13+00:00,create,102.218.97.0/24,3970,24
2022-01-07 12:06:02+00:00,delete,2001:43f8:df1::/48,3970,0
2022-01-07 12:14:42+00:00,delete,102.218.97.0/24,3970,0
2022-01-08 00:53:05+00:00,create,2001:43f8:df1::/48,3970,48
2022-01-08 02:08:01+00:00,create,102.218.97.0/24,3970,24
2022-01-08 15:13:43+00:00,delete,102.218.97.0/24,3970,0
2022-01-08 17:15:28+00:00,delete,2001:43f8:df1::/48,3970,0
2022-01-09 02:26:12+00:00,create,2001:43f8:df1::/48,3970,48
2022-01-09 03:13:06+00:00,create,102.218.97.0/24,3970,24
2022-01-09 12:07:55+00:00,delete,2001:43f8:df1::/48,3970,0
2022-01-09 16:54:47+00:00,delete,102.218.97.0/24,3970,0
2022-01-10 01:08:51+00:00,create,102.218.97.0/24,3970,24
2022-01-10 02:01:59+00:00,create,2001:43f8:df1::/48,3970,48
2022-01-10 16:12:44+00:00,delete,102.218.97.0/24,3970,0
2022-01-10 17:13:48+00:00,delete,2001:43f8:df1::/48,3970,0
2022-01-11 00:16:20+00:00,create,102.218.97.0/24,3970,24
2022-01-11 03:23:50+00:00,create,2001:43f8:df1::/48,3970,48
2022-01-11 12:04:15+00:00,delete,102.218.97.0/24,3970,0
2022-01-11 12:48:34+00:00,delete,2001:43f8:df1::/48,3970,0
2022-01-12 02:24:52+00:00,create,102.218.97.0/24,3970,24
2022-01-12 03:53:17+00:00,create,2001:43f8:df1::/48,3970,48
2022-01-12 14:59:31+00:00,delete,2001:43f8:df1::/48,3970,0
2022-01-12 15:14:38+00:00,delete,102.218.97.0/24,3970,0
2022-01-13 02:12:18+00:00,create,102.218.97.0/24,3970,24
2022-01-13 05:26:52+00:00,create,2001:43f8:df1::/48,3970,48
2022-01-13 12:10:57+00:00,delete,102.218.97.0/24,3970,0
2022-01-13 13:43:21+00:00,delete,2001:43f8:df1::/48,3970,0
2022-01-14 00:57:14+00:00,create,102.218.97.0/24,3970,24
2022-01-14 04:31:44+00:00,create,2001:43f8:df1::/48,3970,48
2022-01-14 12:47:34+00:00,delete,2001:43f8:df1::/48,3970,0
2022-01-14 13:29:20+00:00,delete,102.218.97.0/24,3970,0
2022-01-15 00:27:25+00:00,create,102.218.97.0/24,3970,24
2022-01-15 01:06:04+00:00,create,2001:43f8:df1::/48,3970,48
2022-01-15 15:44:06+00:00,delete,2001:43f8:df1::/48,3970,0
2022-01-15 17:34:53+00:00,delete,102.218.97.0/24,3970,0
2022-01-16 00:20:04+00:00,create,2001:43f8:df1::/48,3970,48
2022-01-16 05:18:06+00:00,create,102.218.97.0/24,3970,24
2022-01-16 17:36:55+00:00,delete,102.218.97.0/24,3970,0
2022-01-16 17:41:05+00:00,delete,2001:43f8:df1::/48,3970,0
2022-01-17 03:19:46+00:00,create,102.218.97.0/24,3970,24
2022-01-17 05:00:46+00:00,create,2001:43f8:df1::/48,3970,48
2022-01-17 14:23:26+00:00,delete,2001:43f8:df1::/48,3970,0
2022-01-17 14:25:57+00:00,delete,102.218.97.0/24,3970,0
2022-01-18 00:03:15+00:00,create,2001:43f8:df1::/48,3970,48
2022-01-18 05:47:56+00:00,create,102.218.97.0/24,3970,24
2022-01-18 16:33:44+00:00,delete,2001:43f8:df1::/48,3970,0
2022-01-18 17:08:40+00:00,delete,102.218.97.0/24,3970,0
2022-01-19 01:04:48+00:00,create,2001:43f8:df1::/48,3970,48
2022-01-19 03:14:47+00:00,create,102.218.97.0/24,3970,24
2022-01-19 12:46:58+00:00,delete,102.218.97.0/24,3970,0
2022-01-19 16:45:54+00:00,delete,2001:43f8:df1::/48,3970,0
2022-01-20 00:44:20+00:00,create,2001:43f8:df1::/48,3970,48
2022-01-20 03:19:23+00:00,create,102.218.97.0/24,3970,24
2022-01-20 15:52:29+00:00,delete,2001:43f8:df1::/48,3970,0
2022-01-20 16:16:06+00:00,delete,102.218.97.0/24,3970,0
2022-01-21 01:15:51+00:00,create,2001:43f8:df1::/48,3970,48
2022-01-31 01:59:15+00:00,create,102.218.97.0/24,3970,24
2022-01-31 14:27:25+00:00,delete,102.218.97.0/24,3970,0
2022-02-01 03:12:27+00:00,create,2001:43f8:df1::/48,3970,48
2022-02-01 05:27:50+00:00,create,102.218.97.0/24,3970,24
2022-02-01 13:10:23+00:00,delete,2001:43f8:df1::/48,3970,0
2022-02-01 17:24:18+00:00,delete,102.218.97.0/24,3970,0
2022-02-02 02:21:41+00:00,create,102.218.97.0/24,3970,24
2022-02-02 03:30:03+00:00,create,2001:43f8:df1::/48,3970,48
2022-02-02 13:12:10+00:00,delete,2001:43f8:df1::/48,3970,0
2022-02-02 14:10:40+00:00,delete,102.218.97.0/24,3970,0
2022-02-03 00:09:13+00:00,create,2001:43f8:df1::/48,3970,48
2022-02-03 00:21:45+00:00,create,102.218.97.0/24,3970,24
2022-02-03 15:20:58+00:00,delete,102.218.97.0/24,3970,0
2022-02-03 16:24:53+00:00,delete,2001:43f8:df1::/48,3970,0
2022-02-04 00:14:48+00:00,create,2001:43f8:df1::/48,3970,48
2022-02-04 01:31:21+00:00,create,102.218.97.0/24,3970,24
2022-02-04 16:08:17+00:00,delete,2001:43f8:df1::/48,3970,0
2022-02-04 17:46:08+00:00,delete,102.218.97.0/24,3970,0
2022-02-05 01:12:39+00:00,create,2001:43f8:df1::/48,3970,48
2022-02-05 03:06:14+00:00,create,102.218.97.0/24,3970,24
2022-02-05 12:56:15+00:00,delete,102.218.97.0/24,3970,0
2022-02-05 16:31:54+00:00,delete,2001:43f8:df1::/48,3970,0
2022-02-06 00:10:23+00:00,create,102.218.97.0/24,3970,24
2022-02-06 01:28:11+00:00,create,2001:43f8:df1::/48,3970,48
2022-02-06 12:34:58+00:00,delete,102.218.97.0/24,3970,0
2022-02-06 17:22:15+00:00,delete,2001:43f8:df1::/48,3970,0
2022-02-07 03:35:14+00:00,create,2001:43f8:df1::/48,3970,48
2022-02-07 05:33:37+00:00,create,102.218.97.0/24,3970,24
2022-02-07 17:09:17+00:00,delete,2001:43f8:df1::/48,3970,0
2022-02-07 17:13:30+00:00,delete,102.218.97.0/24,3970,0
2022-02-08 02:28:55+00:00,create,102.218.97.0/24,3970,24
2022-02-08 04:33:58+00:00,create,2001:43f8:df1::/48,3970,48
2022-02-08 13:06:54+00:00,delete,2001:43f8:df1::/48,3970,0
2022-02-08 16:50:10+00:00,delete,102.218.97.0/24,3970,0
2022-02-09 02:51:15+00:00,create,2001:43f8:df1::/48,3970,48
2022-02-09 15:27:28+00:00,delete,2001:43f8:df1::/48,3970,0
2022-02-10 02:15:53+00:00,create,102.218.97.0/24,3970,24
2022-02-10 05:13:56+00:00,create,2001:43f8:df1::/48,3970,48
2022-02-10 13:47:47+00:00,delete,2001:43f8:df1::/48,3970,0
2022-02-10 17:01:01+00:00,delete,102.218.97.0/24,3970,0
2022-02-11 00:32:56+00:00,create,2001:43f8:df1::/48,3970,48
2022-02-11 02:22:41+00:00,create,102.218.97.0/24,3970,24
2022-02-11 16:51:50+00:00,delete,102.218.97.0/24,3970,0
2022-02-11 17:28:47+00:00,delete,2001:43f8:df1::/48,3970,0
2022-02-12 00:47:23+00:00,create,102.218.97.0/24,3970,24
2022-02-12 01:32:09+00:00,create,2001:43f8:df1::/48,3970,48
2022-02-12 12:47:33+00:00,delete,2001:43f8:df1::/48,3970,0
2022-02-12 15:18:00+00:00,delete,102.218.97.0/24,3970,0
2022-02-13 04:06:45+00:00,create,2001:43f8:df1::/48,3970,48
2022-02-13 04:20:49+00:00,create,102.218.97.0/24,3970,24
2022-02-13 14:20:36+00:00,delete,2001:43f8:df1::/48,3970,0
2022-02-13 15:33:27+00:00,delete,102.218.97.0/24,3970,0
2022-02-14 03:52:02+00:00,create,2001:43f8:df1::/48,3970,48
2022-02-14 05:59:18+00:00,create,102.218.97.0/24,3970,24
2022-02-14 12:25:01+00:00,delete,2001:43f8:df1::/48,3970,0
2022-02-14 14:49:11+00:00,delete,102.218.97.0/24,3970,0
2022-02-15 05:39:10+00:00,create,102.218.97.0/24,3970,24
2022-02-15 05:55:43+00:00,create,2001:43f8:df1::/48,3970,48
2022-02-15 12:07:11+00:00,delete,2001:43f8:df1::/48,3970,0
2022-02-15 16:00:11+00:00,delete,102.218.97.0/24,3970,0
2022-02-16 00:58:13+00:00,create,2001:43f8:df1::/48,3970,48
2022-02-16 04:24:01+00:00,create,102.218.97.0/24,3970,24
2022-02-16 12:00:57+00:00,delete,2001:43f8:df1::/48,3970,0
2022-02-16 15:34:05+00:00,delete,102.218.97.0/24,3970,0
2022-02-17 02:02:01+00:00,create,2001:43f8:df1::/48,3970,48
2022-02-17 05:48:58+00:00,create,102.218.97.0/24,3970,24
2022-02-17 14:11:33+00:00,delete,2001:43f8:df1::/48,3970,0
2022-02-17 17:42:32+00:00,delete,102.218.97.0/24,3970,0
2022-02-18 02:46:18+00:00,create,2001:43f8:df1::/48,3970,48
2022-02-18 06:00:33+00:00,create,102.218.97.0/24,3970,24
2022-02-18 12:32:09+00:00,delete,102.218.97.0/24,3970,0
2022-02-18 13:00:29+00:00,delete,2001:43f8:df1::/48,3970,0
2022-02-19 02:01:54+00:00,create,102.218.97.0/24,3970,24
2022-02-19 02:08:05+00:00,create,2001:43f8:df1::/48,3970,48
2022-02-19 14:06:07+00:00,delete,102.218.97.0/24,3970,0
2022-02-19 17:23:17+00:00,delete,2001:43f8:df1::/48,3970,0
2022-02-20 02:04:34+00:00,create,102.218.97.0/24,3970,24
2022-02-20 03:09:21+00:00,create,2001:43f8:df1::/48,3970,48
2022-02-20 12:58:09+00:00,delete,2001:43f8:df1::/48,3970,0
2022-02-20 13:40:13+00:00,delete,102.218.97.0/24,3970,0
2022-02-21 00:37:04+00:00,create,2001:43f8:df1::/48,3970,48
2022-02-21 05:08:37+00:00,create,102.218.97.0/24,3970,24
2022-02-21 14:21:20+00:00,delete,102.218.97.0/24,3970,0
2022-02-21 14:49:57+00:00,delete,2001:43f8:df1::/48,3970,0
2022-02-22 04:23:43+00:00,create,2001:43f8:df1::/48,3970,48
2022-02-22 05:45:08+00:00,create,102.218.97.0/24,3970,24
2022-02-22 16:47:15+00:00,delete,102.218.97.0/24,3970,0
2022-02-22 17:03:10+00:00,delete,2001:43f8:df1::/48,3970,0
2022-02-23 01:30:45+00:00,create,2001:43f8:df1::/48,3970,48
2022-02-23 04:24:29+00:00,create,102.218.97.0/24,3970,24
2022-02-23 13:31:46+00:00,delete,2001:43f8:df1::/48,3970,0
2022-02-23 13:36:23+00:00,delete,102.218.97.0/24,3970,0
2022-02-24 00:39:59+00:00,create,2001:43f8:df1::/48,3970,48
2022-02-24 01:36:18+00:00,create,102.218.97.0/24,3970,24
2022-02-24 13:16:24+00:00,delete,102.218.97.0/24,3970,0
2022-02-24 14:53:24+00:00,delete,2001:43f8:df1::/48,3970,0
2022-02-25 00:54:03+00:00,create,102.218.97.0/24,3970,24
2022-02-25 04:22:46+00:00,create,2001:43f8:df1::/48,3970,48
2022-02-25 13:55:56+00:00,delete,2001:43f8:df1::/48,3970,0
2022-02-25 16:42:05+00:00,delete,102.218.97.0/24,3970,0
2022-02-26 01:31:56+00:00,create,102.218.97.0/24,3970,24
2022-02-26 17:18:49+00:00,delete,102.218.97.0/24,3970,0
2022-02-27 01:08:12+00:00,create,2001:43f8:df1::/48,3970,48
2022-02-27 03:54:11+00:00,create,102.218.97.0/24,3970,24
2022-02-27 13:19:57+00:00,delete,2001:43f8:df1::/48,3970,0
2022-02-27 16:43:47+00:00,delete,102.218.97.0/24,3970,0
2022-02-28 03:04:24+00:00,create,102.218.97.0/24,3970,24
2022-02-28 04:48:11+00:00,create,2001:43f8:df1::/48,3970,48
2022-02-28 13:57:50+00:00,delete,102.218.97.0/24,3970,0
2022-02-28 17:39:42+00:00,delete,2001:43f8:df1::/48,3970,0
2022-03-01 04:06:40+00:00,create,102.218.97.0/24,3970,24
2022-03-01 04:14:15+00:00,create,2001:43f8:df1::/48,3970,48
2022-03-01 15:16:40+00:00,delete,102.218.97.0/24,3970,0
2022-03-01 17:22:00+00:00,delete,2001:43f8:df1::/48,3970,0
2022-03-15 00:08:23+00:00,create,2001:43f8:df1::/48,3970,48
2022-03-15 01:26:33+00:00,create,102.218.97.0/24,3970,24
2022-03-15 12:28:06+00:00,delete,102.218.97.0/24,3970,0
2022-03-15 16:04:53+00:00,delete,2001:43f8:df1::/48,3970,0
2022-03-16 03:22:08+00:00,create,2001:43f8:df1::/48,3970,48
2022-03-16 16:36:13+00:00,delete,2001:43f8:df1::/48,3970,0
2022-03-17 00:58:29+00:00,create,2001:43f8:df1::/48,3970,48
2022-03-17 02:26:59+00:00,create,102.218.97.0/24,3970,24
2022-03-17 15:57:24+00:00,delete,2001:43f8:df1::/48,3970,0
2022-03-17 16:34:43+00:00,delete,102.218.97.0/24,3970,0
2022-03-18 02:08:55+00:00,create,102.218.97.0/24,3970,24
2022-03-18 03:57:07+00:00,create,2001:43f8:df1::/48,3970,48
2022-03-18 13:37:16+00:00,delete,2001:43f8:df1::/48,3970,0
2022-03-18 16:09:45+00:00,delete,102.218.97.0/24,3970,0
2022-03-19 00:08:19+00:00,create,2001:43f8:df1::/48,3970,48
2022-03-19 03:17:26+00:00,create,102.218.97.0/24,3970,24
2022-03-19 12:42:23+00:00,delete,2001:43f8:df1::/48,3970,0
2022-03-19 14:48:16+00:00,delete,102.218.97.0/24,3970,0
2022-03-20 00:22:16+00:00,create,2001:43f8:df1::/48,3970,48
2022-03-20 02:29:37+00:00,create,102.218.97.0/24,3970,24
2022-03-20 15:45:47+00:00,delete,2001:43f8:df1::/48,3970,0
2022-03-20 17:16:35+00:00,delete,102.218.97.0/24,3970,0
2022-03-21 03:45:08+00:00,create,2001:43f8:df1::/48,3970,48
2022-03-21 04:18:03+00:00,create,102.218.97.0/24,3970,24
2022-03-21 13:26:53+00:00,delete,2001:43f8:df1::/48,3970,0
2022-03-21 14:45:07+00:00,delete,102.218.97.0/24,3970,0
2022-03-22 00:30:20+00:00,create,102.218.97.0/24,3970,24
2022-03-22 02:32:48+00:00,create,2001:43f8:df1::/48,3970,48
2022-03-22 14:46:19+00:00,delete,102.218.97.0/24,3970,0
2022-03-22 15:07:26+00:00,delete,2001:43f8:df1::/48,3970,0
2022-03-23 02:45:04+00:00,create,102.218.97.0/24,3970,24
2022-03-23 02:57:47+00:00,create,2001:43f8:df1::/48,3970,48
2022-03-23 14:11:25+00:00,delete,2001:43f8:df1::/48,3970,0
2022-03-23 14:31:35+00:00,delete,102.218.97.0/24,3970,0
2022-03-24 00:22:51+00:00,create,2001:43f8:df1::/48,3970,48
2022-03-24 03:32:33+00:00,create,102.218.97.0/24,3970,24
2022-03-24 13:01:19+00:00,delete,102.218.97.0/24,3970,0
2022-03-24 16:43:52+00:00,delete,2001:43f8:df1::/48,3970,0
2022-03-25 01:50:19+00:00,create,102.218.97.0/24,3970,24
2022-03-25 05:07:48+00:00,create,2001:43f8:df1::/48,3970,48
2022-03-25 17:00:24+00:00,delete,102.218.97.0/24,3970,0
2022-03-25 17:10:35+00:00,delete,2001:43f8:df1::/48,3970,0
2022-03-26 00:59:01+00:00,create,2001:43f8:df1::/48,3970,48
2022-03-26 04:52:40+00:00,create,102.218.97.0/24,3970,24
2022-03-26 12:20:26+00:00,delete,102.218.97.0/24,3970,0
2022-03-26 17:52:48+00:00,delete,2001:43f8:df1::/48,3970,0
2022-03-27 03:10:49+00:00,create,2001:43f8:df1::/48,3970,48
2022-03-27 03:21:10+00:00,create,102.218.97.0/24,3970,24
2022-03-27 12:13:06+00:00,delete,2001:43f8:df1::/48,3970,0
2022-03-27 13:29:48+00:00,delete,102.218.97.0/24,3970,0
2022-03-28 01:46:54+00:00,create,2001:43f8:df1::/48,3970,48
2022-03-28 02:13:45+00:00,create,102.218.97.0/24,3970,24
2022-03-28 14:54:59+00:00,delete,102.218.97.0/24,3970,0
2022-03-28 15:51:33+00:00,delete,2001:43f8:df1::/48,3970,0
2022-03-29 02:04:28+00:00,create,2001:43f8:df1::/48,3970,48
2022-03-29 05:37:05+00:00,create,102.218.97.0/24,3970,24
2022-03-29 13:46:15+00:00,delete,2001:43f8:df1::/48,3970,0
2022-03-29 13:46:37+00:00,delete,102.218.97.0/24,3970,0
2022-03-30 03:22:01+00:00,create,102.218.97.0/24,3970,24
2022-03-30 04:41:27+00:00,create,2001:43f8:df1::/48,3970,48
2022-03-30 12:48:15+00:00,delete,2001:43f8:df1::/48,3970,0
2022-03-30 17:12:17+00:00,delete,102.218.97.0/24,3970,0
2022-03-31 01:15:57+00:00,create,102.218.97.0/24,3970,24
2022-03-31 12:10:32+00:00,delete,102.218.97.0/24,3970,0
2022-04-01 04:18:03+00:00,create,2001:43f8:df1::/48,3970,48
2022-04-01 05:41:17+00:00,create,102.218.97.0/24,3970,24
2022-04-01 16:43:04+00:00,delete,2001:43f8:df1::/48,3970,0
2022-04-01 17:11:43+00:00,delete,102.218.97.0/24,3970,0
2022-04-02 05:01:21+00:00,create,102.218.97.0/24,3970,24
2022-04-02 05:15:56+00:00,create,2001:43f8:df1::/48,3970,48
2022-04-02 13:26:55+00:00,delete,2001:43f8:df1::/48,3970,0
2022-04-02 14:08:44+00:00,delete,102.218.97.0/24,3970,0
2022-04-04 01:01:26+00:00,create,102.218.97.0/24,3970,24
2022-04-04 03:25:10+00:00,create,2001:43f8:df1::/48,3970,48
2022-04-04 14:17:15+00:00,delete,2001:43f8:df1::/48,3970,0
2022-04-04 17:55:47+00:00,delete,102.218.97.0/24,3970,0
2022-04-05 02:02:58+00:00,create,102.218.97.0/24,3970,24
2022-04-05 05:23:01+00:00,create,2001:43f8:df1::/48,3970,48
2022-04-05 16:34:14+00:00,delete,2001:43f8:df1::/48,3970,0
2022-04-05 16:52:28+00:00,delete,102.218.97.0/24,3970,0
2022-04-06 03:03:27+00:00,create,102.218.97.0/24,3970,24
2022-04-06 03:59:54+00:00,create,2001:43f8:df1::/48,3970,48
2022-04-06 12:37:52+00:00,delete,102.218.97.0/24,3970,0
2022-04-06 17:47:50+00:00,delete,2001:43f8:df1::/48,3970,0
2022-04-07 03:39:27+00:00,create,102.218.97.0/24,3970,24
2022-04-07 15:46:58+00:00,delete,102.218.97.0/24,3970,0
2022-04-08 00:29:23+00:00,create,2001:43f8:df1::/48,3970,48
2022-04-08 01:46:50+00:00,create,102.218.97.0/24,3970,24
2022-04-08 05:18:34+00:00,delete,2001:43f8:df1::/48,3970,0
2022-04-08 05:19:40+00:00,delete,102.218.97.0/24,3970,0
2022-04-09 06:42:42+00:00,create,102.218.97.0/24,3970,24
2022-04-09 11:49:20+00:00,create,2001:43f8:df1::/48,3970,48
2022-04-09 21:35:25+00:00,delete,102.218.97.0/24,3970,0
2022-04-09 22:24:41+00:00,delete,2001:43f8:df1::/48,3970,0
2022-04-10 08:10:53+00:00,create,102.218.97.0/24,3970,24
2022-04-10 08:14:37+00:00,create,2001:43f8:df1::/48,3970,48
2022-04-10 19:41:36+00:00,delete,102.218.97.0/24,3970,0
2022-04-10 21:48:37+00:00,delete,2001:43f8:df1::/48,3970,0
2022-04-11 07:19:00+00:00,create,102.218.97.0/24,3970,24
2022-04-11 09:30:13+00:00,create,2001:43f8:df1::/48,3970,48
2022-04-11 22:58:28+00:00,delete,102.218.97.0/24,3970,0
2022-04-11 23:14:35+00:00,delete,2001:43f8:df1::/48,3970,0
2022-04-12 09:52:42+00:00,create,2001:43f8:df1::/48,3970,48
2022-04-12 10:12:07+00:00,create,102.218.97.0/24,3970,24
2022-04-12 19:44:09+00:00,delete,2001:43f8:df1::/48,3970,0
2022-04-12 20:42:13+00:00,delete,102.218.97.0/24,3970,0
2022-04-14 07:03:37+00:00,create,2001:43f8:df1::/48,3970,48
2022-04-14 08:26:47+00:00,create,102.218.97.0/24,3970,24
2022-04-14 18:20:10+00:00,delete,102.218.97.0/24,3970,0
2022-04-14 20:17:42+00:00,delete,2001:43f8:df1::/48,3970,0
2022-04-15 06:30:37+00:00,create,2001:43f8:df1::/48,3970,48
2022-04-15 08:08:33+00:00,create,102.218.97.0/24,3970,24
2022-04-15 18:58:13+00:00,delete,2001:43f8:df1::/48,3970,0
2022-04-16 06:52:31+00:00,create,102.218.97.0/24,3970,24
2022-04-16 09:56:16+00:00,create,2001:43f8:df1::/48,3970,48
2022-04-16 20:35:58+00:00,delete,102.218.97.0/24,3970,0
2022-04-16 23:43:27+00:00,delete,2001:43f8:df1::/48,3970,0
2022-04-17 07:02:29+00:00,create,2001:43f8:df1::/48,3970,48
2022-04-17 09:43:39+00:00,create,102.218.97.0/24,3970,24
2022-04-17 21:49:16+00:00,delete,102.218.97.0/24,3970,0
2022-04-17 23:25:02+00:00,delete,2001:43f8:df1::/48,3970,0
2022-04-18 07:47:56+00:00,create,2001:43f8:df1::/48,3970,48
2022-04-18 11:30:32+00:00,create,102.218.97.0/24,3970,24
2022-04-18 19:45:25+00:00,delete,2001:43f8:df1::/48,3970,0
2022-04-18 22:14:13+00:00,delete,102.218.97.0/24,3970,0
2022-04-19 07:07:10+00:00,create,102.218.97.0/24,3970,24
2022-04-19 10:26:50+00:00,create,2001:43f8:df1::/48,3970,48
2022-04-19 20:07:21+00:00,delete,102.218.97.0/24,3970,0
2022-04-19 23:04:50+00:00,delete,2001:43f8:df1::/48,3970,0
2022-04-20 07:58:20+00:00,create,102.218.97.0/24,3970,24
2022-04-20 11:09:23+00:00,create,2001:43f8:df1::/48,3970,48
2022-04-20 18:46:47+00:00,delete,102.218.97.0/24,3970,0
2022-04-20 20:34:45+00:00,delete,2001:43f8:df1::/48,3970,0
2022-04-21 09:39:04+00:00,create,2001:43f8:df1::/48,3970,48
2022-04-21 11:55:49+00:00,create,102.218.97.0/24,3970,24
2022-04-21 19:45:32+00:00,delete,2001:43f8:df1::/48,3970,0
2022-04-21 22:02:34+00:00,delete,102.218.97.0/24,3970,0
2022-04-22 06:26:11+00:00,create,2001:43f8:df1::/48,3970,48
2022-04-22 07:44:18+00:00,create,102.218.97.0/24,3970,24
2022-04-22 19:26:04+00:00,delete,102.218.97.0/24,3970,0
2022-04-22 21:46:24+00:00,delete,2001:43f8:df1::/48,3970,0
2022-04-23 07:08:05+00:00,create,102.218.97.0/24,3970,24
2022-04-23 08:38:01+00:00,create,2001:43f8:df1::/48,3970,48
2022-04-23 20:05:22+00:00,delete,2001:43f8:df1::/48,3970,0
2022-04-23 22:39:05+00:00,delete,102.218.97.0/24,3970,0
2022-04-24 06:01:14+00:00,create,102.218.97.0/24,3970,24
2022-04-24 09:51:45+00:00,create,2001:43f8:df1::/48,3970,48
2022-04-24 19:38:11+00:00,delete,102.218.97.0/24,3970,0
2022-04-24 20:55:19+00:00,delete,2001:43f8:df1::/48,3970,0
2022-04-25 06:12:29+00:00,create,2001:43f8:df1::/48,3970,48
2022-04-25 08:59:20+00:00,create,102.218.97.0/24,3970,24
2022-04-25 15:59:19+00:00,delete,102.218.97.0/24,3970,0
2022-04-25 16:20:29+00:00,delete,2001:43f8:df1::/48,3970,0
2022-04-26 04:16:21+00:00,create,2001:43f8:df1::/48,3970,48
2022-04-26 04:51:35+00:00,create,102.218.97.0/24,3970,24
2022-04-26 14:33:27+00:00,delete,2001:43f8:df1::/48,3970,0
2022-04-26 15:57:34+00:00,delete,102.218.97.0/24,3970,0
2022-04-27 05:17:02+00:00,create,102.218.97.0/24,3970,24
2022-04-27 05:32:48+00:00,create,2001:43f8:df1::/48,3970,48
2022-04-27 12:01:41+00:00,delete,102.218.97.0/24,3970,0
2022-04-27 13:02:30+00:00,delete,2001:43f8:df1::/48,3970,0
2022-04-28 00:50:06+00:00,create,102.218.97.0/24,3970,24
2022-04-28 01:53:25+00:00,create,2001:43f8:df1::/48,3970,48
2022-04-28 15:14:07+00:00,delete,102.218.97.0/24,3970,0
2022-04-28 16:22:12+00:00,delete,2001:43f8:df1::/48,3970,0
2022-04-29 01:48:04+00:00,create,102.218.97.0/24,3970,24
2022-04-29 03:15:12+00:00,create,2001:43f8:df1::/48,3970,48
2022-04-29 12:40:08+00:00,delete,102.218.97.0/24,3970,0
2022-04-29 13:18:36+00:00,delete,2001:43f8:df1::/48,3970,0
2022-04-30 00:52:40+00:00,create,102.218.97.0/24,3970,24
2022-04-30 01:06:03+00:00,create,2001:43f8:df1::/48,3970,48
2022-04-30 12:11:19+00:00,delete,102.218.97.0/24,3970,0
2022-04-30 14:32:13+00:00,delete,2001:43f8:df1::/48,3970,0
2022-05-01 04:18:30+00:00,create,102.218.97.0/24,3970,24
2022-05-01 17:06:37+00:00,delete,102.218.97.0/24,3970,0
2022-05-02 02:13:56+00:00,create,2001:43f8:df1::/48,3970,48
2022-05-02 05:01:23+00:00,create,102.218.97.0/24,3970,24
2022-05-02 13:49:29+00:00,delete,2001:43f8:df1::/48,3970,0
2022-05-02 14:46:25+00:00,delete,102.218.97.0/24,3970,0
2022-05-03 01:17:09+00:00,create,102.218.97.0/24,3970,24
2022-05-03 05:59:36+00:00,create,2001:43f8:df1::/48,3970,48
2022-05-03 14:39:33+00:00,delete,2001:43f8:df1::/48,3970,0
2022-05-03 15:02:13+00:00,delete,102.218.97.0/24,3970,0
2022-05-04 00:17:05+00:00,create,102.218.97.0/24,3970,24
2022-05-04 03:08:40+00:00,create,2001:43f8:df1::/48,3970,48
2022-05-04 14:11:45+00:00,delete,2001:43f8:df1::/48,3970,0
2022-05-04 17:40:18+00:00,delete,102.218.97.0/24,3970,0
2022-05-05 00:44:37+00:00,create,2001:43f8:df1::/48,3970,48
2022-05-05 03:30:25+00:00,create,102.218.97.0/24,3970,24
2022-05-05 12:26:44+00:00,delete,102.218.97.0/24,3970,0
2022-05-05 16:17:53+00:00,delete,2001:43f8:df1::/48,3970,0
2022-05-06 00:03:54+00:00,create,2001:43f8:df1::/48,3970,48
2022-05-06 00:29:53+00:00,create,102.218.97.0/24,3970,24
2022-05-06 14:32:34+00:00,delete,102.218.97.0/24,3970,0
2022-05-06 16:22:06+00:00,delete,2001:43f8:df1::/48,3970,0
2022-05-07 02:38:42+00:00,create,2001:43f8:df1::/48,3970,48
2022-05-07 03:49:18+00:00,create,102.218.97.0/24,3970,24
2022-05-07 12:46:45+00:00,delete,2001:43f8:df1::/48,3970,0
2022-05-07 14:35:37+00:00,delete,102.218.97.0/24,3970,0
2022-05-08 03:44:31+00:00,create,102.218.97.0/24,3970,24
2022-05-08 04:11:22+00:00,create,2001:43f8:df1::/48,3970,48
2022-05-08 12:00:56+00:00,delete,2001:43f8:df1::/48,3970,0
2022-05-08 14:20:00+00:00,delete,102.218.97.0/24,3970,0
2022-05-09 00:50:17+00:00,create,2001:43f8:df1::/48,3970,48
2022-05-09 02:52:05+00:00,create,102.218.97.0/24,3970,24
2022-05-09 13:05:10+00:00,delete,102.218.97.0/24,3970,0
2022-05-09 16:56:35+00:00,delete,2001:43f8:df1::/48,3970,0
2022-05-10 04:54:17+00:00,create,102.218.97.0/24,3970,24
2022-05-10 05:16:34+00:00,create,2001:43f8:df1::/48,3970,48
2022-05-10 15:51:27+00:00,delete,102.218.97.0/24,3970,0
2022-05-10 16:44:53+00:00,delete,2001:43f8:df1::/48,3970,0
2022-05-11 00:00:54+00:00,create,2001:43f8:df1::/48,3970,48
2022-05-11 03:42:17+00:00,create,102.218.97.0/24,3970,24
2022-05-11 12:23:10+00:00,delete,2001:43f8:df1::/48,3970,0
2022-05-11 14:09:19+00:00,delete,102.218.97.0/24,3970,0
2022-05-12 04:28:55+00:00,create,2001:43f8:df1::/48,3970,48
2022-05-12 05:26:06+00:00,create,102.218.97.0/24,3970,24
2022-05-12 12:04:59+00:00,delete,102.218.97.0/24,3970,0
2022-05-12 12:42:52+00:00,delete,2001:43f8:df1::/48,3970,0
2022-05-13 03:39:33+00:00,create,2001:43f8:df1::/48,3970,48
2022-05-13 05:50:36+00:00,create,102.218.97.0/24,3970,24
2022-05-13 13:01:00+00:00,delete,2001:43f8:df1::/48,3970,0
2022-05-13 17:26:59+00:00,delete,102.218.97.0/24,3970,0
2022-05-15 03:48:09+00:00,create,2001:43f8:df1::/48,3970,48
2022-05-15 05:48:08+00:00,create,102.218.97.0/24,3970,24
2022-05-15 14:16:11+00:00,delete,2001:43f8:df1::/48,3970,0
2022-05-15 16:39:41+00:00,delete,102.218.97.0/24,3970,0
2022-05-16 00:14:16+00:00,create,102.218.97.0/24,3970,24
2022-05-16 05:22:53+00:00,create,2001:43f8:df1::/48,3970,48
2022-05-16 13:31:33+00:00,delete,2001:43f8:df1::/48,3970,0
2022-05-16 15:35:43+00:00,delete,102.218.97.0/24,3970,0
2022-05-17 04:54:50+00:00,create,2001:43f8:df1::/48,3970,48
2022-05-17 04:57:48+00:00,create,102.218.97.0/24,3970,24
2022-05-17 13:10:32+00:00,delete,2001:43f8:df1::/48,3970,0
2022-05-17 15:57:57+00:00,delete,102.218.97.0/24,3970,0
2022-05-18 01:47:55+00:00,create,102.218.97.0/24,3970,24
2022-05-18 01:58:59+00:00,create,2001:43f8:df1::/48,3970,48
2022-05-18 14:23:10+00:00,delete,102.218.97.0/24,3970,0
2022-05-18 17:05:35+00:00,delete,2001:43f8:df1::/48,3970,0
2022-05-19 01:52:14+00:00,create,102.218.97.0/24,3970,24
2022-05-19 04:06:34+00:00,create,2001:43f8:df1::/48,3970,48
2022-05-19 14:14:24+00:00,delete,102.218.97.0/24,3970,0
2022-05-19 15:30:39+00:00,delete,2001:43f8:df1::/48,3970,0
2022-05-20 00:19:59+00:00,create,2001:43f8:df1::/48,3970,48
2022-05-20 03:01:04+00:00,create,102.218.97.0/24,3970,24
2022-05-20 15:36:50+00:00,delete,102.218.97.0/24,3970,0
2022-05-20 17:06:51+00:00,delete,2001:43f8:df1::/48,3970,0
2022-05-21 03:25:57+00:00,create,102.218.97.0/24,3970,24
2022-05-21 04:21:37+00:00,create,2001:43f8:df1::/48,3970,48
2022-05-21 15:36:38+00:00,delete,2001:43f8:df1::/48,3970,0
2022-05-21 16:41:12+00:00,delete,102.218.97.0/24,3970,0
2022-05-22 00:41:40+00:00,create,102.218.97.0/24,3970,24
2022-05-22 01:35:24+00:00,create,2001:43f8:df1::/48,3970,48
2022-05-22 12:17:15+00:00,delete,2001:43f8:df1::/48,3970,0
2022-05-22 17:25:55+00:00,delete,102.218.97.0/24,3970,0
2022-05-23 01:15:43+00:00,create,102.218.97.0/24,3970,24
2022-05-23 03:41:53+00:00,create,2001:43f8:df1::/48,3970,48
2022-05-23 17:11:59+00:00,delete,102.218.97.0/24,3970,0
2022-05-23 17:31:20+00:00,delete,2001:43f8:df1::/48,3970,0
2022-05-24 03:05:32+00:00,create,2001:43f8:df1::/48,3970,48
2022-05-24 03:09:37+00:00,create,102.218.97.0/24,3970,24
2022-05-24 13:15:33+00:00,delete,2001:43f8:df1::/48,3970,0
2022-05-24 17:07:40+00:00,delete,102.218.97.0/24,3970,0
2022-05-25 01:53:53+00:00,create,2001:43f8:df1::/48,3970,48
2022-05-25 12:57:34+00:00,delete,2001:43f8:df1::/48,3970,0
2022-05-26 00:47:11+00:00,create,2001:43f8:df1::/48,3970,48
2022-05-26 05:40:46+00:00,create,102.218.97.0/24,3970,24
2022-05-26 14:00:25+00:00,delete,2001:43f8:df1::/48,3970,0
2022-05-26 17:58:18+00:00,delete,102.218.97.0/24,3970,0
2022-05-27 01:15:53+00:00,create,102.218.97.0/24,3970,24
2022-05-27 03:08:00+00:00,create,2001:43f8:df1::/48,3970,48
2022-05-27 13:53:09+00:00,delete,102.218.97.0/24,3970,0
2022-05-27 16:18:58+00:00,delete,2001:43f8:df1::/48,3970,0
2022-05-28 02:23:56+00:00,create,2001:43f8:df1::/48,3970,48
2022-05-28 02:30:53+00:00,create,102.218.97.0/24,3970,24
2022-05-28 12:20:25+00:00,delete,2001:43f8:df1::/48,3970,0
2022-05-28 12:43:45+00:00,delete,102.218.97.0/24,3970,0
2022-05-29 01:05:11+00:00,create,2001:43f8:df1::/48,3970,48
2022-05-29 05:53:28+00:00,create,102.218.97.0/24,3970,24
2022-05-29 13:17:44+00:00,delete,102.218.97.0/24,3970,0
2022-05-29 14:39:44+00:00,delete,2001:43f8:df1::/48,3970,0
2022-05-30 02:32:18+00:00,create,102.218.97.0/24,3970,24
2022-05-30 02:38:14+00:00,create,2001:43f8:df1::/48,3970,48
2022-05-30 14:05:43+00:00,delete,102.218.97.0/24,3970,0
2022-05-30 17:03:58+00:00,delete,2001:43f8:df1::/48,3970,0
2022-05-31 04:32:33+00:00,create,102.218.97.0/24,3970,24
2022-05-31 05:27:48+00:00,create,2001:43f8:df1::/48,3970,48
2022-05-31 13:39:34+00:00,delete,102.218.97.0/24,3970,0
2022-05-31 15:36:21+00:00,delete,2001:43f8:df1::/48,3970,0
2022-06-01 04:41:12+00:00,create,102.218.97.0/24,3970,24
2022-06-01 05:28:36+00:00,create,2001:43f8:df1::/48,3970,48
2022-06-01 15:31:08+00:00,delete,102.218.97.0/24,3970,0
2022-06-01 17:33:55+00:00,delete,2001:43f8:df1::/48,3970,0
2022-06-02 03:20:26+00:00,create,2001:43f8:df1::/48,3970,48
2022-06-02 05:02:21+00:00,create,102.218.97.0/24,3970,24
2022-06-02 12:09:06+00:00,delete,2001:43f8:df1::/48,3970,0
2022-06-02 13:25:37+00:00,delete,102.218.97.0/24,3970,0
2022-06-03 04:54:18+00:00,create,2001:43f8:df1::/48,3970,48
2022-06-03 05:17:27+00:00,create,102.218.97.0/24,3970,24
2022-06-03 12:29:51+00:00,delete,2001:43f8:df1::/48,3970,0
2022-06-04 03:00:40+00:00,create,2001:43f8:df1::/48,3970,48
2022-06-04 03:40:36+00:00,create,102.218.97.0/24,3970,24
2022-06-04 14:03:09+00:00,delete,102.218.97.0/24,3970,0
2022-06-04 14:13:08+00:00,delete,2001:43f8:df1::/48,3970,0
2022-06-05 05:41:28+00:00,create,2001:43f8:df1::/48,3970,48
2022-06-05 05:58:11+00:00,create,102.218.97.0/24,3970,24
2022-06-05 14:14:08+00:00,delete,102.218.97.0/24,3970,0
2022-06-05 16:00:40+00:00,delete,2001:43f8:df1::/48,3970,0
2022-06-06 00:21:35+00:00,create,2001:43f8:df1::/48,3970,48
2022-06-06 04:24:04+00:00,create,102.218.97.0/24,3970,24
2022-06-06 12:13:37+00:00,delete,2001:43f8:df1::/48,3970,0
2022-06-06 17:30:57+00:00,delete,102.218.97.0/24,3970,0
2022-06-07 02:33:43+00:00,create,2001:43f8:df1::/48,3970,48
2022-06-07 02:40:03+00:00,create,102.218.97.0/24,3970,24
2022-06-07 14:31:02+00:00,delete,2001:43f8:df1::/48,3970,0
2022-06-07 15:18:44+00:00,delete,102.218.97.0/24,3970,0
2022-06-08 03:16:53+00:00,create,2001:43f8:df1::/48,3970,48
2022-06-08 12:28:57+00:00,delete,2001:43f8:df1::/48,3970,0
2022-06-09 00:11:16+00:00,create,2001:43f8:df1::/48,3970,48
2022-06-09 04:44:45+00:00,create,102.218.97.0/24,3970,24
2022-06-09 12:01:51+00:00,delete,102.218.97.0/24,3970,0
2022-06-09 14:31:47+00:00,delete,2001:43f8:df1::/48,3970,0
2022-06-10 02:17:41+00:00,create,2001:43f8:df1::/48,3970,48
2022-06-10 04:40:57+00:00,create,102.218.97.0/24,3970,24
2022-06-10 13:44:25+00:00,delete,2001:43f8:df1::/48,3970,0
2022-06-10 17:26:24+00:00,delete,102.218.97.0/24,3970,0
2022-06-11 00:31:15+00:00,create,102.218.97.0/24,3970,24
2022-06-11 01:53:09+00:00,create,2001:43f8:df1::/48,3970,48
2022-06-11 13:27:25+00:00,delete,2001:43f8:df1::/48,3970,0
2022-06-11 14:19:55+00:00,delete,102.218.97.0/24,3970,0
2022-06-12 01:06:05+00:00,create,2001:43f8:df1::/48,3970,48
2022-06-12 04:10:18+00:00,create,102.218.97.0/24,3970,24
2022-06-12 12:29:38+00:00,delete,2001:43f8:df1::/48,3970,0
2022-06-12 15:51:44+00:00,delete,102.218.97.0/24,3970,0
2022-06-13 03:03:30+00:00,create,102.218.97.0/24,3970,24
2022-06-13 03:49:35+00:00,create,2001:43f8:df1::/48,3970,48
2022-06-14 01:13:06+00:00,create,102.218.97.0/24,3970,24
2022-06-14 03:30:46+00:00,create,2001:43f8:df1::/48,3970,48
2022-06-14 12:48:20+00:00,delete,102.218.97.0/24,3970,0
2022-06-14 16:26:51+00:00,delete,2001:43f8:df1::/48,3970,0
2022-06-15 02:53:16+00:00,create,2001:43f8:df1::/48,3970,48
2022-06-15 04:28:36+00:00,create,102.218.97.0/24,3970,24
2022-06-15 14:17:35+00:00,delete,102.218.97.0/24,3970,0
2022-06-15 15:14:13+00:00,delete,2001:43f8:df1::/48,3970,0
2022-06-16 04:14:42+00:00,create,2001:43f8:df1::/48,3970,48
2022-06-16 04:24:50+00:00,create,102.218.97.0/24,3970,24
2022-06-16 16:10:46+00:00,delete,102.218.97.0/24,3970,0
2022-06-16 16:31:47+00:00,delete,2001:43f8:df1::/48,3970,0
2022-06-17 01:18:48+00:00,create,2001:43f8:df1::/48,3970,48
2022-06-17 04:26:41+00:00,create,102.218.97.0/24,3970,24
2022-06-17 14:48:03+00:00,delete,2001:43f8:df1::/48,3970,0
2022-06-17 17:52:49+00:00,delete,102.218.97.0/24,3970,0
2022-06-18 01:13:51+00:00,create,102.218.97.0/24,3970,24
2022-06-18 03:07:46+00:00,create,2001:43f8:df1::/48,3970,48
2022-06-18 12:13:23+00:00,delete,102.218.97.0/24,3970,0
2022-06-18 14:04:12+00:00,delete,2001:43f8:df1::/48,3970,0
2022-06-19 00:06:38+00:00,create,102.218.97.0/24,3970,24
2022-06-19 01:12:44+00:00,create,2001:43f8:df1::/48,3970,48
2022-06-19 14:35:50+00:00,delete,102.218.97.0/24,3970,0
2022-06-19 14:50:27+00:00,delete,2001:43f8:df1::/48,3970,0
2022-06-20 03:28:40+00:00,create,102.218.97.0/24,3970,24
2022-06-20 04:04:04+00:00,create,2001:43f8:df1::/48,3970,48
2022-06-20 13:02:20+00:00,delete,102.218.97.0/24,3970,0
2022-06-20 15:29:59+00:00,delete,2001:43f8:df1::/48,3970,0
2022-06-21 01:34:53+00:00,create,2001:43f8:df1::/48,3970,48
2022-06-21 04:04:20+00:00,create,102.218.97.0/24,3970,24
2022-06-21 14:28:40+00:00,delete,2001:43f8:df1::/48,3970,0
2022-06-21 17:41:28+00:00,delete,102.218.97.0/24,3970,0
2022-06-22 01:34:55+00:00,create,2001:43f8:df1::/48,3970,48
2022-06-22 04:28:35+00:00,create,102.218.97.0/24,3970,24
2022-06-22 13:47:31+00:00,delete,2001:43f8:df1::/48,3970,0
2022-06-22 16:10:41+00:00,delete,102.218.97.0/24,3970,0
2022-06-23 02:04:17+00:00,create,102.218.97.0/24,3970,24
2022-06-23 04:40:07+00:00,create,2001:43f8:df1::/48,3970,48
2022-06-23 13:34:00+00:00,delete,102.218.97.0/24,3970,0
2022-06-23 17:47:59+00:00,delete,2001:43f8:df1::/48,3970,0
2022-06-24 00:13:09+00:00,create,102.218.97.0/24,3970,24
2022-06-24 00:55:47+00:00,create,2001:43f8:df1::/48,3970,48
2022-06-24 12:25:04+00:00,delete,2001:43f8:df1::/48,3970,0
2022-06-24 16:26:23+00:00,delete,102.218.97.0/24,3970,0
2022-06-25 03:39:54+00:00,create,2001:43f8:df1::/48,3970,48
2022-06-25 05:35:56+00:00,create,102.218.97.0/24,3970,24
2022-06-25 15:40:49+00:00,delete,2001:43f8:df1::/48,3970,0
2022-06-25 16:41:22+00:00,delete,102.218.97.0/24,3970,0
2022-06-26 02:10:18+00:00,create,102.218.97.0/24,3970,24
2022-06-26 05:06:57+00:00,create,2001:43f8:df1::/48,3970,48
2022-06-26 15:33:44+00:00,delete,2001:43f8:df1::/48,3970,0
2022-06-26 17:13:33+00:00,delete,102.218.97.0/24,3970,0
2022-06-27 04:37:57+00:00,create,102.218.97.0/24,3970,24
2022-06-27 05:41:28+00:00,create,2001:43f8:df1::/48,3970,48
2022-06-27 13:25:45+00:00,delete,2001:43f8:df1::/48,3970,0
2022-06-27 17:12:25+00:00,delete,102.218.97.0/24,3970,0
2022-06-28 02:24:41+00:00,create,102.218.97.0/24,3970,24
2022-06-28 05:07:14+00:00,create,2001:43f8:df1::/48,3970,48
2022-06-28 15:28:44+00:00,delete,2001:43f8:df1::/48,3970,0
2022-06-28 16:40:33+00:00,delete,102.218.97.0/24,3970,0
2022-06-29 01:04:35+00:00,create,102.218.97.0/24,3970,24
2022-06-29 01:49:04+00:00,create,2001:43f8:df1::/48,3970,48
2022-06-29 15:50:06+00:00,delete,102.218.97.0/24,3970,0
2022-06-29 17:30:56+00:00,delete,2001:43f8:df1::/48,3970,0
2022-06-30 00:57:34+00:00,create,102.218.97.0/24,3970,24
2022-06-30 00:59:43+00:00,create,2001:43f8:df1::/48,3970,48
2022-06-30 15:21:14+00:00,delete,102.218.97.0/24,3970,0
2022-06-30 16:06:04+00:00,delete,2001:43f8:df1::/48,3970,0
2022-07-01 04:25:32+00:00,create,2001:43f8:df1::/48,3970,48
2022-07-01 16:08:36+00:00,delete,2001:43f8:df1::/48,3970,0
2022-07-02 00:46:10+00:00,create,2001:43f8:df1::/48,3970,48
2022-07-02 04:09:28+00:00,create,102.218.97.0/24,3970,24
2022-07-02 16:55:35+00:00,delete,2001:43f8:df1::/48,3970,0
2022-07-02 17:41:59+00:00,delete,102.218.97.0/24,3970,0
2022-07-03 02:53:18+00:00,create,102.218.97.0/24,3970,24
2022-07-03 05:54:59+00:00,create,2001:43f8:df1::/48,3970,48
2022-07-03 15:09:14+00:00,delete,2001:43f8:df1::/48,3970,0
2022-07-03 15:16:54+00:00,delete,102.218.97.0/24,3970,0
2022-07-04 01:39:22+00:00,create,102.218.97.0/24,3970,24
2022-07-04 05:00:17+00:00,create,2001:43f8:df1::/48,3970,48
2022-07-04 12:01:42+00:00,delete,102.218.97.0/24,3970,0
2022-07-04 14:01:56+00:00,delete,2001:43f8:df1::/48,3970,0
2022-07-05 05:48:04+00:00,create,2001:43f8:df1::/48,3970,48
2022-07-05 05:53:25+00:00,create,102.218.97.0/24,3970,24
2022-07-05 12:59:14+00:00,delete,102.218.97.0/24,3970,0
2022-07-05 15:59:05+00:00,delete,2001:43f8:df1::/48,3970,0
2022-07-06 02:27:35+00:00,create,102.218.97.0/24,3970,24
2022-07-06 04:37:45+00:00,create,2001:43f8:df1::/48,3970,48
2022-07-06 12:15:51+00:00,delete,102.218.97.0/24,3970,0
2022-07-06 15:09:50+00:00,delete,2001:43f8:df1::/48,3970,0
2022-07-07 01:04:50+00:00,create,102.218.97.0/24,3970,24
2022-07-07 01:23:25+00:00,create,2001:43f8:df1::/48,3970,48
2022-07-07 12:48:44+00:00,delete,2001:43f8:df1::/48,3970,0
2022-07-07 12:52:17+00:00,delete,102.218.97.0/24,3970,0
2022-07-08 01:15:37+00:00,create,2001:43f8:df1::/48,3970,48
2022-07-08 02:49:39+00:00,create,102.218.97.0/24,3970,24
2022-07-08 12:09:37+00:00,delete,2001:43f8:df1::/48,3970,0
2022-07-08 17:28:04+00:00,delete,102.218.97.0/24,3970,0
2022-07-09 01:34:08+00:00,create,102.218.97.0/24,3970,24
2022-07-09 03:38:50+00:00,create,2001:43f8:df1::/48,3970,48
2022-07-09 13:54:13+00:00,delete,2001:43f8:df1::/48,3970,0
2022-07-09 15:46:00+00:00,delete,102.218.97.0/24,3970,0
2022-07-10 02:42:22+00:00,create,2001:43f8:df1::/48,3970,48
2022-07-10 05:05:11+00:00,create,102.218.97.0/24,3970,24
2022-07-10 17:11:52+00:00,delete,102.218.97.0/24,3970,0
2022-07-10 17:44:17+00:00,delete,2001:43f8:df1::/48,3970,0
2022-07-11 02:30:05+00:00,create,102.218.97.0/24,3970,24
2022-07-11 05:29:04+00:00,create,2001:43f8:df1::/48,3970,48
2022-07-11 12:47:49+00:00,delete,102.218.97.0/24,3970,0
2022-07-11 14:34:25+00:00,delete,2001:43f8:df1::/48,3970,0
2022-07-12 04:40:45+00:00,create,2001:43f8:df1::/48,3970,48
2022-07-12 06:00:34+00:00,create,102.218.97.0/24,3970,24
2022-07-12 13:29:27+00:00,delete,2001:43f8:df1::/48,3970,0
2022-07-12 17:03:00+00:00,delete,102.218.97.0/24,3970,0
2022-07-13 01:02:00+00:00,create,102.218.97.0/24,3970,24
2022-07-13 04:52:03+00:00,create,2001:43f8:df1::/48,3970,48
2022-07-13 12:26:27+00:00,delete,102.218.97.0/24,3970,0
2022-07-13 13:40:43+00:00,delete,2001:43f8:df1::/48,3970,0
2022-07-14 00:45:33+00:00,create,2001:43f8:df1::/48,3970,48
2022-08-27 05:23:26+00:00,create,2001:43f8:df1::/48,3970,48
2022-08-27 05:29:50+00:00,create,102.218.97.0/24,3970,24
2022-08-27 14:48:59+00:00,delete,2001:43f8:df1::/48,3970,0
2022-08-27 15:44:36+00:00,delete,102.218.97.0/24,3970,0
2022-08-28 02:32:07+00:00,create,2001:43f8:df1::/48,3970,48
2022-08-28 04:46:56+00:00,create,102.218.97.0/24,3970,24
2022-08-28 12:29:06+00:00,delete,2001:43f8:df1::/48,3970,0
2022-08-28 12:57:25+00:00,delete,102.218.97.0/24,3970,0
2022-08-29 02:39:31+00:00,create,2001:43f8:df1::/48,3970,48
2022-08-29 04:45:56+00:00,create,102.218.97.0/24,3970,24
2022-08-29 12:53:37+00:00,delete,2001:43f8:df1::/48,3970,0
2022-08-29 14:32:11+00:00,delete,102.218.97.0/24,3970,0
2022-08-30 02:38:03+00:00,create,2001:43f8:df1::/48,3970,48
2022-08-30 05:40:11+00:00,create,102.218.97.0/24,3970,24
2022-08-30 14:44:22+00:00,delete,102.218.97.0/24,3970,0
2022-08-30 15:23:28+00:00,delete,2001:43f8:df1::/48,3970,0
2022-08-31 02:03:59+00:00,create,2001:43f8:df1::/48,3970,48
2022-08-31 03:11:02+00:00,create,102.218.97.0/24,3970,24
2022-08-31 12:30:00+00:00,delete,2001:43f8:df1::/48,3970,0
2022-08-31 13:08:48+00:00,delete,102.218.97.0/24,3970,0
2022-09-01 00:31:55+00:00,create,102.218.97.0/24,3970,24
2022-09-01 04:51:40+00:00,create,2001:43f8:df1::/48,3970,48
2022-09-01 13:45:47+00:00,delete,2001:43f8:df1::/48,3970,0
2022-09-01 16:25:15+00:00,delete,102.218.97.0/24,3970,0
2022-09-02 01:07:23+00:00,create,2001:43f8:df1::/48,3970,48
2022-09-02 03:48:03+00:00,create,102.218.97.0/24,3970,24
2022-09-02 16:14:00+00:00,delete,2001:43f8:df1::/48,3970,0
2022-09-02 17:12:59+00:00,delete,102.218.97.0/24,3970,0
2022-09-03 01:01:21+00:00,create,2001:43f8:df1::/48,3970,48
2022-09-03 01:02:48+00:00,create,102.218.97.0/24,3970,24
2022-09-03 15:08:50+00:00,delete,2001:43f8:df1::/48,3970,0
2022-09-03 16:18:17+00:00,delete,102.218.97.0/24,3970,0
2022-09-04 01:42:47+00:00,create,102.218.97.0/24,3970,24
2022-09-04 03:14:53+00:00,create,2001:43f8:df1::/48,3970,48
2022-09-04 12:38:50+00:00,delete,2001:43f8:df1::/48,3970,0
2022-09-04 13:34:27+00:00,delete,102.218.97.0/24,3970,0
2022-09-05 02:18:52+00:00,create,2001:43f8:df1::/48,3970,48
2022-09-05 04:54:58+00:00,create,102.218.97.0/24,3970,24
2022-09-05 12:44:31+00:00,delete,2001:43f8:df1::/48,3970,0
2022-09-05 14:37:05+00:00,delete,102.218.97.0/24,3970,0
2022-09-06 00:28:09+00:00,create,2001:43f8:df1::/48,3970,48
2022-09-06 01:35:18+00:00,create,102.218.97.0/24,3970,24
2022-09-06 16:06:14+00:00,delete,2001:43f8:df1::/48,3970,0
2022-09-06 17:05:07+00:00,delete,102.218.97.0/24,3970,0
2022-09-07 01:26:08+00:00,create,2001:43f8:df1::/48,3970,48
2022-09-07 04:22:12+00:00,create,102.218.97.0/24,3970,24
2022-09-07 12:44:33+00:00,delete,102.218.97.0/24,3970,0
2022-09-07 13:04:04+00:00,delete,2001:43f8:df1::/48,3970,0
2022-09-08 01:03:28+00:00,create,2001:43f8:df1::/48,3970,48
2022-09-08 03:05:23+00:00,create,102.218.97.0/24,3970,24
2022-09-08 14:29:00+00:00,delete,102.218.97.0/24,3970,0
2022-09-08 17:30:01+00:00,delete,2001:43f8:df1::/48,3970,0
2022-09-09 00:54:10+00:00,create,2001:43f8:df1::/48,3970,48
2022-09-09 01:10:06+00:00,create,102.218.97.0/24,3970,24
2022-09-09 13:57:02+00:00,delete,2001:43f8:df1::/48,3970,0
2022-09-09 16:26:05+00:00,delete,102.218.97.0/24,3970,0
2022-09-10 00:03:05+00:00,create,2001:43f8:df1::/48,3970,48
2022-09-10 01:58:32+00:00,create,102.218.97.0/24,3970,24
2022-09-10 14:08:57+00:00,delete,2001:43f8:df1::/48,3970,0
2022-09-10 17:23:03+00:00,delete,102.218.97.0/24,3970,0
2022-09-11 01:44:42+00:00,create,2001:43f8:df1::/48,3970,48
2022-09-11 04:24:23+00:00,create,102.218.97.0/24,3970,24
2022-09-11 15:50:42+00:00,delete,102.218.97.0/24,3970,0
2022-09-11 16:38:28+00:00,delete,2001:43f8:df1::/48,3970,0
2022-09-12 00:07:38+00:00,create,2001:43f8:df1::/48,3970,48
2022-09-12 02:36:16+00:00,create,102.218.97.0/24,3970,24
2022-09-12 12:22:34+00:00,delete,2001:43f8:df1::/48,3970,0
2022-09-12 14:53:48+00:00,delete,102.218.97.0/24,3970,0
2022-09-13 02:03:06+00:00,create,102.218.97.0/24,3970,24
2022-09-13 02:26:07+00:00,create,2001:43f8:df1::/48,3970,48
2022-09-13 12:41:04+00:00,delete,2001:43f8:df1::/48,3970,0
2022-09-13 15:35:13+00:00,delete,102.218.97.0/24,3970,0
2022-09-14 03:56:34+00:00,create,102.218.97.0/24,3970,24
2022-09-14 05:50:45+00:00,create,2001:43f8:df1::/48,3970,48
2022-09-14 14:22:32+00:00,delete,2001:43f8:df1::/48,3970,0
2022-09-14 17:29:27+00:00,delete,102.218.97.0/24,3970,0
2022-09-15 04:17:30+00:00,create,102.218.97.0/24,3970,24
2022-09-15 05:08:38+00:00,create,2001:43f8:df1::/48,3970,48
2022-09-15 15:02:13+00:00,delete,2001:43f8:df1::/48,3970,0
2022-09-15 17:49:55+00:00,delete,102.218.97.0/24,3970,0
2022-09-16 01:04:49+00:00,create,2001:43f8:df1::/48,3970,48
2022-09-16 02:24:24+00:00,create,102.218.97.0/24,3970,24
2022-09-16 12:14:26+00:00,delete,2001:43f8:df1::/48,3970,0
2022-09-16 13:22:48+00:00,delete,102.218.97.0/24,3970,0
2022-09-17 00:36:58+00:00,create,102.218.97.0/24,3970,24
2022-09-17 00:55:34+00:00,create,2001:43f8:df1::/48,3970,48
2022-09-17 14:34:34+00:00,delete,102.218.97.0/24,3970,0
2022-09-17 14:36:17+00:00,delete,2001:43f8:df1::/48,3970,0
2022-09-18 01:21:04+00:00,create,2001:43f8:df1::/48,3970,48
2022-09-18 01:40:04+00:00,create,102.218.97.0/24,3970,24
2022-09-18 13:52:39+00:00,delete,2001:43f8:df1::/48,3970,0
2022-09-18 16:33:37+00:00,delete,102.218.97.0/24,3970,0
2022-09-19 01:43:26+00:00,create,2001:43f8:df1::/48,3970,48
2022-09-19 03:33:25+00:00,create,102.218.97.0/24,3970,24
2022-09-19 15:09:52+00:00,delete,2001:43f8:df1::/48,3970,0
2022-09-19 17:33:37+00:00,delete,102.218.97.0/24,3970,0
2022-09-20 01:30:22+00:00,create,2001:43f8:df1::/48,3970,48
2022-09-20 12:48:14+00:00,delete,2001:43f8:df1::/48,3970,0
2022-09-21 00:44:49+00:00,create,2001:43f8:df1::/48,3970,48
2022-09-21 01:52:03+00:00,create,102.218.97.0/24,3970,24
2022-09-21 17:26:13+00:00,delete,2001:43f8:df1::/48,3970,0
2022-09-21 17:49:40+00:00,delete,102.218.97.0/24,3970,0
2022-09-22 01:53:15+00:00,create,2001:43f8:df1::/48,3970,48
2022-09-22 05:25:16+00:00,create,102.218.97.0/24,3970,24
2022-09-22 12:20:03+00:00,delete,102.218.97.0/24,3970,0
2022-09-22 12:23:24+00:00,delete,2001:43f8:df1::/48,3970,0
2022-09-23 00:37:24+00:00,create,2001:43f8:df1::/48,3970,48
2022-09-23 03:03:14+00:00,create,102.218.97.0/24,3970,24
2022-09-23 12:37:57+00:00,delete,102.218.97.0/24,3970,0
2022-09-23 15:03:58+00:00,delete,2001:43f8:df1::/48,3970,0
2022-09-24 04:10:22+00:00,create,2001:43f8:df1::/48,3970,48
2022-09-24 05:58:28+00:00,create,102.218.97.0/24,3970,24
2022-09-24 13:35:55+00:00,delete,2001:43f8:df1::/48,3970,0
2022-09-24 17:12:33+00:00,delete,102.218.97.0/24,3970,0
2022-09-25 03:15:56+00:00,create,2001:43f8:df1::/48,3970,48
