2021-08-20 08:25:48+00:00,create,2001:DF7:5381::/48,3970,48
2021-08-20 08:34:02+00:00,create,2001:DF7:5380::/47,3130,47
2021-08-20 14:11:21+00:00,delete,103.171.219.0/24,AS3970,0
2021-08-21 00:59:23+00:00,create,2001:DF7:5381::/48,3970,48
2021-08-21 04:01:02+00:00,create,103.171.219.0/24,3970,24
2021-08-21 17:19:57+00:00,delete,103.171.219.0/24,AS3970,0
2021-08-22 01:38:17+00:00,create,103.171.219.0/24,3970,24
2021-08-22 02:16:44+00:00,create,2001:DF7:5381::/48,3970,48
2021-08-22 13:40:18+00:00,delete,103.171.219.0/24,AS3970,0
2021-08-23 02:46:14+00:00,create,103.171.219.0/24,3970,24
2021-08-23 04:55:37+00:00,create,2001:DF7:5381::/48,3970,48
2021-08-23 16:07:45+00:00,delete,103.171.219.0/24,AS3970,0
2021-08-24 00:50:12+00:00,create,103.171.219.0/24,3970,24
2021-08-24 03:37:54+00:00,create,2001:DF7:5381::/48,3970,48
2021-08-24 12:52:10+00:00,delete,103.171.219.0/24,AS3970,0
2021-08-25 01:36:27+00:00,create,103.171.219.0/24,3970,24
2021-08-25 03:31:43+00:00,create,2001:DF7:5381::/48,3970,48
2021-08-25 17:53:52+00:00,delete,103.171.219.0/24,AS3970,0
2021-08-26 00:07:18+00:00,create,103.171.219.0/24,3970,24
2021-08-26 02:10:07+00:00,create,2001:DF7:5381::/48,3970,48
2021-08-26 14:40:39+00:00,delete,103.171.219.0/24,AS3970,0
2021-08-27 00:57:23+00:00,create,103.171.219.0/24,3970,24
2021-08-27 05:14:57+00:00,create,2001:DF7:5381::/48,3970,48
2021-08-27 14:52:23+00:00,delete,103.171.219.0/24,AS3970,0
2021-08-28 02:15:51+00:00,create,2001:DF7:5381::/48,3970,48
2021-08-28 02:58:14+00:00,create,103.171.219.0/24,3970,24
2021-08-28 16:56:29+00:00,delete,103.171.219.0/24,AS3970,0
2021-08-29 05:48:11+00:00,create,2001:DF7:5381::/48,3970,48
2021-08-29 05:50:59+00:00,create,103.171.219.0/24,3970,24
2021-08-29 12:07:56+00:00,delete,103.171.219.0/24,AS3970,0
2021-08-30 03:03:50+00:00,create,2001:DF7:5381::/48,3970,48
2021-08-30 04:01:00+00:00,create,103.171.219.0/24,3970,24
2021-08-30 12:15:56+00:00,delete,103.171.219.0/24,AS3970,0
2021-08-30 14:26:45+00:00,delete,2001:df7:5381::/48,AS3970,0
2021-08-31 01:36:51+00:00,create,2001:df7:5381::/48,3970,48
2021-08-31 04:22:37+00:00,create,103.171.219.0/24,3970,24
2021-08-31 15:41:11+00:00,delete,103.171.219.0/24,AS3970,0
2021-08-31 16:39:06+00:00,delete,2001:df7:5381::/48,AS3970,0
2021-09-01 03:23:26+00:00,create,2001:df7:5381::/48,3970,48
2021-09-01 05:05:22+00:00,create,103.171.219.0/24,3970,24
2021-09-01 15:22:13+00:00,delete,2001:df7:5381::/48,AS3970,0
2021-09-01 16:59:15+00:00,delete,103.171.219.0/24,AS3970,0
2021-09-02 00:00:20+00:00,create,103.171.219.0/24,3970,24
2021-09-02 04:48:06+00:00,create,2001:df7:5381::/48,3970,48
2021-09-02 16:54:45+00:00,delete,2001:df7:5381::/48,AS3970,0
2021-09-03 00:34:21+00:00,create,2001:df7:5381::/48,3970,48
2021-09-03 01:27:09+00:00,create,103.171.219.0/24,3970,24
2021-09-03 14:20:36+00:00,delete,2001:df7:5381::/48,AS3970,0
2021-09-03 16:54:50+00:00,delete,103.171.219.0/24,AS3970,0
2021-09-04 02:58:27+00:00,create,103.171.219.0/24,3970,24
2021-09-04 03:48:02+00:00,create,2001:df7:5381::/48,3970,48
2021-09-04 15:51:49+00:00,delete,2001:df7:5381::/48,AS3970,0
2021-09-04 15:53:15+00:00,delete,103.171.219.0/24,AS3970,0
2021-09-05 02:28:50+00:00,create,103.171.219.0/24,3970,24
2021-09-05 02:51:04+00:00,create,2001:df7:5381::/48,3970,48
2021-09-05 12:31:28+00:00,delete,103.171.219.0/24,AS3970,0
2021-09-05 13:59:37+00:00,delete,2001:df7:5381::/48,AS3970,0
2021-09-06 01:32:57+00:00,create,103.171.219.0/24,3970,24
2021-09-06 02:28:36+00:00,create,2001:df7:5381::/48,3970,48
2021-09-06 12:16:00+00:00,delete,2001:df7:5381::/48,AS3970,0
2021-09-06 16:44:28+00:00,delete,103.171.219.0/24,AS3970,0
2021-09-07 00:13:47+00:00,create,103.171.219.0/24,3970,24
2021-09-07 00:28:21+00:00,create,2001:df7:5381::/48,3970,48
2021-09-07 12:34:44+00:00,delete,103.171.219.0/24,AS3970,0
2021-09-07 16:31:38+00:00,delete,2001:df7:5381::/48,AS3970,0
2021-09-08 01:25:40+00:00,create,2001:df7:5381::/48,3970,48
2021-09-08 02:50:49+00:00,create,103.171.219.0/24,3970,24
2021-09-08 12:33:48+00:00,delete,2001:df7:5381::/48,AS3970,0
2021-09-08 15:52:16+00:00,delete,103.171.219.0/24,AS3970,0
2021-09-09 01:15:59+00:00,create,2001:df7:5381::/48,3970,48
2021-09-09 01:18:21+00:00,create,103.171.219.0/24,3970,24
2021-09-09 12:42:02+00:00,delete,103.171.219.0/24,AS3970,0
2021-09-09 14:35:13+00:00,delete,2001:df7:5381::/48,AS3970,0
2021-09-10 00:48:17+00:00,create,2001:df7:5381::/48,3970,48
2021-09-10 02:28:17+00:00,create,103.171.219.0/24,3970,24
2021-09-10 14:07:18+00:00,delete,2001:df7:5381::/48,AS3970,0
2021-09-11 04:20:14+00:00,create,103.171.219.0/24,3970,24
2021-09-11 04:46:10+00:00,create,2001:df7:5381::/48,3970,48
2021-09-11 17:27:39+00:00,delete,103.171.219.0/24,AS3970,0
2021-09-11 17:58:28+00:00,delete,2001:df7:5381::/48,AS3970,0
2021-09-12 02:39:19+00:00,create,2001:df7:5381::/48,3970,48
2021-09-12 04:56:21+00:00,create,103.171.219.0/24,3970,24
2021-09-12 13:57:48+00:00,delete,103.171.219.0/24,AS3970,0
2021-09-12 16:15:26+00:00,delete,2001:df7:5381::/48,AS3970,0
2021-09-13 01:56:58+00:00,create,103.171.219.0/24,3970,24
2021-09-13 04:00:16+00:00,create,2001:df7:5381::/48,3970,48
2021-09-13 15:45:29+00:00,delete,2001:df7:5381::/48,AS3970,0
2021-09-13 16:50:27+00:00,delete,103.171.219.0/24,AS3970,0
2021-09-14 02:45:25+00:00,create,2001:df7:5381::/48,3970,48
2021-09-14 05:39:40+00:00,create,103.171.219.0/24,3970,24
2021-09-14 15:37:51+00:00,delete,2001:df7:5381::/48,AS3970,0
2021-09-15 00:22:19+00:00,create,2001:df7:5381::/48,3970,48
2021-09-15 00:57:24+00:00,create,103.171.219.0/24,3970,24
2021-09-15 13:45:52+00:00,delete,2001:df7:5381::/48,AS3970,0
2021-09-15 14:37:51+00:00,delete,103.171.219.0/24,AS3970,0
2021-09-16 01:25:16+00:00,create,103.171.219.0/24,3970,24
2021-09-16 03:50:09+00:00,create,2001:df7:5381::/48,3970,48
2021-09-16 13:13:53+00:00,delete,103.171.219.0/24,AS3970,0
2021-09-16 15:22:20+00:00,delete,2001:df7:5381::/48,AS3970,0
2021-09-17 04:54:31+00:00,create,103.171.219.0/24,3970,24
2021-09-17 05:55:40+00:00,create,2001:df7:5381::/48,3970,48
2021-09-17 15:55:34+00:00,delete,2001:df7:5381::/48,AS3970,0
2021-09-17 16:15:08+00:00,delete,103.171.219.0/24,AS3970,0
2021-09-18 02:03:54+00:00,create,103.171.219.0/24,3970,24
2021-09-18 02:23:54+00:00,create,2001:df7:5381::/48,3970,48
2021-09-18 16:08:27+00:00,delete,103.171.219.0/24,AS3970,0
2021-09-19 00:09:52+00:00,create,103.171.219.0/24,3970,24
2021-09-19 00:40:31+00:00,create,2001:df7:5381::/48,3970,48
2021-09-19 12:53:50+00:00,delete,103.171.219.0/24,AS3970,0
2021-09-19 14:59:17+00:00,delete,2001:df7:5381::/48,AS3970,0
2021-09-20 00:11:22+00:00,create,103.171.219.0/24,3970,24
2021-09-20 02:21:23+00:00,create,2001:df7:5381::/48,3970,48
2021-09-20 17:03:32+00:00,delete,2001:df7:5381::/48,AS3970,0
2021-09-20 17:37:35+00:00,delete,103.171.219.0/24,AS3970,0
2021-09-21 03:17:31+00:00,create,103.171.219.0/24,3970,24
2021-09-21 03:42:10+00:00,create,2001:df7:5381::/48,3970,48
2021-09-21 12:52:54+00:00,delete,2001:df7:5381::/48,AS3970,0
2021-09-21 15:53:57+00:00,delete,103.171.219.0/24,AS3970,0
2021-09-22 02:25:16+00:00,create,2001:df7:5381::/48,3970,48
2021-09-22 02:45:04+00:00,create,103.171.219.0/24,3970,24
2021-09-22 14:00:45+00:00,delete,2001:df7:5381::/48,AS3970,0
2021-09-23 02:13:43+00:00,create,2001:df7:5381::/48,3970,48
2021-09-23 04:48:12+00:00,create,103.171.219.0/24,3970,24
2021-09-23 13:16:14+00:00,delete,103.171.219.0/24,AS3970,0
2021-09-23 17:45:29+00:00,delete,2001:df7:5381::/48,AS3970,0
2021-09-24 00:53:36+00:00,create,103.171.219.0/24,3970,24
2021-09-24 04:27:35+00:00,create,2001:df7:5381::/48,3970,48
2021-09-24 13:28:46+00:00,delete,2001:df7:5381::/48,AS3970,0
2021-09-24 17:13:56+00:00,delete,103.171.219.0/24,AS3970,0
2021-09-25 00:14:07+00:00,create,103.171.219.0/24,3970,24
2021-09-25 05:03:21+00:00,create,2001:df7:5381::/48,3970,48
2021-09-25 12:22:01+00:00,delete,2001:df7:5381::/48,AS3970,0
2021-09-25 17:21:18+00:00,delete,103.171.219.0/24,AS3970,0
2021-09-26 03:45:44+00:00,create,103.171.219.0/24,3970,24
2021-09-26 05:56:50+00:00,create,2001:df7:5381::/48,3970,48
2021-09-26 13:42:06+00:00,delete,2001:df7:5381::/48,AS3970,0
2021-09-26 17:20:37+00:00,delete,103.171.219.0/24,AS3970,0
2021-09-27 00:55:50+00:00,create,103.171.219.0/24,3970,24
2021-09-27 02:55:47+00:00,create,2001:df7:5381::/48,3970,48
2021-09-27 14:11:27+00:00,delete,2001:df7:5381::/48,AS3970,0
2021-09-27 15:49:06+00:00,delete,103.171.219.0/24,AS3970,0
2021-09-28 01:17:25+00:00,create,103.171.219.0/24,3970,24
2021-09-28 01:26:12+00:00,create,2001:df7:5381::/48,3970,48
2021-09-28 16:17:48+00:00,delete,2001:df7:5381::/48,AS3970,0
2021-09-29 04:25:27+00:00,create,2001:df7:5381::/48,3970,48
2021-09-29 04:35:44+00:00,create,103.171.219.0/24,3970,24
2021-09-29 14:46:18+00:00,delete,2001:df7:5381::/48,AS3970,0
2021-09-29 16:01:39+00:00,delete,103.171.219.0/24,AS3970,0
2021-09-30 00:41:26+00:00,create,103.171.219.0/24,3970,24
2021-09-30 02:41:29+00:00,create,2001:df7:5381::/48,3970,48
2021-09-30 14:22:15+00:00,delete,103.171.219.0/24,AS3970,0
2021-09-30 14:40:40+00:00,delete,2001:df7:5381::/48,AS3970,0
2021-10-01 01:43:19+00:00,create,2001:df7:5381::/48,3970,48
2021-10-01 03:24:36+00:00,create,103.171.219.0/24,3970,24
2021-10-01 15:04:07+00:00,delete,103.171.219.0/24,AS3970,0
2021-10-01 15:44:24+00:00,delete,2001:df7:5381::/48,AS3970,0
2021-10-02 00:27:18+00:00,create,103.171.219.0/24,3970,24
2021-10-02 03:16:54+00:00,create,2001:df7:5381::/48,3970,48
2021-10-02 13:58:03+00:00,delete,2001:df7:5381::/48,AS3970,0
2021-10-02 16:31:10+00:00,delete,103.171.219.0/24,AS3970,0
2021-10-03 01:49:40+00:00,create,2001:df7:5381::/48,3970,48
2021-10-03 05:06:48+00:00,create,103.171.219.0/24,3970,24
2021-10-03 12:30:20+00:00,delete,103.171.219.0/24,AS3970,0
2021-10-03 16:29:15+00:00,delete,2001:df7:5381::/48,AS3970,0
2021-10-04 01:24:54+00:00,create,2001:df7:5381::/48,3970,48
2021-10-04 05:39:12+00:00,create,103.171.219.0/24,3970,24
2021-10-04 14:34:26+00:00,delete,2001:df7:5381::/48,AS3970,0
2021-10-05 00:02:34+00:00,create,2001:df7:5381::/48,3970,48
2021-10-05 01:29:09+00:00,create,103.171.219.0/24,3970,24
2021-10-05 12:30:39+00:00,delete,103.171.219.0/24,AS3970,0
2021-10-05 14:06:57+00:00,delete,2001:df7:5381::/48,AS3970,0
2021-10-06 01:29:39+00:00,create,2001:df7:5381::/48,3970,48
2021-10-06 01:56:11+00:00,create,103.171.219.0/24,3970,24
2021-10-06 15:31:36+00:00,delete,2001:df7:5381::/48,AS3970,0
2021-10-06 16:05:16+00:00,delete,103.171.219.0/24,AS3970,0
2021-10-07 00:52:15+00:00,create,2001:df7:5381::/48,3970,48
2021-10-07 02:45:10+00:00,create,103.171.219.0/24,3970,24
2021-10-07 12:10:02+00:00,delete,103.171.219.0/24,AS3970,0
2021-10-07 15:09:27+00:00,delete,2001:df7:5381::/48,AS3970,0
2021-10-08 01:12:38+00:00,create,103.171.219.0/24,3970,24
2021-10-08 03:07:16+00:00,create,2001:df7:5381::/48,3970,48
2021-10-08 12:09:00+00:00,delete,103.171.219.0/24,AS3970,0
2021-10-08 17:48:48+00:00,delete,2001:df7:5381::/48,AS3970,0
2021-10-09 02:57:02+00:00,create,2001:df7:5381::/48,3970,48
2021-10-09 03:47:40+00:00,create,103.171.219.0/24,3970,24
2021-10-09 16:05:43+00:00,delete,2001:df7:5381::/48,AS3970,0
2021-10-09 17:46:08+00:00,delete,103.171.219.0/24,AS3970,0
2021-10-10 02:34:37+00:00,create,2001:df7:5381::/48,3970,48
2021-10-10 05:46:26+00:00,create,103.171.219.0/24,3970,24
2021-10-10 15:47:28+00:00,delete,103.171.219.0/24,AS3970,0
2021-10-11 02:30:51+00:00,create,2001:df7:5381::/48,3970,48
2021-10-11 05:37:21+00:00,create,103.171.219.0/24,3970,24
2021-10-11 14:39:51+00:00,delete,103.171.219.0/24,AS3970,0
2021-10-11 16:30:53+00:00,delete,2001:df7:5381::/48,AS3970,0
2021-10-12 00:48:26+00:00,create,103.171.219.0/24,3970,24
2021-10-12 05:10:02+00:00,create,2001:df7:5381::/48,3970,48
2021-10-12 13:33:56+00:00,delete,2001:df7:5381::/48,AS3970,0
2021-10-12 17:18:24+00:00,delete,103.171.219.0/24,AS3970,0
2021-10-13 04:46:59+00:00,create,2001:df7:5381::/48,3970,48
2021-10-13 04:58:13+00:00,create,103.171.219.0/24,3970,24
2021-10-13 15:18:31+00:00,delete,2001:df7:5381::/48,AS3970,0
2021-10-13 17:00:18+00:00,delete,103.171.219.0/24,AS3970,0
2021-10-14 00:43:23+00:00,create,103.171.219.0/24,3970,24
2021-10-14 01:29:14+00:00,create,2001:df7:5381::/48,3970,48
2021-10-14 12:11:33+00:00,delete,2001:df7:5381::/48,AS3970,0
2021-10-14 16:57:31+00:00,delete,103.171.219.0/24,AS3970,0
2021-10-15 00:19:47+00:00,create,2001:df7:5381::/48,3970,48
2021-10-15 02:36:59+00:00,create,103.171.219.0/24,3970,24
2021-10-15 13:32:22+00:00,delete,2001:df7:5381::/48,AS3970,0
2021-10-15 17:06:20+00:00,delete,103.171.219.0/24,AS3970,0
2021-10-16 00:04:05+00:00,create,103.171.219.0/24,3970,24
2021-10-16 02:16:13+00:00,create,2001:df7:5381::/48,3970,48
2021-10-16 15:28:54+00:00,delete,2001:df7:5381::/48,AS3970,0
2021-10-17 02:56:02+00:00,create,103.171.219.0/24,3970,24
2021-10-17 03:48:36+00:00,create,2001:df7:5381::/48,3970,48
2021-10-17 14:47:46+00:00,delete,2001:df7:5381::/48,AS3970,0
2021-10-17 17:29:24+00:00,delete,103.171.219.0/24,AS3970,0
2021-10-18 02:02:45+00:00,create,2001:df7:5381::/48,3970,48
2021-10-18 04:03:54+00:00,create,103.171.219.0/24,3970,24
2021-10-18 14:17:38+00:00,delete,103.171.219.0/24,AS3970,0
2021-10-18 17:29:31+00:00,delete,2001:df7:5381::/48,AS3970,0
2021-10-19 00:25:48+00:00,create,103.171.219.0/24,3970,24
2021-10-19 02:09:44+00:00,create,2001:df7:5381::/48,3970,48
2021-10-19 13:22:55+00:00,delete,2001:df7:5381::/48,AS3970,0
2021-10-19 13:38:21+00:00,delete,103.171.219.0/24,AS3970,0
2021-10-20 00:57:18+00:00,create,2001:df7:5381::/48,3970,48
2021-10-20 04:17:03+00:00,create,103.171.219.0/24,3970,24
2021-10-20 13:00:06+00:00,delete,103.171.219.0/24,AS3970,0
2021-10-20 14:32:09+00:00,delete,2001:df7:5381::/48,AS3970,0
2021-10-21 00:42:50+00:00,create,103.171.219.0/24,3970,24
2021-10-21 04:08:38+00:00,create,2001:df7:5381::/48,3970,48
2021-10-21 17:42:24+00:00,delete,2001:df7:5381::/48,AS3970,0
2021-10-21 17:52:27+00:00,delete,103.171.219.0/24,AS3970,0
2021-10-22 03:36:57+00:00,create,2001:df7:5381::/48,3970,48
2021-10-22 04:40:14+00:00,create,103.171.219.0/24,3970,24
2021-10-22 17:11:57+00:00,delete,2001:df7:5381::/48,AS3970,0
2021-10-22 17:19:54+00:00,delete,103.171.219.0/24,AS3970,0
2021-10-23 01:32:25+00:00,create,103.171.219.0/24,3970,24
2021-10-23 04:53:05+00:00,create,2001:df7:5381::/48,3970,48
2021-10-23 14:47:57+00:00,delete,2001:df7:5381::/48,AS3970,0
2021-10-23 17:17:15+00:00,delete,103.171.219.0/24,AS3970,0
2021-10-24 03:16:47+00:00,create,2001:df7:5381::/48,3970,48
2021-10-24 04:51:25+00:00,create,103.171.219.0/24,3970,24
2021-10-24 12:43:42+00:00,delete,103.171.219.0/24,AS3970,0
2021-10-24 13:13:46+00:00,delete,2001:df7:5381::/48,AS3970,0
2021-10-25 00:07:56+00:00,create,2001:df7:5381::/48,3970,48
2021-10-25 02:39:33+00:00,create,103.171.219.0/24,3970,24
2021-10-25 15:40:55+00:00,delete,103.171.219.0/24,AS3970,0
2021-10-25 16:29:51+00:00,delete,2001:df7:5381::/48,AS3970,0
2021-10-26 01:40:39+00:00,create,103.171.219.0/24,3970,24
2021-10-26 05:42:45+00:00,create,2001:df7:5381::/48,3970,48
2021-10-26 12:23:44+00:00,delete,2001:df7:5381::/48,AS3970,0
2021-10-26 14:19:16+00:00,delete,103.171.219.0/24,AS3970,0
2021-10-27 01:19:37+00:00,create,2001:df7:5381::/48,3970,48
2021-10-27 05:16:41+00:00,create,103.171.219.0/24,3970,24
2021-10-27 12:12:36+00:00,delete,103.171.219.0/24,AS3970,0
2021-10-27 17:54:02+00:00,delete,2001:df7:5381::/48,AS3970,0
2021-10-28 04:36:59+00:00,create,103.171.219.0/24,3970,24
2021-10-28 04:38:59+00:00,create,2001:df7:5381::/48,3970,48
2021-10-28 14:45:43+00:00,delete,103.171.219.0/24,AS3970,0
2021-10-28 17:55:55+00:00,delete,2001:df7:5381::/48,AS3970,0
2021-10-29 00:03:09+00:00,create,2001:df7:5381::/48,3970,48
2021-10-29 02:26:47+00:00,create,103.171.219.0/24,3970,24
2021-10-29 13:52:20+00:00,delete,2001:df7:5381::/48,AS3970,0
2021-10-29 17:42:28+00:00,delete,103.171.219.0/24,AS3970,0
2021-10-30 01:37:40+00:00,create,103.171.219.0/24,3970,24
2021-10-30 03:18:44+00:00,create,2001:df7:5381::/48,3970,48
2021-10-30 17:42:44+00:00,delete,2001:df7:5381::/48,AS3970,0
2021-10-30 17:51:38+00:00,delete,103.171.219.0/24,AS3970,0
2021-10-31 01:11:45+00:00,create,103.171.219.0/24,3970,24
2021-10-31 02:34:28+00:00,create,2001:df7:5381::/48,3970,48
2021-10-31 16:41:22+00:00,delete,2001:df7:5381::/48,AS3970,0
2021-10-31 16:48:14+00:00,delete,103.171.219.0/24,AS3970,0
2021-11-01 01:13:24+00:00,create,103.171.219.0/24,3970,24
2021-11-01 01:16:00+00:00,create,2001:df7:5381::/48,3970,48
2021-11-01 17:29:02+00:00,delete,2001:df7:5381::/48,AS3970,0
2021-11-01 17:40:29+00:00,delete,103.171.219.0/24,AS3970,0
2021-11-02 02:44:11+00:00,create,103.171.219.0/24,3970,24
2021-11-02 03:30:03+00:00,create,2001:df7:5381::/48,3970,48
2021-11-02 13:36:02+00:00,delete,2001:df7:5381::/48,AS3970,0
2021-11-02 17:39:58+00:00,delete,103.171.219.0/24,AS3970,0
2021-11-03 03:43:51+00:00,create,2001:df7:5381::/48,3970,48
2021-11-03 05:35:51+00:00,create,103.171.219.0/24,3970,24
2021-11-03 15:31:46+00:00,delete,103.171.219.0/24,AS3970,0
2021-11-03 16:01:02+00:00,delete,2001:df7:5381::/48,AS3970,0
2021-11-04 05:36:21+00:00,create,2001:df7:5381::/48,3970,48
2021-11-04 05:51:55+00:00,create,103.171.219.0/24,3970,24
2021-11-04 12:43:27+00:00,delete,103.171.219.0/24,AS3970,0
2021-11-04 17:28:42+00:00,delete,2001:df7:5381::/48,AS3970,0
2021-11-05 02:26:11+00:00,create,2001:df7:5381::/48,3970,48
2021-11-05 05:26:26+00:00,create,103.171.219.0/24,3970,24
2021-11-05 14:53:08+00:00,delete,103.171.219.0/24,AS3970,0
2021-11-05 17:55:32+00:00,delete,2001:df7:5381::/48,AS3970,0
2021-11-06 02:04:11+00:00,create,103.171.219.0/24,3970,24
2021-11-06 04:45:58+00:00,create,2001:df7:5381::/48,3970,48
2021-11-06 12:05:18+00:00,delete,2001:df7:5381::/48,AS3970,0
2021-11-06 15:14:09+00:00,delete,103.171.219.0/24,AS3970,0
2021-11-07 00:39:29+00:00,create,103.171.219.0/24,3970,24
2021-11-07 04:42:53+00:00,create,2001:df7:5381::/48,3970,48
2021-11-07 16:52:48+00:00,delete,2001:df7:5381::/48,AS3970,0
2021-11-07 17:43:34+00:00,delete,103.171.219.0/24,AS3970,0
2021-11-08 01:36:18+00:00,create,2001:df7:5381::/48,3970,48
2021-11-08 02:45:31+00:00,create,103.171.219.0/24,3970,24
2021-11-08 16:26:28+00:00,delete,2001:df7:5381::/48,AS3970,0
2021-11-08 17:28:50+00:00,delete,103.171.219.0/24,AS3970,0
2021-11-09 02:07:29+00:00,create,2001:df7:5381::/48,3970,48
2021-11-09 05:35:02+00:00,create,103.171.219.0/24,3970,24
2021-11-09 12:43:51+00:00,delete,2001:df7:5381::/48,AS3970,0
2021-11-09 17:15:35+00:00,delete,103.171.219.0/24,AS3970,0
2021-11-10 04:41:32+00:00,create,2001:df7:5381::/48,3970,48
2021-11-10 04:54:48+00:00,create,103.171.219.0/24,3970,24
2021-11-10 13:16:05+00:00,delete,103.171.219.0/24,AS3970,0
2021-11-10 17:51:04+00:00,delete,2001:df7:5381::/48,AS3970,0
2021-11-11 04:17:34+00:00,create,2001:df7:5381::/48,3970,48
2021-11-11 04:17:50+00:00,create,103.171.219.0/24,3970,24
2021-11-11 15:04:17+00:00,delete,103.171.219.0/24,AS3970,0
2021-11-11 16:35:25+00:00,delete,2001:df7:5381::/48,AS3970,0
2021-11-12 00:15:25+00:00,create,103.171.219.0/24,3970,24
2021-11-12 05:05:19+00:00,create,2001:df7:5381::/48,3970,48
2021-11-12 15:03:21+00:00,delete,2001:df7:5381::/48,AS3970,0
2021-11-12 16:39:20+00:00,delete,103.171.219.0/24,AS3970,0
2021-11-13 03:33:07+00:00,create,2001:df7:5381::/48,3970,48
2021-11-13 05:28:57+00:00,create,103.171.219.0/24,3970,24
2021-11-13 12:06:54+00:00,delete,2001:df7:5381::/48,AS3970,0
2021-11-13 15:57:26+00:00,delete,103.171.219.0/24,AS3970,0
2021-11-14 01:31:31+00:00,create,103.171.219.0/24,3970,24
2021-11-14 02:58:49+00:00,create,2001:df7:5381::/48,3970,48
2021-11-14 12:45:09+00:00,delete,2001:df7:5381::/48,AS3970,0
2021-11-14 16:08:51+00:00,delete,103.171.219.0/24,AS3970,0
2021-11-15 03:36:09+00:00,create,103.171.219.0/24,3970,24
2021-11-15 05:36:09+00:00,create,2001:df7:5381::/48,3970,48
2021-11-15 13:29:04+00:00,delete,103.171.219.0/24,AS3970,0
2021-11-15 16:37:21+00:00,delete,2001:df7:5381::/48,AS3970,0
2021-11-16 02:18:46+00:00,create,103.171.219.0/24,3970,24
2021-11-16 05:58:21+00:00,create,2001:df7:5381::/48,3970,48
2021-11-16 12:48:38+00:00,delete,2001:df7:5381::/48,AS3970,0
2021-11-16 13:29:43+00:00,delete,103.171.219.0/24,AS3970,0
2021-11-17 02:21:38+00:00,create,103.171.219.0/24,3970,24
2021-11-17 04:48:36+00:00,create,2001:df7:5381::/48,3970,48
2021-11-17 14:45:18+00:00,delete,2001:df7:5381::/48,AS3970,0
2021-11-17 15:17:34+00:00,delete,103.171.219.0/24,AS3970,0
2021-11-18 01:06:43+00:00,create,103.171.219.0/24,3970,24
2021-11-18 02:25:46+00:00,create,2001:df7:5381::/48,3970,48
2021-11-18 13:03:02+00:00,delete,103.171.219.0/24,AS3970,0
2021-11-18 17:15:32+00:00,delete,2001:df7:5381::/48,AS3970,0
2021-11-19 03:51:08+00:00,create,103.171.219.0/24,3970,24
2021-11-19 05:48:59+00:00,create,2001:df7:5381::/48,3970,48
2021-11-19 12:28:14+00:00,delete,2001:df7:5381::/48,AS3970,0
2021-11-19 13:39:48+00:00,delete,103.171.219.0/24,AS3970,0
2021-11-20 02:47:29+00:00,create,2001:df7:5381::/48,3970,48
2021-11-20 02:57:23+00:00,create,103.171.219.0/24,3970,24
2021-11-20 14:47:47+00:00,delete,2001:df7:5381::/48,AS3970,0
2021-11-20 15:28:42+00:00,delete,103.171.219.0/24,AS3970,0
2021-11-21 02:33:34+00:00,create,103.171.219.0/24,3970,24
2021-11-21 05:39:51+00:00,create,2001:df7:5381::/48,3970,48
2021-11-21 15:24:05+00:00,delete,2001:df7:5381::/48,AS3970,0
2021-11-21 16:02:07+00:00,delete,103.171.219.0/24,AS3970,0
2021-11-22 00:05:06+00:00,create,2001:df7:5381::/48,3970,48
2021-11-22 02:01:02+00:00,create,103.171.219.0/24,3970,24
2021-11-22 13:42:11+00:00,delete,2001:df7:5381::/48,AS3970,0
2021-11-22 14:23:47+00:00,delete,103.171.219.0/24,AS3970,0
2021-11-23 04:14:13+00:00,create,103.171.219.0/24,3970,24
2021-11-23 04:14:51+00:00,create,2001:df7:5381::/48,3970,48
2021-11-23 15:31:40+00:00,delete,2001:df7:5381::/48,AS3970,0
2021-11-23 17:36:54+00:00,delete,103.171.219.0/24,AS3970,0
2021-12-03 01:15:30+00:00,create,2001:df7:5381::/48,3970,48
2021-12-03 04:43:48+00:00,create,103.171.219.0/24,3970,24
2021-12-03 13:00:26+00:00,delete,103.171.219.0/24,AS3970,0
2021-12-03 14:23:51+00:00,delete,2001:df7:5381::/48,AS3970,0
2021-12-04 00:51:35+00:00,create,2001:df7:5381::/48,3970,48
2021-12-04 05:04:52+00:00,create,103.171.219.0/24,3970,24
2021-12-04 16:03:24+00:00,delete,103.171.219.0/24,AS3970,0
2021-12-04 16:18:27+00:00,delete,2001:df7:5381::/48,AS3970,0
2021-12-05 02:21:54+00:00,create,103.171.219.0/24,3970,24
2021-12-05 05:03:44+00:00,create,2001:df7:5381::/48,3970,48
2021-12-05 12:43:45+00:00,delete,103.171.219.0/24,AS3970,0
2021-12-05 16:08:40+00:00,delete,2001:df7:5381::/48,AS3970,0
2021-12-06 01:47:42+00:00,create,2001:df7:5381::/48,3970,48
2021-12-06 03:55:15+00:00,create,103.171.219.0/24,3970,24
2021-12-06 13:01:34+00:00,delete,2001:df7:5381::/48,AS3970,0
2021-12-06 14:49:55+00:00,delete,103.171.219.0/24,AS3970,0
2021-12-07 01:54:20+00:00,create,103.171.219.0/24,3970,24
2021-12-07 05:08:53+00:00,create,2001:df7:5381::/48,3970,48
2021-12-07 14:11:59+00:00,delete,2001:df7:5381::/48,AS3970,0
2021-12-07 16:24:52+00:00,delete,103.171.219.0/24,AS3970,0
2021-12-08 00:10:43+00:00,create,2001:df7:5381::/48,3970,48
2021-12-08 01:01:15+00:00,create,103.171.219.0/24,3970,24
2021-12-08 12:31:51+00:00,delete,2001:df7:5381::/48,AS3970,0
2021-12-08 16:34:41+00:00,delete,103.171.219.0/24,AS3970,0
2021-12-09 00:49:38+00:00,create,103.171.219.0/24,3970,24
2021-12-09 01:17:18+00:00,create,2001:df7:5381::/48,3970,48
2021-12-09 13:16:07+00:00,delete,103.171.219.0/24,AS3970,0
2021-12-09 16:21:09+00:00,delete,2001:df7:5381::/48,AS3970,0
2021-12-10 03:10:51+00:00,create,2001:df7:5381::/48,3970,48
2021-12-10 05:51:30+00:00,create,103.171.219.0/24,3970,24
2021-12-10 16:24:15+00:00,delete,2001:df7:5381::/48,AS3970,0
2021-12-10 17:23:42+00:00,delete,103.171.219.0/24,AS3970,0
2021-12-11 01:18:33+00:00,create,2001:df7:5381::/48,3970,48
2021-12-11 03:58:43+00:00,create,103.171.219.0/24,3970,24
2021-12-11 12:16:19+00:00,delete,103.171.219.0/24,AS3970,0
2021-12-11 17:54:02+00:00,delete,2001:df7:5381::/48,AS3970,0
2021-12-12 01:22:00+00:00,create,2001:df7:5381::/48,3970,48
2021-12-12 04:54:29+00:00,create,103.171.219.0/24,3970,24
2021-12-12 12:38:12+00:00,delete,103.171.219.0/24,AS3970,0
2021-12-12 15:05:53+00:00,delete,2001:df7:5381::/48,AS3970,0
2021-12-13 00:38:27+00:00,create,103.171.219.0/24,3970,24
2021-12-13 01:57:34+00:00,create,2001:df7:5381::/48,3970,48
2021-12-13 12:37:35+00:00,delete,2001:df7:5381::/48,AS3970,0
2021-12-13 13:55:15+00:00,delete,103.171.219.0/24,AS3970,0
2021-12-14 03:55:15+00:00,create,2001:df7:5381::/48,3970,48
2021-12-14 04:24:01+00:00,create,103.171.219.0/24,3970,24
2021-12-14 15:59:56+00:00,delete,103.171.219.0/24,AS3970,0
2021-12-14 17:04:18+00:00,delete,2001:df7:5381::/48,AS3970,0
2021-12-15 04:09:52+00:00,create,103.171.219.0/24,3970,24
2021-12-15 05:27:41+00:00,create,2001:df7:5381::/48,3970,48
2021-12-15 14:30:24+00:00,delete,2001:df7:5381::/48,AS3970,0
2021-12-15 17:12:56+00:00,delete,103.171.219.0/24,AS3970,0
2021-12-16 03:14:59+00:00,create,2001:df7:5381::/48,3970,48
2021-12-16 04:05:37+00:00,create,103.171.219.0/24,3970,24
2021-12-16 16:08:14+00:00,delete,2001:df7:5381::/48,AS3970,0
2021-12-16 16:38:11+00:00,delete,103.171.219.0/24,AS3970,0
2021-12-17 04:33:30+00:00,create,2001:df7:5381::/48,3970,48
2021-12-17 05:15:47+00:00,create,103.171.219.0/24,3970,24
2021-12-17 12:59:31+00:00,delete,2001:df7:5381::/48,AS3970,0
2021-12-17 13:01:46+00:00,delete,103.171.219.0/24,AS3970,0
2021-12-18 04:27:11+00:00,create,103.171.219.0/24,3970,24
2021-12-18 05:48:32+00:00,create,2001:df7:5381::/48,3970,48
2021-12-18 13:36:39+00:00,delete,103.171.219.0/24,AS3970,0
2021-12-18 15:04:38+00:00,delete,2001:df7:5381::/48,AS3970,0
2021-12-19 03:17:53+00:00,create,103.171.219.0/24,3970,24
2021-12-19 05:57:41+00:00,create,2001:df7:5381::/48,3970,48
2021-12-19 15:11:56+00:00,delete,2001:df7:5381::/48,AS3970,0
2021-12-19 16:33:52+00:00,delete,103.171.219.0/24,AS3970,0
2021-12-20 01:11:25+00:00,create,2001:df7:5381::/48,3970,48
2021-12-20 04:44:27+00:00,create,103.171.219.0/24,3970,24
2021-12-20 15:58:25+00:00,delete,103.171.219.0/24,AS3970,0
2021-12-20 17:37:05+00:00,delete,2001:df7:5381::/48,AS3970,0
2021-12-21 04:25:31+00:00,create,103.171.219.0/24,3970,24
2021-12-21 05:19:14+00:00,create,2001:df7:5381::/48,3970,48
2021-12-21 12:49:41+00:00,delete,2001:df7:5381::/48,AS3970,0
2021-12-21 16:47:00+00:00,delete,103.171.219.0/24,AS3970,0
2021-12-24 07:32:34+00:00,create,103.171.219.0/24,3970,24
2021-12-24 07:34:39+00:00,create,2001:df7:5381::/48,3970,48
2021-12-24 14:15:29+00:00,delete,2001:df7:5381::/48,AS3970,0
2021-12-24 16:15:59+00:00,delete,103.171.219.0/24,AS3970,0
2021-12-25 03:03:24+00:00,create,103.171.219.0/24,3970,24
2021-12-25 04:42:36+00:00,create,2001:df7:5381::/48,3970,48
2021-12-25 13:56:35+00:00,delete,2001:df7:5381::/48,AS3970,0
2021-12-25 16:55:58+00:00,delete,103.171.219.0/24,AS3970,0
2021-12-26 01:01:53+00:00,create,103.171.219.0/24,3970,24
2021-12-26 02:23:42+00:00,create,2001:df7:5381::/48,3970,48
2021-12-26 15:10:50+00:00,delete,103.171.219.0/24,AS3970,0
2021-12-26 16:00:14+00:00,delete,2001:df7:5381::/48,AS3970,0
2021-12-27 01:25:21+00:00,create,2001:df7:5381::/48,3970,48
2021-12-27 05:40:24+00:00,create,103.171.219.0/24,3970,24
2021-12-27 12:34:18+00:00,delete,2001:df7:5381::/48,AS3970,0
2021-12-27 13:58:38+00:00,delete,103.171.219.0/24,AS3970,0
2021-12-28 00:06:50+00:00,create,2001:df7:5381::/48,3970,48
2021-12-28 05:34:47+00:00,create,103.171.219.0/24,3970,24
2021-12-28 16:45:10+00:00,delete,2001:df7:5381::/48,AS3970,0
2021-12-28 17:19:24+00:00,delete,103.171.219.0/24,AS3970,0
2021-12-29 02:51:07+00:00,create,103.171.219.0/24,3970,24
2021-12-29 05:49:47+00:00,create,2001:df7:5381::/48,3970,48
2021-12-29 16:33:37+00:00,delete,103.171.219.0/24,AS3970,0
2021-12-29 17:10:51+00:00,delete,2001:df7:5381::/48,AS3970,0
2021-12-30 01:39:33+00:00,create,103.171.219.0/24,3970,24
2021-12-30 01:50:30+00:00,create,2001:df7:5381::/48,3970,48
2021-12-30 15:39:42+00:00,delete,2001:df7:5381::/48,AS3970,0
2021-12-30 17:12:40+00:00,delete,103.171.219.0/24,AS3970,0
2021-12-31 02:34:15+00:00,create,2001:df7:5381::/48,3970,48
2021-12-31 05:38:55+00:00,create,103.171.219.0/24,3970,24
2021-12-31 15:04:19+00:00,delete,103.171.219.0/24,AS3970,0
2021-12-31 16:47:22+00:00,delete,2001:df7:5381::/48,AS3970,0
2022-01-01 04:16:08+00:00,create,2001:df7:5381::/48,3970,48
2022-01-01 04:54:08+00:00,create,103.171.219.0/24,3970,24
2022-01-01 13:45:57+00:00,delete,2001:df7:5381::/48,AS3970,0
2022-01-01 17:04:20+00:00,delete,103.171.219.0/24,AS3970,0
2022-01-02 01:44:36+00:00,create,2001:df7:5381::/48,3970,48
2022-01-02 04:05:59+00:00,create,103.171.219.0/24,3970,24
2022-01-02 15:06:49+00:00,delete,2001:df7:5381::/48,AS3970,0
2022-01-02 16:38:47+00:00,delete,103.171.219.0/24,AS3970,0
2022-01-03 00:22:16+00:00,create,103.171.219.0/24,3970,24
2022-01-03 02:06:55+00:00,create,2001:df7:5381::/48,3970,48
2022-01-03 12:17:32+00:00,delete,2001:df7:5381::/48,AS3970,0
2022-01-03 13:16:08+00:00,delete,103.171.219.0/24,AS3970,0
2022-01-04 01:58:08+00:00,create,2001:df7:5381::/48,3970,48
2022-01-04 05:36:40+00:00,create,103.171.219.0/24,3970,24
2022-01-04 14:27:44+00:00,delete,2001:df7:5381::/48,AS3970,0
2022-01-04 17:59:47+00:00,delete,103.171.219.0/24,AS3970,0
2022-01-05 03:10:23+00:00,create,103.171.219.0/24,3970,24
2022-01-05 05:15:25+00:00,create,2001:df7:5381::/48,3970,48
2022-01-05 14:05:17+00:00,delete,2001:df7:5381::/48,AS3970,0
2022-01-05 17:22:48+00:00,delete,103.171.219.0/24,AS3970,0
2022-01-06 02:53:48+00:00,create,2001:df7:5381::/48,3970,48
2022-01-06 03:43:51+00:00,create,103.171.219.0/24,3970,24
2022-01-06 14:49:44+00:00,delete,103.171.219.0/24,AS3970,0
2022-01-06 15:31:30+00:00,delete,2001:df7:5381::/48,AS3970,0
2022-01-07 01:46:36+00:00,create,103.171.219.0/24,3970,24
2022-01-07 02:34:48+00:00,create,2001:df7:5381::/48,3970,48
2022-01-07 15:34:27+00:00,delete,103.171.219.0/24,AS3970,0
2022-01-07 16:43:37+00:00,delete,2001:df7:5381::/48,AS3970,0
2022-01-08 05:02:21+00:00,create,103.171.219.0/24,3970,24
2022-01-08 05:48:10+00:00,create,2001:df7:5381::/48,3970,48
2022-01-08 13:24:38+00:00,delete,103.171.219.0/24,AS3970,0
2022-01-08 16:33:01+00:00,delete,2001:df7:5381::/48,AS3970,0
2022-01-09 03:12:38+00:00,create,103.171.219.0/24,3970,24
2022-01-09 05:42:28+00:00,create,2001:df7:5381::/48,3970,48
2022-01-09 15:28:50+00:00,delete,103.171.219.0/24,AS3970,0
2022-01-09 16:20:32+00:00,delete,2001:df7:5381::/48,AS3970,0
2022-01-10 02:25:21+00:00,create,103.171.219.0/24,3970,24
2022-01-10 03:03:44+00:00,create,2001:df7:5381::/48,3970,48
2022-01-10 14:30:47+00:00,delete,2001:df7:5381::/48,AS3970,0
2022-01-10 17:38:00+00:00,delete,103.171.219.0/24,AS3970,0
2022-01-11 00:21:07+00:00,create,2001:df7:5381::/48,3970,48
2022-01-11 03:08:20+00:00,create,103.171.219.0/24,3970,24
2022-01-11 13:50:34+00:00,delete,2001:df7:5381::/48,AS3970,0
2022-01-11 15:05:47+00:00,delete,103.171.219.0/24,AS3970,0
2022-01-12 00:22:13+00:00,create,2001:df7:5381::/48,3970,48
2022-01-12 01:58:13+00:00,create,103.171.219.0/24,3970,24
2022-01-12 14:51:20+00:00,delete,2001:df7:5381::/48,AS3970,0
2022-01-12 15:31:16+00:00,delete,103.171.219.0/24,AS3970,0
2022-01-13 03:12:12+00:00,create,103.171.219.0/24,3970,24
2022-01-13 05:29:23+00:00,create,2001:df7:5381::/48,3970,48
2022-01-13 13:03:45+00:00,delete,103.171.219.0/24,AS3970,0
2022-01-13 14:51:25+00:00,delete,2001:df7:5381::/48,AS3970,0
2022-01-14 00:52:02+00:00,create,2001:df7:5381::/48,3970,48
2022-01-14 05:15:54+00:00,create,103.171.219.0/24,3970,24
2022-01-14 16:55:58+00:00,delete,2001:df7:5381::/48,AS3970,0
2022-01-14 17:38:20+00:00,delete,103.171.219.0/24,AS3970,0
2022-01-15 00:31:26+00:00,create,2001:df7:5381::/48,3970,48
2022-01-15 05:35:20+00:00,create,103.171.219.0/24,3970,24
2022-01-15 12:48:53+00:00,delete,103.171.219.0/24,AS3970,0
2022-01-15 16:28:46+00:00,delete,2001:df7:5381::/48,AS3970,0
2022-01-16 01:08:08+00:00,create,103.171.219.0/24,3970,24
2022-01-16 04:12:14+00:00,create,2001:df7:5381::/48,3970,48
2022-01-16 14:04:12+00:00,delete,103.171.219.0/24,AS3970,0
2022-01-16 14:44:45+00:00,delete,2001:df7:5381::/48,AS3970,0
2022-01-17 01:15:33+00:00,create,2001:df7:5381::/48,3970,48
2022-01-17 02:32:55+00:00,create,103.171.219.0/24,3970,24
2022-01-17 14:12:31+00:00,delete,103.171.219.0/24,AS3970,0
2022-01-17 16:18:44+00:00,delete,2001:df7:5381::/48,AS3970,0
2022-01-18 00:03:03+00:00,create,2001:df7:5381::/48,3970,48
2022-01-18 01:23:27+00:00,create,103.171.219.0/24,3970,24
2022-01-18 16:10:03+00:00,delete,2001:df7:5381::/48,AS3970,0
2022-01-18 17:06:03+00:00,delete,103.171.219.0/24,AS3970,0
2022-01-19 01:31:13+00:00,create,2001:df7:5381::/48,3970,48
2022-01-19 04:04:05+00:00,create,103.171.219.0/24,3970,24
2022-01-19 14:36:18+00:00,delete,103.171.219.0/24,AS3970,0
2022-01-19 17:14:33+00:00,delete,2001:df7:5381::/48,AS3970,0
2022-01-20 01:11:51+00:00,create,2001:df7:5381::/48,3970,48
2022-01-20 02:57:22+00:00,create,103.171.219.0/24,3970,24
2022-01-20 12:48:41+00:00,delete,103.171.219.0/24,AS3970,0
2022-01-20 16:02:59+00:00,delete,2001:df7:5381::/48,AS3970,0
2022-01-21 04:01:35+00:00,create,103.171.219.0/24,3970,24
2022-01-21 05:34:21+00:00,create,2001:df7:5381::/48,3970,48
2022-01-21 13:04:45+00:00,delete,103.171.219.0/24,AS3970,0
2022-01-21 17:54:27+00:00,delete,2001:df7:5381::/48,AS3970,0
2022-01-22 01:49:48+00:00,create,103.171.219.0/24,3970,24
2022-01-22 04:14:47+00:00,create,2001:df7:5381::/48,3970,48
2022-01-22 14:59:04+00:00,delete,2001:df7:5381::/48,AS3970,0
2022-01-22 15:42:24+00:00,delete,103.171.219.0/24,AS3970,0
2022-01-23 01:12:34+00:00,create,2001:df7:5381::/48,3970,48
2022-01-23 01:31:29+00:00,create,103.171.219.0/24,3970,24
2022-01-23 16:02:35+00:00,delete,103.171.219.0/24,AS3970,0
2022-01-23 17:30:55+00:00,delete,2001:df7:5381::/48,AS3970,0
2022-01-24 01:11:58+00:00,create,103.171.219.0/24,3970,24
2022-01-24 01:24:57+00:00,create,2001:df7:5381::/48,3970,48
2022-01-24 16:27:41+00:00,delete,103.171.219.0/24,AS3970,0
2022-01-24 16:36:32+00:00,delete,2001:df7:5381::/48,AS3970,0
2022-01-25 01:16:50+00:00,create,2001:df7:5381::/48,3970,48
2022-01-25 03:53:44+00:00,create,103.171.219.0/24,3970,24
2022-01-25 17:29:42+00:00,delete,103.171.219.0/24,AS3970,0
2022-01-25 17:38:50+00:00,delete,2001:df7:5381::/48,AS3970,0
2022-01-26 03:24:56+00:00,create,103.171.219.0/24,3970,24
2022-01-26 04:46:21+00:00,create,2001:df7:5381::/48,3970,48
2022-01-26 13:56:27+00:00,delete,103.171.219.0/24,AS3970,0
2022-01-26 16:32:22+00:00,delete,2001:df7:5381::/48,AS3970,0
2022-01-27 02:01:32+00:00,create,2001:df7:5381::/48,3970,48
2022-01-27 04:06:52+00:00,create,103.171.219.0/24,3970,24
2022-01-27 15:36:53+00:00,delete,2001:df7:5381::/48,AS3970,0
2022-01-27 17:45:40+00:00,delete,103.171.219.0/24,AS3970,0
2022-01-28 00:27:48+00:00,create,2001:df7:5381::/48,3970,48
2022-01-28 03:37:27+00:00,create,103.171.219.0/24,3970,24
2022-01-28 16:46:53+00:00,delete,103.171.219.0/24,AS3970,0
2022-01-28 18:00:41+00:00,delete,2001:df7:5381::/48,AS3970,0
2022-01-29 01:42:51+00:00,create,2001:df7:5381::/48,3970,48
2022-01-29 05:08:16+00:00,create,103.171.219.0/24,3970,24
2022-01-29 13:40:36+00:00,delete,103.171.219.0/24,AS3970,0
2022-01-29 13:44:01+00:00,delete,2001:df7:5381::/48,AS3970,0
2022-01-30 02:20:30+00:00,create,103.171.219.0/24,3970,24
2022-01-30 02:28:17+00:00,create,2001:df7:5381::/48,3970,48
2022-01-30 13:07:21+00:00,delete,2001:df7:5381::/48,AS3970,0
2022-01-30 14:49:27+00:00,delete,103.171.219.0/24,AS3970,0
2022-01-31 01:45:59+00:00,create,103.171.219.0/24,3970,24
2022-01-31 03:49:54+00:00,create,2001:df7:5381::/48,3970,48
2022-01-31 13:50:16+00:00,delete,2001:df7:5381::/48,AS3970,0
2022-01-31 15:17:06+00:00,delete,103.171.219.0/24,AS3970,0
2022-02-01 01:02:50+00:00,create,2001:df7:5381::/48,3970,48
2022-02-01 02:43:50+00:00,create,103.171.219.0/24,3970,24
2022-02-01 12:04:56+00:00,delete,2001:df7:5381::/48,AS3970,0
2022-02-01 13:12:53+00:00,delete,103.171.219.0/24,AS3970,0
2022-02-02 01:00:54+00:00,create,2001:df7:5381::/48,3970,48
2022-02-02 04:18:50+00:00,create,103.171.219.0/24,3970,24
2022-02-02 13:45:35+00:00,delete,2001:df7:5381::/48,AS3970,0
2022-02-02 15:33:47+00:00,delete,103.171.219.0/24,AS3970,0
2022-02-03 01:54:55+00:00,create,103.171.219.0/24,3970,24
2022-02-03 05:09:45+00:00,create,2001:df7:5381::/48,3970,48
2022-02-03 13:19:57+00:00,delete,2001:df7:5381::/48,AS3970,0
2022-02-03 14:29:23+00:00,delete,103.171.219.0/24,AS3970,0
2022-02-04 05:43:04+00:00,create,103.171.219.0/24,3970,24
2022-02-04 05:54:04+00:00,create,2001:df7:5381::/48,3970,48
2022-02-04 16:13:55+00:00,delete,103.171.219.0/24,AS3970,0
2022-02-04 17:41:27+00:00,delete,2001:df7:5381::/48,AS3970,0
2022-02-05 05:47:27+00:00,create,103.171.219.0/24,3970,24
2022-02-05 05:54:30+00:00,create,2001:df7:5381::/48,3970,48
2022-02-05 15:49:52+00:00,delete,2001:df7:5381::/48,AS3970,0
2022-02-05 16:09:03+00:00,delete,103.171.219.0/24,AS3970,0
2022-02-06 00:17:19+00:00,create,103.171.219.0/24,3970,24
2022-02-06 03:13:37+00:00,create,2001:df7:5381::/48,3970,48
2022-02-06 12:53:43+00:00,delete,103.171.219.0/24,AS3970,0
2022-02-06 13:14:56+00:00,delete,2001:df7:5381::/48,AS3970,0
2022-02-07 02:12:51+00:00,create,2001:df7:5381::/48,3970,48
2022-02-07 05:00:18+00:00,create,103.171.219.0/24,3970,24
2022-02-07 13:45:05+00:00,delete,2001:df7:5381::/48,AS3970,0
2022-02-07 15:50:13+00:00,delete,103.171.219.0/24,AS3970,0
2022-02-08 00:04:16+00:00,create,2001:df7:5381::/48,3970,48
2022-02-08 05:39:19+00:00,create,103.171.219.0/24,3970,24
2022-02-08 12:29:16+00:00,delete,2001:df7:5381::/48,AS3970,0
2022-02-08 14:28:42+00:00,delete,103.171.219.0/24,AS3970,0
2022-02-09 01:43:42+00:00,create,103.171.219.0/24,3970,24
2022-02-09 05:02:54+00:00,create,2001:df7:5381::/48,3970,48
2022-02-09 16:49:24+00:00,delete,103.171.219.0/24,AS3970,0
2022-02-09 17:17:38+00:00,delete,2001:df7:5381::/48,AS3970,0
2022-02-10 01:32:04+00:00,create,103.171.219.0/24,3970,24
2022-02-10 04:33:16+00:00,create,2001:df7:5381::/48,3970,48
2022-02-10 12:15:06+00:00,delete,103.171.219.0/24,AS3970,0
2022-02-10 16:27:58+00:00,delete,2001:df7:5381::/48,AS3970,0
2022-02-11 04:04:27+00:00,create,2001:df7:5381::/48,3970,48
2022-02-11 04:13:59+00:00,create,103.171.219.0/24,3970,24
2022-02-11 13:08:48+00:00,delete,103.171.219.0/24,AS3970,0
2022-02-11 14:54:19+00:00,delete,2001:df7:5381::/48,AS3970,0
2022-02-12 01:09:49+00:00,create,2001:df7:5381::/48,3970,48
2022-02-12 02:29:50+00:00,create,103.171.219.0/24,3970,24
2022-02-12 12:02:29+00:00,delete,2001:df7:5381::/48,AS3970,0
2022-02-12 14:52:35+00:00,delete,103.171.219.0/24,AS3970,0
2022-02-13 01:32:07+00:00,create,103.171.219.0/24,3970,24
2022-02-13 02:20:57+00:00,create,2001:df7:5381::/48,3970,48
2022-02-13 13:30:04+00:00,delete,103.171.219.0/24,AS3970,0
2022-02-13 13:46:20+00:00,delete,2001:df7:5381::/48,AS3970,0
2022-02-14 03:00:04+00:00,create,103.171.219.0/24,3970,24
2022-02-14 04:43:04+00:00,create,2001:df7:5381::/48,3970,48
2022-02-14 16:37:02+00:00,delete,103.171.219.0/24,AS3970,0
2022-02-14 17:13:43+00:00,delete,2001:df7:5381::/48,AS3970,0
2022-02-15 05:23:25+00:00,create,2001:df7:5381::/48,3970,48
2022-02-15 05:36:59+00:00,create,103.171.219.0/24,3970,24
2022-02-15 13:40:15+00:00,delete,2001:df7:5381::/48,AS3970,0
2022-02-15 13:49:03+00:00,delete,103.171.219.0/24,AS3970,0
2022-02-16 01:04:15+00:00,create,2001:df7:5381::/48,3970,48
2022-02-16 03:33:26+00:00,create,103.171.219.0/24,3970,24
2022-02-16 13:42:31+00:00,delete,103.171.219.0/24,AS3970,0
2022-02-16 13:44:58+00:00,delete,2001:df7:5381::/48,AS3970,0
2022-02-17 01:32:30+00:00,create,103.171.219.0/24,3970,24
2022-02-17 04:55:44+00:00,create,2001:df7:5381::/48,3970,48
2022-02-17 13:02:36+00:00,delete,2001:df7:5381::/48,AS3970,0
2022-02-17 14:11:45+00:00,delete,103.171.219.0/24,AS3970,0
2022-02-18 01:48:23+00:00,create,2001:df7:5381::/48,3970,48
2022-02-18 04:55:19+00:00,create,103.171.219.0/24,3970,24
2022-02-18 12:20:22+00:00,delete,103.171.219.0/24,AS3970,0
2022-02-18 15:21:12+00:00,delete,2001:df7:5381::/48,AS3970,0
2022-02-19 04:20:31+00:00,create,2001:df7:5381::/48,3970,48
2022-02-19 05:37:51+00:00,create,103.171.219.0/24,3970,24
2022-02-19 17:15:27+00:00,delete,2001:df7:5381::/48,AS3970,0
2022-02-19 17:37:28+00:00,delete,103.171.219.0/24,AS3970,0
2022-02-20 04:32:22+00:00,create,2001:df7:5381::/48,3970,48
2022-02-20 05:45:08+00:00,create,103.171.219.0/24,3970,24
2022-02-20 12:11:16+00:00,delete,2001:df7:5381::/48,AS3970,0
2022-02-20 17:17:42+00:00,delete,103.171.219.0/24,AS3970,0
2022-02-21 03:41:02+00:00,create,2001:df7:5381::/48,3970,48
2022-02-21 05:16:27+00:00,create,103.171.219.0/24,3970,24
2022-02-21 13:59:06+00:00,delete,2001:df7:5381::/48,AS3970,0
2022-02-21 16:48:47+00:00,delete,103.171.219.0/24,AS3970,0
2022-02-22 04:03:10+00:00,create,103.171.219.0/24,3970,24
2022-02-22 05:24:27+00:00,create,2001:df7:5381::/48,3970,48
2022-02-22 16:49:09+00:00,delete,2001:df7:5381::/48,AS3970,0
2022-02-22 16:52:41+00:00,delete,103.171.219.0/24,AS3970,0
2022-02-23 04:40:37+00:00,create,2001:df7:5381::/48,3970,48
2022-02-23 04:49:03+00:00,create,103.171.219.0/24,3970,24
2022-02-23 12:57:02+00:00,delete,103.171.219.0/24,AS3970,0
2022-02-23 14:31:58+00:00,delete,2001:df7:5381::/48,AS3970,0
2022-02-24 05:08:21+00:00,create,103.171.219.0/24,3970,24
2022-02-24 05:24:37+00:00,create,2001:df7:5381::/48,3970,48
2022-02-24 14:20:42+00:00,delete,103.171.219.0/24,AS3970,0
2022-02-24 14:58:15+00:00,delete,2001:df7:5381::/48,AS3970,0
2022-02-25 03:49:56+00:00,create,103.171.219.0/24,3970,24
2022-02-25 04:43:40+00:00,create,2001:df7:5381::/48,3970,48
2022-02-25 13:06:21+00:00,delete,2001:df7:5381::/48,AS3970,0
2022-02-25 13:44:54+00:00,delete,103.171.219.0/24,AS3970,0
2022-02-26 00:19:08+00:00,create,103.171.219.0/24,3970,24
2022-02-26 05:31:32+00:00,create,2001:df7:5381::/48,3970,48
2022-02-26 14:19:38+00:00,delete,103.171.219.0/24,AS3970,0
2022-02-26 14:38:48+00:00,delete,2001:df7:5381::/48,AS3970,0
2022-02-27 03:55:20+00:00,create,2001:df7:5381::/48,3970,48
2022-02-27 04:55:48+00:00,create,103.171.219.0/24,3970,24
2022-02-27 13:24:14+00:00,delete,2001:df7:5381::/48,AS3970,0
2022-02-27 15:36:19+00:00,delete,103.171.219.0/24,AS3970,0
2022-02-28 01:38:29+00:00,create,2001:df7:5381::/48,3970,48
2022-02-28 02:07:52+00:00,create,103.171.219.0/24,3970,24
2022-02-28 12:39:34+00:00,delete,103.171.219.0/24,AS3970,0
2022-02-28 13:04:28+00:00,delete,2001:df7:5381::/48,AS3970,0
2022-03-01 00:28:17+00:00,create,2001:df7:5381::/48,3970,48
2022-03-01 01:09:12+00:00,create,103.171.219.0/24,3970,24
2022-03-01 12:56:29+00:00,delete,103.171.219.0/24,AS3970,0
2022-03-01 15:59:15+00:00,delete,2001:df7:5381::/48,AS3970,0
2022-03-02 02:49:54+00:00,create,2001:df7:5381::/48,3970,48
2022-03-02 04:32:34+00:00,create,103.171.219.0/24,3970,24
2022-03-02 14:17:17+00:00,delete,103.171.219.0/24,AS3970,0
2022-03-02 15:37:36+00:00,delete,2001:df7:5381::/48,AS3970,0
2022-03-03 00:30:57+00:00,create,2001:df7:5381::/48,3970,48
2022-03-03 02:08:09+00:00,create,103.171.219.0/24,3970,24
2022-03-03 13:41:40+00:00,delete,2001:df7:5381::/48,AS3970,0
2022-03-03 17:25:58+00:00,delete,103.171.219.0/24,AS3970,0
2022-03-04 02:31:19+00:00,create,2001:df7:5381::/48,3970,48
2022-03-04 03:57:47+00:00,create,103.171.219.0/24,3970,24
2022-03-04 14:36:17+00:00,delete,103.171.219.0/24,AS3970,0
2022-03-04 15:15:03+00:00,delete,2001:df7:5381::/48,AS3970,0
2022-03-05 04:13:47+00:00,create,2001:df7:5381::/48,3970,48
2022-03-05 05:23:26+00:00,create,103.171.219.0/24,3970,24
2022-03-05 14:04:05+00:00,delete,103.171.219.0/24,AS3970,0
2022-03-05 17:18:31+00:00,delete,2001:df7:5381::/48,AS3970,0
2022-03-06 01:46:21+00:00,create,2001:df7:5381::/48,3970,48
2022-03-06 03:06:23+00:00,create,103.171.219.0/24,3970,24
2022-03-06 13:28:06+00:00,delete,103.171.219.0/24,AS3970,0
2022-03-06 16:31:25+00:00,delete,2001:df7:5381::/48,AS3970,0
2022-03-07 03:22:52+00:00,create,2001:df7:5381::/48,3970,48
2022-03-07 03:31:47+00:00,create,103.171.219.0/24,3970,24
2022-03-07 14:49:55+00:00,delete,2001:df7:5381::/48,AS3970,0
2022-03-07 15:21:55+00:00,delete,103.171.219.0/24,AS3970,0
2022-03-08 00:16:41+00:00,create,2001:df7:5381::/48,3970,48
2022-03-08 04:19:05+00:00,create,103.171.219.0/24,3970,24
2022-03-08 12:51:20+00:00,delete,103.171.219.0/24,AS3970,0
2022-03-08 15:11:18+00:00,delete,2001:df7:5381::/48,AS3970,0
2022-03-09 01:07:28+00:00,create,2001:df7:5381::/48,3970,48
2022-03-09 05:09:25+00:00,create,103.171.219.0/24,3970,24
2022-03-09 13:30:43+00:00,delete,103.171.219.0/24,AS3970,0
2022-03-09 17:15:37+00:00,delete,2001:df7:5381::/48,AS3970,0
2022-03-10 02:29:28+00:00,create,2001:df7:5381::/48,3970,48
2022-03-10 05:24:23+00:00,create,103.171.219.0/24,3970,24
2022-03-10 13:03:30+00:00,delete,2001:df7:5381::/48,AS3970,0
2022-03-10 16:35:17+00:00,delete,103.171.219.0/24,AS3970,0
2022-03-11 04:49:24+00:00,create,2001:df7:5381::/48,3970,48
2022-03-11 04:49:59+00:00,create,103.171.219.0/24,3970,24
2022-03-11 12:26:47+00:00,delete,103.171.219.0/24,AS3970,0
2022-03-11 17:29:03+00:00,delete,2001:df7:5381::/48,AS3970,0
2022-03-12 05:22:04+00:00,create,103.171.219.0/24,3970,24
2022-03-12 05:31:46+00:00,create,2001:df7:5381::/48,3970,48
2022-03-12 13:45:42+00:00,delete,2001:df7:5381::/48,AS3970,0
2022-03-12 17:54:32+00:00,delete,103.171.219.0/24,AS3970,0
2022-03-13 00:49:28+00:00,create,103.171.219.0/24,3970,24
2022-03-13 03:45:20+00:00,create,2001:df7:5381::/48,3970,48
2022-03-13 14:10:19+00:00,delete,103.171.219.0/24,AS3970,0
2022-03-13 16:07:40+00:00,delete,2001:df7:5381::/48,AS3970,0
2022-03-14 01:14:24+00:00,create,103.171.219.0/24,3970,24
2022-03-14 04:40:01+00:00,create,2001:df7:5381::/48,3970,48
2022-03-14 12:11:17+00:00,delete,2001:df7:5381::/48,AS3970,0
2022-03-14 15:26:12+00:00,delete,103.171.219.0/24,AS3970,0
2022-03-15 01:07:37+00:00,create,2001:df7:5381::/48,3970,48
2022-03-15 13:23:08+00:00,delete,2001:df7:5381::/48,AS3970,0
2022-03-16 04:41:54+00:00,create,103.171.219.0/24,3970,24
2022-03-16 05:36:39+00:00,create,2001:df7:5381::/48,3970,48
2022-03-16 12:48:03+00:00,delete,103.171.219.0/24,AS3970,0
2022-03-16 17:49:11+00:00,delete,2001:df7:5381::/48,AS3970,0
2022-03-17 00:01:08+00:00,create,103.171.219.0/24,3970,24
2022-03-17 05:36:34+00:00,create,2001:df7:5381::/48,3970,48
2022-03-17 14:21:28+00:00,delete,103.171.219.0/24,AS3970,0
2022-03-17 15:14:32+00:00,delete,2001:df7:5381::/48,AS3970,0
2022-03-18 00:00:33+00:00,create,2001:df7:5381::/48,3970,48
2022-03-18 02:50:18+00:00,create,103.171.219.0/24,3970,24
2022-03-18 14:55:18+00:00,delete,2001:df7:5381::/48,AS3970,0
2022-03-18 17:20:23+00:00,delete,103.171.219.0/24,AS3970,0
2022-03-19 01:15:21+00:00,create,103.171.219.0/24,3970,24
2022-03-19 02:08:04+00:00,create,2001:df7:5381::/48,3970,48
2022-03-19 12:02:14+00:00,delete,2001:df7:5381::/48,AS3970,0
2022-03-19 15:11:18+00:00,delete,103.171.219.0/24,AS3970,0
2022-03-20 01:10:54+00:00,create,103.171.219.0/24,3970,24
2022-03-20 01:31:08+00:00,create,2001:df7:5381::/48,3970,48
2022-03-20 13:34:29+00:00,delete,103.171.219.0/24,AS3970,0
2022-03-20 14:25:37+00:00,delete,2001:df7:5381::/48,AS3970,0
2022-04-01 12:07:52+00:00,create,103.171.219.0/24,3970,24
2022-04-01 12:08:48+00:00,create,2001:df7:5381::/48,3970,48
2022-04-02 03:44:40+00:00,create,2001:df7:5381::/48,3970,48
2022-04-03 05:53:54+00:00,create,2001:df7:5381::/48,3970,48
2022-04-03 14:20:24+00:00,delete,103.171.219.0/24,AS3970,0
2022-04-03 14:32:25+00:00,delete,2001:df7:5381::/48,AS3970,0
2022-04-04 01:10:40+00:00,create,103.171.219.0/24,3970,24
2022-04-04 05:37:02+00:00,create,2001:df7:5381::/48,3970,48
2022-04-04 16:39:39+00:00,delete,2001:df7:5381::/48,AS3970,0
2022-04-04 17:11:36+00:00,delete,103.171.219.0/24,AS3970,0
2022-04-05 01:52:18+00:00,create,103.171.219.0/24,3970,24
2022-04-05 05:02:52+00:00,create,2001:df7:5381::/48,3970,48
2022-04-05 14:16:14+00:00,delete,103.171.219.0/24,AS3970,0
2022-04-05 16:33:29+00:00,delete,2001:df7:5381::/48,AS3970,0
2022-04-06 02:05:45+00:00,create,2001:df7:5381::/48,3970,48
2022-04-06 03:28:37+00:00,create,103.171.219.0/24,3970,24
2022-04-06 13:54:27+00:00,delete,103.171.219.0/24,AS3970,0
2022-04-06 14:46:32+00:00,delete,2001:df7:5381::/48,AS3970,0
2022-04-07 00:34:30+00:00,create,2001:df7:5381::/48,3970,48
2022-04-07 03:11:44+00:00,create,103.171.219.0/24,3970,24
2022-04-07 12:05:24+00:00,delete,103.171.219.0/24,AS3970,0
2022-04-07 12:18:42+00:00,delete,2001:df7:5381::/48,AS3970,0
2022-04-08 00:09:36+00:00,create,103.171.219.0/24,3970,24
2022-04-08 02:04:12+00:00,create,2001:df7:5381::/48,3970,48
2022-04-08 05:19:44+00:00,delete,103.171.219.0/24,AS3970,0
2022-04-08 05:21:19+00:00,delete,2001:df7:5381::/48,AS3970,0
2022-04-08 09:59:03+00:00,create,2001:df7:5381::/48,3970,48
2022-04-08 11:00:10+00:00,create,103.171.219.0/24,3970,24
2022-04-08 19:57:11+00:00,delete,103.171.219.0/24,AS3970,0
2022-04-08 21:05:21+00:00,delete,2001:df7:5381::/48,AS3970,0
2022-04-09 06:59:07+00:00,create,2001:df7:5381::/48,3970,48
2022-04-09 11:41:30+00:00,create,103.171.219.0/24,3970,24
2022-04-09 18:35:54+00:00,delete,2001:df7:5381::/48,AS3970,0
2022-04-09 19:16:15+00:00,delete,103.171.219.0/24,AS3970,0
2022-04-10 06:38:36+00:00,create,103.171.219.0/24,3970,24
2022-04-10 10:06:40+00:00,create,2001:df7:5381::/48,3970,48
2022-04-10 19:19:44+00:00,delete,103.171.219.0/24,AS3970,0
2022-04-10 23:00:22+00:00,delete,2001:df7:5381::/48,AS3970,0
2022-04-11 11:09:29+00:00,create,103.171.219.0/24,3970,24
2022-04-11 11:18:24+00:00,create,2001:df7:5381::/48,3970,48
2022-04-11 21:20:07+00:00,delete,103.171.219.0/24,AS3970,0
2022-04-11 22:12:01+00:00,delete,2001:df7:5381::/48,AS3970,0
2022-04-12 10:01:12+00:00,create,2001:df7:5381::/48,3970,48
2022-04-12 10:50:07+00:00,create,103.171.219.0/24,3970,24
2022-04-12 21:49:05+00:00,delete,103.171.219.0/24,AS3970,0
2022-04-12 22:27:28+00:00,delete,2001:df7:5381::/48,AS3970,0
2022-04-13 06:25:23+00:00,create,103.171.219.0/24,3970,24
2022-04-13 09:27:38+00:00,create,2001:df7:5381::/48,3970,48
2022-04-13 22:01:47+00:00,delete,2001:df7:5381::/48,AS3970,0
2022-04-13 23:58:57+00:00,delete,103.171.219.0/24,AS3970,0
2022-04-14 08:55:46+00:00,create,2001:df7:5381::/48,3970,48
2022-04-14 09:18:09+00:00,create,103.171.219.0/24,3970,24
2022-04-14 18:01:47+00:00,delete,2001:df7:5381::/48,AS3970,0
2022-04-14 20:33:14+00:00,delete,103.171.219.0/24,AS3970,0
2022-04-15 06:47:59+00:00,create,103.171.219.0/24,3970,24
2022-04-15 08:18:27+00:00,create,2001:df7:5381::/48,3970,48
2022-04-15 18:13:16+00:00,delete,2001:df7:5381::/48,AS3970,0
2022-04-15 19:33:52+00:00,delete,103.171.219.0/24,AS3970,0
2022-04-16 11:24:21+00:00,create,103.171.219.0/24,3970,24
2022-04-16 11:50:15+00:00,create,2001:df7:5381::/48,3970,48
2022-04-16 21:04:06+00:00,delete,2001:df7:5381::/48,AS3970,0
2022-04-16 23:30:40+00:00,delete,103.171.219.0/24,AS3970,0
2022-04-17 09:01:10+00:00,create,2001:df7:5381::/48,3970,48
2022-04-17 10:31:03+00:00,create,103.171.219.0/24,3970,24
2022-04-17 19:28:20+00:00,delete,2001:df7:5381::/48,AS3970,0
2022-04-17 20:21:47+00:00,delete,103.171.219.0/24,AS3970,0
2022-04-18 09:54:35+00:00,create,2001:df7:5381::/48,3970,48
2022-04-18 11:22:58+00:00,create,103.171.219.0/24,3970,24
2022-04-18 19:47:39+00:00,delete,2001:df7:5381::/48,AS3970,0
2022-04-18 23:42:45+00:00,delete,103.171.219.0/24,AS3970,0
2022-04-19 11:47:50+00:00,create,103.171.219.0/24,3970,24
2022-04-19 11:59:03+00:00,create,2001:df7:5381::/48,3970,48
2022-04-19 21:13:26+00:00,delete,103.171.219.0/24,AS3970,0
2022-04-19 23:28:20+00:00,delete,2001:df7:5381::/48,AS3970,0
2022-04-20 08:18:53+00:00,create,2001:df7:5381::/48,3970,48
2022-04-20 08:26:50+00:00,create,103.171.219.0/24,3970,24
2022-04-20 18:11:38+00:00,delete,103.171.219.0/24,AS3970,0
2022-04-20 22:03:55+00:00,delete,2001:df7:5381::/48,AS3970,0
2022-04-21 07:52:20+00:00,create,103.171.219.0/24,3970,24
2022-04-21 08:46:10+00:00,create,2001:df7:5381::/48,3970,48
2022-04-21 20:25:16+00:00,delete,103.171.219.0/24,AS3970,0
2022-04-21 23:19:35+00:00,delete,2001:df7:5381::/48,AS3970,0
2022-04-22 07:12:18+00:00,create,103.171.219.0/24,3970,24
2022-04-22 10:13:16+00:00,create,2001:df7:5381::/48,3970,48
2022-04-22 18:43:46+00:00,delete,103.171.219.0/24,AS3970,0
2022-04-22 23:06:30+00:00,delete,2001:df7:5381::/48,AS3970,0
2022-04-23 10:44:50+00:00,create,2001:df7:5381::/48,3970,48
2022-04-23 11:20:08+00:00,create,103.171.219.0/24,3970,24
2022-04-23 22:09:21+00:00,delete,2001:df7:5381::/48,AS3970,0
2022-04-23 23:28:24+00:00,delete,103.171.219.0/24,AS3970,0
2022-04-24 08:27:01+00:00,create,2001:df7:5381::/48,3970,48
2022-04-24 10:55:12+00:00,create,103.171.219.0/24,3970,24
2022-04-24 18:54:24+00:00,delete,103.171.219.0/24,AS3970,0
2022-04-24 21:45:45+00:00,delete,2001:df7:5381::/48,AS3970,0
2022-04-25 06:23:15+00:00,create,103.171.219.0/24,3970,24
2022-04-25 10:15:33+00:00,create,2001:df7:5381::/48,3970,48
2022-04-25 15:29:43+00:00,delete,2001:df7:5381::/48,AS3970,0
2022-04-25 16:37:57+00:00,delete,103.171.219.0/24,AS3970,0
2022-04-26 00:39:53+00:00,create,2001:df7:5381::/48,3970,48
2022-04-26 05:19:19+00:00,create,103.171.219.0/24,3970,24
2022-04-26 14:10:34+00:00,delete,2001:df7:5381::/48,AS3970,0
2022-04-26 16:03:51+00:00,delete,103.171.219.0/24,AS3970,0
2022-04-27 00:09:59+00:00,create,2001:df7:5381::/48,3970,48
2022-04-27 01:09:46+00:00,create,103.171.219.0/24,3970,24
2022-04-27 13:10:36+00:00,delete,2001:df7:5381::/48,AS3970,0
2022-04-27 16:20:16+00:00,delete,103.171.219.0/24,AS3970,0
2022-04-28 00:26:07+00:00,create,103.171.219.0/24,3970,24
2022-04-28 03:29:08+00:00,create,2001:df7:5381::/48,3970,48
2022-04-28 16:56:21+00:00,delete,2001:df7:5381::/48,AS3970,0
2022-04-28 17:25:33+00:00,delete,103.171.219.0/24,AS3970,0
2022-04-29 02:12:31+00:00,create,2001:df7:5381::/48,3970,48
2022-04-29 03:54:04+00:00,create,103.171.219.0/24,3970,24
2022-04-29 12:29:14+00:00,delete,103.171.219.0/24,AS3970,0
2022-04-29 16:55:34+00:00,delete,2001:df7:5381::/48,AS3970,0
2022-04-30 02:16:02+00:00,create,103.171.219.0/24,3970,24
2022-04-30 02:59:53+00:00,create,2001:df7:5381::/48,3970,48
2022-04-30 15:33:50+00:00,delete,2001:df7:5381::/48,AS3970,0
2022-04-30 17:05:01+00:00,delete,103.171.219.0/24,AS3970,0
2022-05-01 01:40:03+00:00,create,2001:df7:5381::/48,3970,48
2022-05-01 02:02:36+00:00,create,103.171.219.0/24,3970,24
2022-05-01 15:09:10+00:00,delete,103.171.219.0/24,AS3970,0
2022-05-01 16:13:17+00:00,delete,2001:df7:5381::/48,AS3970,0
2022-05-02 02:38:26+00:00,create,103.171.219.0/24,3970,24
2022-05-02 05:45:59+00:00,create,2001:df7:5381::/48,3970,48
2022-05-02 12:42:32+00:00,delete,2001:df7:5381::/48,AS3970,0
2022-05-02 15:45:42+00:00,delete,103.171.219.0/24,AS3970,0
2022-05-03 00:52:06+00:00,create,103.171.219.0/24,3970,24
2022-05-03 04:16:38+00:00,create,2001:df7:5381::/48,3970,48
2022-05-03 16:46:15+00:00,delete,2001:df7:5381::/48,AS3970,0
2022-05-03 17:31:29+00:00,delete,103.171.219.0/24,AS3970,0
2022-05-04 03:35:25+00:00,create,2001:df7:5381::/48,3970,48
2022-05-04 04:09:46+00:00,create,103.171.219.0/24,3970,24
2022-05-04 13:31:08+00:00,delete,2001:df7:5381::/48,AS3970,0
2022-05-04 14:18:43+00:00,delete,103.171.219.0/24,AS3970,0
2022-05-05 04:17:12+00:00,create,103.171.219.0/24,3970,24
2022-05-05 05:05:30+00:00,create,2001:df7:5381::/48,3970,48
2022-05-05 13:09:08+00:00,delete,2001:df7:5381::/48,AS3970,0
2022-05-05 17:44:45+00:00,delete,103.171.219.0/24,AS3970,0
2022-05-06 01:27:22+00:00,create,2001:df7:5381::/48,3970,48
2022-05-06 04:36:14+00:00,create,103.171.219.0/24,3970,24
2022-05-06 13:51:35+00:00,delete,2001:df7:5381::/48,AS3970,0
2022-05-06 14:51:49+00:00,delete,103.171.219.0/24,AS3970,0
2022-05-07 02:12:47+00:00,create,2001:df7:5381::/48,3970,48
2022-05-07 04:06:00+00:00,create,103.171.219.0/24,3970,24
2022-05-07 12:44:05+00:00,delete,103.171.219.0/24,AS3970,0
2022-05-07 14:08:26+00:00,delete,2001:df7:5381::/48,AS3970,0
2022-05-08 03:21:17+00:00,create,103.171.219.0/24,3970,24
2022-05-08 04:13:43+00:00,create,2001:df7:5381::/48,3970,48
2022-05-08 14:01:04+00:00,delete,2001:df7:5381::/48,AS3970,0
2022-05-08 14:51:11+00:00,delete,103.171.219.0/24,AS3970,0
2022-05-09 02:53:09+00:00,create,2001:df7:5381::/48,3970,48
2022-05-09 03:01:21+00:00,create,103.171.219.0/24,3970,24
2022-05-09 16:03:35+00:00,delete,103.171.219.0/24,AS3970,0
2022-05-09 17:16:33+00:00,delete,2001:df7:5381::/48,AS3970,0
2022-05-10 00:44:48+00:00,create,103.171.219.0/24,3970,24
2022-05-10 00:46:03+00:00,create,2001:df7:5381::/48,3970,48
2022-05-10 12:04:20+00:00,delete,103.171.219.0/24,AS3970,0
2022-05-10 15:52:16+00:00,delete,2001:df7:5381::/48,AS3970,0
2022-05-11 04:14:21+00:00,create,103.171.219.0/24,3970,24
2022-05-11 04:54:03+00:00,create,2001:df7:5381::/48,3970,48
2022-05-11 13:21:52+00:00,delete,103.171.219.0/24,AS3970,0
2022-05-11 14:47:38+00:00,delete,2001:df7:5381::/48,AS3970,0
2022-05-12 01:06:44+00:00,create,103.171.219.0/24,3970,24
2022-05-12 05:29:23+00:00,create,2001:df7:5381::/48,3970,48
2022-05-12 12:13:36+00:00,delete,2001:df7:5381::/48,AS3970,0
2022-05-12 15:05:45+00:00,delete,103.171.219.0/24,AS3970,0
2022-05-13 00:06:41+00:00,create,103.171.219.0/24,3970,24
2022-05-13 05:49:10+00:00,create,2001:df7:5381::/48,3970,48
2022-05-13 14:27:31+00:00,delete,103.171.219.0/24,AS3970,0
2022-05-13 14:56:29+00:00,delete,2001:df7:5381::/48,AS3970,0
2022-05-14 01:38:12+00:00,create,2001:df7:5381::/48,3970,48
2022-05-14 05:13:06+00:00,create,103.171.219.0/24,3970,24
2022-05-14 13:49:13+00:00,delete,103.171.219.0/24,AS3970,0
2022-05-14 17:52:23+00:00,delete,2001:df7:5381::/48,AS3970,0
2022-05-15 02:04:30+00:00,create,2001:df7:5381::/48,3970,48
2022-05-15 03:26:41+00:00,create,103.171.219.0/24,3970,24
2022-05-15 12:13:11+00:00,delete,103.171.219.0/24,AS3970,0
2022-05-15 14:09:43+00:00,delete,2001:df7:5381::/48,AS3970,0
2022-05-16 01:32:44+00:00,create,103.171.219.0/24,3970,24
2022-05-16 02:08:23+00:00,create,2001:df7:5381::/48,3970,48
2022-05-16 12:52:37+00:00,delete,2001:df7:5381::/48,AS3970,0
2022-05-16 15:02:45+00:00,delete,103.171.219.0/24,AS3970,0
2022-05-17 01:17:30+00:00,create,103.171.219.0/24,3970,24
2022-05-17 03:11:53+00:00,create,2001:df7:5381::/48,3970,48
2022-05-17 13:56:57+00:00,delete,2001:df7:5381::/48,AS3970,0
2022-05-17 14:10:30+00:00,delete,103.171.219.0/24,AS3970,0
2022-05-18 01:02:32+00:00,create,103.171.219.0/24,3970,24
2022-05-18 03:12:47+00:00,create,2001:df7:5381::/48,3970,48
2022-05-18 12:39:20+00:00,delete,2001:df7:5381::/48,AS3970,0
2022-05-18 15:01:48+00:00,delete,103.171.219.0/24,AS3970,0
2022-05-19 00:13:09+00:00,create,2001:df7:5381::/48,3970,48
2022-05-19 02:51:39+00:00,create,103.171.219.0/24,3970,24
2022-05-19 13:48:53+00:00,delete,2001:df7:5381::/48,AS3970,0
2022-05-19 13:55:19+00:00,delete,103.171.219.0/24,AS3970,0
2022-05-20 02:44:08+00:00,create,2001:df7:5381::/48,3970,48
2022-05-20 05:29:55+00:00,create,103.171.219.0/24,3970,24
2022-05-20 14:09:15+00:00,delete,2001:df7:5381::/48,AS3970,0
2022-05-20 14:40:53+00:00,delete,103.171.219.0/24,AS3970,0
2022-05-21 03:25:38+00:00,create,103.171.219.0/24,3970,24
2022-05-21 04:18:39+00:00,create,2001:df7:5381::/48,3970,48
2022-05-21 14:21:03+00:00,delete,103.171.219.0/24,AS3970,0
2022-05-21 16:10:33+00:00,delete,2001:df7:5381::/48,AS3970,0
2022-05-22 01:27:59+00:00,create,103.171.219.0/24,3970,24
2022-05-22 02:02:10+00:00,create,2001:df7:5381::/48,3970,48
2022-05-22 14:31:15+00:00,delete,103.171.219.0/24,AS3970,0
2022-05-22 16:06:42+00:00,delete,2001:df7:5381::/48,AS3970,0
2022-05-23 01:57:16+00:00,create,103.171.219.0/24,3970,24
2022-05-23 05:02:08+00:00,create,2001:df7:5381::/48,3970,48
2022-05-23 12:08:48+00:00,delete,2001:df7:5381::/48,AS3970,0
2022-05-23 15:41:08+00:00,delete,103.171.219.0/24,AS3970,0
2022-05-24 03:29:44+00:00,create,2001:df7:5381::/48,3970,48
2022-05-24 04:58:53+00:00,create,103.171.219.0/24,3970,24
2022-05-24 12:40:30+00:00,delete,2001:df7:5381::/48,AS3970,0
2022-05-24 13:06:21+00:00,delete,103.171.219.0/24,AS3970,0
2022-05-25 00:39:46+00:00,create,2001:df7:5381::/48,3970,48
2022-05-25 00:56:24+00:00,create,103.171.219.0/24,3970,24
2022-05-25 14:30:51+00:00,delete,2001:df7:5381::/48,AS3970,0
2022-05-25 17:14:30+00:00,delete,103.171.219.0/24,AS3970,0
2022-05-26 01:24:52+00:00,create,103.171.219.0/24,3970,24
2022-05-26 04:30:39+00:00,create,2001:df7:5381::/48,3970,48
2022-05-26 13:40:21+00:00,delete,2001:df7:5381::/48,AS3970,0
2022-05-26 16:39:10+00:00,delete,103.171.219.0/24,AS3970,0
2022-05-27 02:58:39+00:00,create,2001:df7:5381::/48,3970,48
2022-05-27 04:36:37+00:00,create,103.171.219.0/24,3970,24
2022-05-27 17:14:09+00:00,delete,103.171.219.0/24,AS3970,0
2022-05-27 17:30:41+00:00,delete,2001:df7:5381::/48,AS3970,0
2022-05-28 01:41:08+00:00,create,2001:df7:5381::/48,3970,48
2022-05-28 03:57:40+00:00,create,103.171.219.0/24,3970,24
2022-05-28 13:16:16+00:00,delete,2001:df7:5381::/48,AS3970,0
2022-05-28 14:27:34+00:00,delete,103.171.219.0/24,AS3970,0
2022-05-29 01:39:03+00:00,create,103.171.219.0/24,3970,24
2022-05-29 02:51:45+00:00,create,2001:df7:5381::/48,3970,48
2022-05-29 14:03:12+00:00,delete,2001:df7:5381::/48,AS3970,0
2022-05-29 17:01:25+00:00,delete,103.171.219.0/24,AS3970,0
2022-05-30 02:16:36+00:00,create,2001:df7:5381::/48,3970,48
2022-05-30 02:35:38+00:00,create,103.171.219.0/24,3970,24
2022-05-30 15:37:04+00:00,delete,103.171.219.0/24,AS3970,0
2022-05-30 17:11:21+00:00,delete,2001:df7:5381::/48,AS3970,0
2022-05-31 00:35:07+00:00,create,103.171.219.0/24,3970,24
2022-05-31 05:46:49+00:00,create,2001:df7:5381::/48,3970,48
2022-05-31 15:37:59+00:00,delete,103.171.219.0/24,AS3970,0
2022-05-31 16:52:29+00:00,delete,2001:df7:5381::/48,AS3970,0
2022-06-01 01:34:34+00:00,create,103.171.219.0/24,3970,24
2022-06-01 02:28:43+00:00,create,2001:df7:5381::/48,3970,48
2022-06-01 15:24:41+00:00,delete,103.171.219.0/24,AS3970,0
2022-06-01 16:12:40+00:00,delete,2001:df7:5381::/48,AS3970,0
2022-06-02 01:02:36+00:00,create,2001:df7:5381::/48,3970,48
2022-06-02 05:33:21+00:00,create,103.171.219.0/24,3970,24
2022-06-02 14:07:54+00:00,delete,2001:df7:5381::/48,AS3970,0
2022-06-02 14:46:05+00:00,delete,103.171.219.0/24,AS3970,0
2022-06-03 00:40:53+00:00,create,103.171.219.0/24,3970,24
2022-06-03 04:44:50+00:00,create,2001:df7:5381::/48,3970,48
2022-06-03 13:19:02+00:00,delete,2001:df7:5381::/48,AS3970,0
2022-06-03 14:16:36+00:00,delete,103.171.219.0/24,AS3970,0
2022-06-04 01:04:19+00:00,create,2001:df7:5381::/48,3970,48
2022-06-04 02:33:49+00:00,create,103.171.219.0/24,3970,24
2022-06-04 16:39:42+00:00,delete,103.171.219.0/24,AS3970,0
2022-06-04 16:57:59+00:00,delete,2001:df7:5381::/48,AS3970,0
2022-06-05 00:28:38+00:00,create,103.171.219.0/24,3970,24
2022-06-05 03:29:36+00:00,create,2001:df7:5381::/48,3970,48
2022-06-05 12:45:02+00:00,delete,103.171.219.0/24,AS3970,0
2022-06-05 14:15:38+00:00,delete,2001:df7:5381::/48,AS3970,0
2022-06-06 03:02:43+00:00,create,103.171.219.0/24,3970,24
2022-06-06 05:08:36+00:00,create,2001:df7:5381::/48,3970,48
2022-06-06 13:03:19+00:00,delete,2001:df7:5381::/48,AS3970,0
2022-06-06 13:25:06+00:00,delete,103.171.219.0/24,AS3970,0
2022-06-07 02:49:28+00:00,create,103.171.219.0/24,3970,24
2022-06-07 03:17:31+00:00,create,2001:df7:5381::/48,3970,48
2022-06-07 14:45:02+00:00,delete,2001:df7:5381::/48,AS3970,0
2022-06-07 15:20:37+00:00,delete,103.171.219.0/24,AS3970,0
2022-06-08 01:48:56+00:00,create,103.171.219.0/24,3970,24
2022-06-08 05:53:05+00:00,create,2001:df7:5381::/48,3970,48
2022-06-08 13:43:56+00:00,delete,103.171.219.0/24,AS3970,0
2022-06-08 16:17:52+00:00,delete,2001:df7:5381::/48,AS3970,0
2022-06-09 01:00:10+00:00,create,103.171.219.0/24,3970,24
2022-06-09 03:22:11+00:00,create,2001:df7:5381::/48,3970,48
2022-06-09 13:06:13+00:00,delete,2001:df7:5381::/48,AS3970,0
2022-06-09 17:52:33+00:00,delete,103.171.219.0/24,AS3970,0
2022-06-10 01:18:45+00:00,create,103.171.219.0/24,3970,24
2022-06-10 04:30:43+00:00,create,2001:df7:5381::/48,3970,48
2022-06-10 12:58:29+00:00,delete,103.171.219.0/24,AS3970,0
2022-06-10 17:30:39+00:00,delete,2001:df7:5381::/48,AS3970,0
2022-06-11 02:44:10+00:00,create,103.171.219.0/24,3970,24
2022-06-11 03:15:54+00:00,create,2001:df7:5381::/48,3970,48
2022-06-11 12:50:16+00:00,delete,2001:df7:5381::/48,AS3970,0
2022-06-11 14:52:52+00:00,delete,103.171.219.0/24,AS3970,0
2022-06-12 02:38:11+00:00,create,103.171.219.0/24,3970,24
2022-06-12 03:50:17+00:00,create,2001:df7:5381::/48,3970,48
2022-06-12 13:04:12+00:00,delete,103.171.219.0/24,AS3970,0
2022-06-12 13:28:32+00:00,delete,2001:df7:5381::/48,AS3970,0
2022-06-13 03:34:05+00:00,create,103.171.219.0/24,3970,24
2022-06-13 05:21:59+00:00,create,2001:df7:5381::/48,3970,48
2022-06-13 12:10:21+00:00,delete,103.171.219.0/24,AS3970,0
2022-06-13 17:35:14+00:00,delete,2001:df7:5381::/48,AS3970,0
2022-06-14 00:49:26+00:00,create,2001:df7:5381::/48,3970,48
2022-06-14 04:08:04+00:00,create,103.171.219.0/24,3970,24
2022-06-14 13:12:40+00:00,delete,2001:df7:5381::/48,AS3970,0
2022-06-14 14:57:09+00:00,delete,103.171.219.0/24,AS3970,0
2022-06-15 01:40:41+00:00,create,2001:df7:5381::/48,3970,48
2022-06-15 03:42:08+00:00,create,103.171.219.0/24,3970,24
2022-06-15 14:06:37+00:00,delete,2001:df7:5381::/48,AS3970,0
2022-06-15 17:44:15+00:00,delete,103.171.219.0/24,AS3970,0
2022-06-16 01:59:17+00:00,create,103.171.219.0/24,3970,24
2022-06-16 03:49:12+00:00,create,2001:df7:5381::/48,3970,48
2022-06-16 15:24:09+00:00,delete,103.171.219.0/24,AS3970,0
2022-06-16 17:15:52+00:00,delete,2001:df7:5381::/48,AS3970,0
2022-06-17 02:38:49+00:00,create,103.171.219.0/24,3970,24
2022-06-17 04:38:37+00:00,create,2001:df7:5381::/48,3970,48
2022-06-17 13:16:36+00:00,delete,2001:df7:5381::/48,AS3970,0
2022-06-17 15:03:00+00:00,delete,103.171.219.0/24,AS3970,0
2022-06-18 04:26:14+00:00,create,103.171.219.0/24,3970,24
2022-06-18 05:22:39+00:00,create,2001:df7:5381::/48,3970,48
2022-06-18 15:38:57+00:00,delete,2001:df7:5381::/48,AS3970,0
2022-06-18 17:23:18+00:00,delete,103.171.219.0/24,AS3970,0
2022-06-19 00:52:26+00:00,create,103.171.219.0/24,3970,24
2022-06-19 00:59:37+00:00,create,2001:df7:5381::/48,3970,48
2022-06-19 16:08:37+00:00,delete,2001:df7:5381::/48,AS3970,0
2022-06-19 17:34:32+00:00,delete,103.171.219.0/24,AS3970,0
2022-06-20 00:07:09+00:00,create,103.171.219.0/24,3970,24
2022-06-20 05:07:48+00:00,create,2001:df7:5381::/48,3970,48
2022-06-20 17:24:39+00:00,delete,2001:df7:5381::/48,AS3970,0
2022-06-20 17:28:06+00:00,delete,103.171.219.0/24,AS3970,0
2022-06-21 00:34:13+00:00,create,103.171.219.0/24,3970,24
2022-06-21 01:24:05+00:00,create,2001:df7:5381::/48,3970,48
2022-06-21 15:50:20+00:00,delete,2001:df7:5381::/48,AS3970,0
2022-06-21 17:58:27+00:00,delete,103.171.219.0/24,AS3970,0
2022-06-22 01:00:09+00:00,create,103.171.219.0/24,3970,24
2022-06-22 02:23:03+00:00,create,2001:df7:5381::/48,3970,48
2022-06-22 14:42:40+00:00,delete,103.171.219.0/24,AS3970,0
2022-06-22 17:07:21+00:00,delete,2001:df7:5381::/48,AS3970,0
2022-06-23 01:12:18+00:00,create,2001:df7:5381::/48,3970,48
2022-06-23 04:11:44+00:00,create,103.171.219.0/24,3970,24
2022-06-23 14:32:17+00:00,delete,2001:df7:5381::/48,AS3970,0
2022-06-23 14:55:42+00:00,delete,103.171.219.0/24,AS3970,0
2022-06-24 00:03:03+00:00,create,2001:df7:5381::/48,3970,48
2022-06-24 03:56:01+00:00,create,103.171.219.0/24,3970,24
2022-06-24 13:41:06+00:00,delete,2001:df7:5381::/48,AS3970,0
2022-06-24 14:20:11+00:00,delete,103.171.219.0/24,AS3970,0
2022-06-25 04:58:44+00:00,create,2001:df7:5381::/48,3970,48
2022-06-25 05:27:11+00:00,create,103.171.219.0/24,3970,24
2022-06-25 13:12:48+00:00,delete,2001:df7:5381::/48,AS3970,0
2022-06-25 16:12:59+00:00,delete,103.171.219.0/24,AS3970,0
2022-06-26 00:08:51+00:00,create,103.171.219.0/24,3970,24
2022-06-26 03:02:31+00:00,create,2001:df7:5381::/48,3970,48
2022-06-26 13:25:18+00:00,delete,2001:df7:5381::/48,AS3970,0
2022-06-26 15:24:56+00:00,delete,103.171.219.0/24,AS3970,0
2022-06-27 00:30:19+00:00,create,103.171.219.0/24,3970,24
2022-06-27 04:20:50+00:00,create,2001:df7:5381::/48,3970,48
2022-06-27 16:52:32+00:00,delete,2001:df7:5381::/48,AS3970,0
2022-06-27 16:59:17+00:00,delete,103.171.219.0/24,AS3970,0
2022-06-28 02:35:56+00:00,create,2001:df7:5381::/48,3970,48
2022-06-28 04:30:33+00:00,create,103.171.219.0/24,3970,24
2022-06-28 14:17:44+00:00,delete,2001:df7:5381::/48,AS3970,0
2022-06-28 14:24:31+00:00,delete,103.171.219.0/24,AS3970,0
2022-06-29 02:55:22+00:00,create,2001:df7:5381::/48,3970,48
2022-06-29 03:22:41+00:00,create,103.171.219.0/24,3970,24
2022-06-29 13:40:18+00:00,delete,2001:df7:5381::/48,AS3970,0
2022-06-29 17:09:18+00:00,delete,103.171.219.0/24,AS3970,0
2022-06-30 00:46:04+00:00,create,103.171.219.0/24,3970,24
2022-06-30 05:56:30+00:00,create,2001:df7:5381::/48,3970,48
2022-06-30 15:47:13+00:00,delete,2001:df7:5381::/48,AS3970,0
2022-06-30 16:05:36+00:00,delete,103.171.219.0/24,AS3970,0
2022-07-01 03:10:50+00:00,create,103.171.219.0/24,3970,24
2022-07-01 03:42:07+00:00,create,2001:df7:5381::/48,3970,48
2022-07-01 12:14:40+00:00,delete,2001:df7:5381::/48,AS3970,0
2022-07-01 14:06:03+00:00,delete,103.171.219.0/24,AS3970,0
2022-07-02 01:39:02+00:00,create,2001:df7:5381::/48,3970,48
2022-07-02 04:41:49+00:00,create,103.171.219.0/24,3970,24
2022-07-02 13:27:21+00:00,delete,103.171.219.0/24,AS3970,0
2022-07-02 16:02:11+00:00,delete,2001:df7:5381::/48,AS3970,0
2022-07-03 00:44:37+00:00,create,103.171.219.0/24,3970,24
2022-07-03 03:23:10+00:00,create,2001:df7:5381::/48,3970,48
2022-07-03 12:45:45+00:00,delete,2001:df7:5381::/48,AS3970,0
2022-07-03 13:03:46+00:00,delete,103.171.219.0/24,AS3970,0
2022-07-04 04:16:21+00:00,create,103.171.219.0/24,3970,24
2022-07-04 04:52:50+00:00,create,2001:df7:5381::/48,3970,48
2022-07-04 14:32:18+00:00,delete,2001:df7:5381::/48,AS3970,0
2022-07-04 16:32:52+00:00,delete,103.171.219.0/24,AS3970,0
2022-07-05 03:15:40+00:00,create,103.171.219.0/24,3970,24
2022-07-05 05:27:42+00:00,create,2001:df7:5381::/48,3970,48
2022-07-05 14:01:42+00:00,delete,103.171.219.0/24,AS3970,0
2022-07-05 16:04:47+00:00,delete,2001:df7:5381::/48,AS3970,0
2022-07-06 00:26:46+00:00,create,2001:df7:5381::/48,3970,48
2022-07-06 04:06:06+00:00,create,103.171.219.0/24,3970,24
2022-07-06 13:41:59+00:00,delete,2001:df7:5381::/48,AS3970,0
2022-07-06 14:13:34+00:00,delete,103.171.219.0/24,AS3970,0
2022-07-07 00:36:16+00:00,create,103.171.219.0/24,3970,24
2022-07-07 01:25:34+00:00,delete,2001:df7:5381::/48,AS3970,0
2022-07-07 02:22:45+00:00,create,2001:df7:5381::/48,3970,48
2022-07-07 12:30:40+00:00,delete,2001:df7:5381::/48,AS3970,0
2022-07-07 13:29:45+00:00,delete,103.171.219.0/24,AS3970,0
2022-07-08 01:04:09+00:00,create,103.171.219.0/24,3970,24
2022-07-08 03:23:34+00:00,create,2001:df7:5381::/48,3970,48
2022-07-08 15:17:14+00:00,delete,2001:df7:5381::/48,AS3970,0
2022-07-08 16:41:25+00:00,delete,103.171.219.0/24,AS3970,0
2022-07-09 03:52:07+00:00,create,2001:df7:5381::/48,3970,48
2022-07-09 04:51:44+00:00,create,103.171.219.0/24,3970,24
2022-07-09 12:56:02+00:00,delete,103.171.219.0/24,AS3970,0
2022-07-09 14:40:28+00:00,delete,2001:df7:5381::/48,AS3970,0
2022-07-10 05:16:46+00:00,create,103.171.219.0/24,3970,24
2022-07-10 05:46:43+00:00,create,2001:df7:5381::/48,3970,48
2022-07-10 17:17:44+00:00,delete,2001:df7:5381::/48,AS3970,0
2022-07-11 02:23:27+00:00,create,103.171.219.0/24,3970,24
2022-07-11 03:12:54+00:00,create,2001:df7:5381::/48,3970,48
2022-07-11 16:45:25+00:00,delete,2001:df7:5381::/48,AS3970,0
2022-07-11 17:40:27+00:00,delete,103.171.219.0/24,AS3970,0
2022-07-12 00:28:17+00:00,create,2001:df7:5381::/48,3970,48
2022-07-12 04:34:15+00:00,create,103.171.219.0/24,3970,24
2022-07-12 13:01:55+00:00,delete,103.171.219.0/24,AS3970,0
2022-07-12 14:56:59+00:00,delete,2001:df7:5381::/48,AS3970,0
2022-07-13 00:26:15+00:00,create,103.171.219.0/24,3970,24
2022-07-13 04:42:20+00:00,create,2001:df7:5381::/48,3970,48
2022-07-13 14:37:32+00:00,delete,103.171.219.0/24,AS3970,0
2022-07-13 17:49:37+00:00,delete,2001:df7:5381::/48,AS3970,0
2022-07-14 01:32:56+00:00,create,2001:df7:5381::/48,3970,48
2022-07-14 03:24:14+00:00,create,103.171.219.0/24,3970,24
2022-07-14 15:14:19+00:00,delete,103.171.219.0/24,AS3970,0
2022-07-14 16:46:51+00:00,delete,2001:df7:5381::/48,AS3970,0
2022-07-15 00:48:53+00:00,create,2001:df7:5381::/48,3970,48
2022-07-15 02:06:05+00:00,create,103.171.219.0/24,3970,24
2022-07-15 14:00:30+00:00,delete,103.171.219.0/24,AS3970,0
2022-07-15 14:31:28+00:00,delete,2001:df7:5381::/48,AS3970,0
2022-07-16 00:01:23+00:00,create,2001:df7:5381::/48,3970,48
2022-07-16 00:24:20+00:00,create,103.171.219.0/24,3970,24
2022-07-16 17:16:40+00:00,delete,2001:df7:5381::/48,AS3970,0
2022-07-16 17:53:09+00:00,delete,103.171.219.0/24,AS3970,0
2022-07-17 01:51:12+00:00,create,103.171.219.0/24,3970,24
2022-07-17 02:35:13+00:00,create,2001:df7:5381::/48,3970,48
2022-07-17 14:16:04+00:00,delete,103.171.219.0/24,AS3970,0
2022-07-17 17:03:56+00:00,delete,2001:df7:5381::/48,AS3970,0
2022-07-18 00:38:49+00:00,create,2001:df7:5381::/48,3970,48
2022-07-18 05:23:21+00:00,create,103.171.219.0/24,3970,24
2022-07-18 17:20:36+00:00,delete,2001:df7:5381::/48,AS3970,0
2022-07-18 17:26:36+00:00,delete,103.171.219.0/24,AS3970,0
2022-07-19 00:37:01+00:00,create,2001:df7:5381::/48,3970,48
2022-07-19 04:30:04+00:00,create,103.171.219.0/24,3970,24
2022-07-19 12:58:30+00:00,delete,2001:df7:5381::/48,AS3970,0
2022-07-19 17:04:46+00:00,delete,103.171.219.0/24,AS3970,0
2022-07-20 02:36:18+00:00,create,2001:df7:5381::/48,3970,48
2022-07-20 03:20:39+00:00,create,103.171.219.0/24,3970,24
2022-07-20 13:04:11+00:00,delete,103.171.219.0/24,AS3970,0
2022-07-20 13:56:09+00:00,delete,2001:df7:5381::/48,AS3970,0
2022-07-21 01:47:54+00:00,create,2001:df7:5381::/48,3970,48
2022-07-21 02:41:16+00:00,create,103.171.219.0/24,3970,24
2022-07-21 13:02:17+00:00,delete,2001:df7:5381::/48,AS3970,0
2022-07-21 14:28:55+00:00,delete,103.171.219.0/24,AS3970,0
2022-07-22 02:21:06+00:00,create,2001:df7:5381::/48,3970,48
2022-07-22 05:10:01+00:00,create,103.171.219.0/24,3970,24
2022-07-22 13:30:36+00:00,delete,103.171.219.0/24,AS3970,0
2022-07-22 18:00:13+00:00,delete,2001:df7:5381::/48,AS3970,0
2022-07-23 01:48:40+00:00,create,103.171.219.0/24,3970,24
2022-07-23 05:06:34+00:00,create,2001:df7:5381::/48,3970,48
2022-07-23 12:18:39+00:00,delete,2001:df7:5381::/48,AS3970,0
2022-07-23 15:42:49+00:00,delete,103.171.219.0/24,AS3970,0
2022-07-24 01:25:44+00:00,create,103.171.219.0/24,3970,24
2022-07-24 05:21:17+00:00,create,2001:df7:5381::/48,3970,48
2022-07-24 16:32:28+00:00,delete,2001:df7:5381::/48,AS3970,0
2022-07-24 17:33:56+00:00,delete,103.171.219.0/24,AS3970,0
2022-07-25 04:38:34+00:00,create,2001:df7:5381::/48,3970,48
2022-07-25 06:00:13+00:00,create,103.171.219.0/24,3970,24
2022-07-25 14:52:18+00:00,delete,103.171.219.0/24,AS3970,0
2022-07-25 17:55:54+00:00,delete,2001:df7:5381::/48,AS3970,0
2022-07-26 01:00:51+00:00,create,103.171.219.0/24,3970,24
2022-07-26 04:24:40+00:00,create,2001:df7:5381::/48,3970,48
2022-07-26 17:10:01+00:00,delete,103.171.219.0/24,AS3970,0
2022-07-26 17:34:51+00:00,delete,2001:df7:5381::/48,AS3970,0
2022-07-27 02:07:30+00:00,create,103.171.219.0/24,3970,24
2022-07-27 03:05:28+00:00,create,2001:df7:5381::/48,3970,48
2022-07-27 14:57:48+00:00,delete,2001:df7:5381::/48,AS3970,0
2022-07-27 16:44:41+00:00,delete,103.171.219.0/24,AS3970,0
2022-07-28 03:27:52+00:00,create,2001:df7:5381::/48,3970,48
2022-07-28 04:13:04+00:00,create,103.171.219.0/24,3970,24
2022-07-28 13:03:37+00:00,delete,2001:df7:5381::/48,AS3970,0
2022-07-28 14:29:05+00:00,delete,103.171.219.0/24,AS3970,0
2022-07-29 00:49:51+00:00,create,103.171.219.0/24,3970,24
2022-07-29 02:03:12+00:00,create,2001:df7:5381::/48,3970,48
2022-07-29 14:01:40+00:00,delete,2001:df7:5381::/48,AS3970,0
2022-07-29 15:13:45+00:00,delete,103.171.219.0/24,AS3970,0
2022-07-30 04:20:30+00:00,create,103.171.219.0/24,3970,24
2022-07-30 05:12:43+00:00,create,2001:df7:5381::/48,3970,48
2022-07-30 15:44:58+00:00,delete,2001:df7:5381::/48,AS3970,0
2022-07-30 16:09:33+00:00,delete,103.171.219.0/24,AS3970,0
2022-08-01 05:59:46+00:00,create,2001:df7:5381::/48,3970,48
2022-08-01 14:54:53+00:00,delete,2001:df7:5381::/48,AS3970,0
2022-08-01 17:51:20+00:00,delete,103.171.219.0/24,AS3970,0
2022-08-02 01:37:40+00:00,create,2001:df7:5381::/48,3970,48
2022-08-02 04:39:22+00:00,create,103.171.219.0/24,3970,24
2022-08-02 12:12:56+00:00,delete,103.171.219.0/24,AS3970,0
2022-08-02 13:25:43+00:00,delete,2001:df7:5381::/48,AS3970,0
2022-08-03 02:23:48+00:00,create,2001:df7:5381::/48,3970,48
2022-08-03 04:45:15+00:00,create,103.171.219.0/24,3970,24
2022-08-03 12:29:38+00:00,delete,2001:df7:5381::/48,AS3970,0
2022-08-03 17:44:25+00:00,delete,103.171.219.0/24,AS3970,0
2022-08-04 03:09:44+00:00,create,2001:df7:5381::/48,3970,48
2022-08-04 04:22:18+00:00,create,103.171.219.0/24,3970,24
2022-08-04 13:50:50+00:00,delete,2001:df7:5381::/48,AS3970,0
2022-08-04 15:33:19+00:00,delete,103.171.219.0/24,AS3970,0
2022-08-05 00:08:02+00:00,create,2001:df7:5381::/48,3970,48
2022-08-05 04:58:44+00:00,create,103.171.219.0/24,3970,24
2022-08-05 14:52:46+00:00,delete,2001:df7:5381::/48,AS3970,0
2022-08-05 15:13:46+00:00,delete,103.171.219.0/24,AS3970,0
2022-08-06 02:22:38+00:00,create,103.171.219.0/24,3970,24
2022-08-06 03:16:44+00:00,create,2001:df7:5381::/48,3970,48
2022-08-06 12:55:17+00:00,delete,103.171.219.0/24,AS3970,0
2022-08-06 16:10:48+00:00,delete,2001:df7:5381::/48,AS3970,0
2022-08-07 05:10:54+00:00,create,2001:df7:5381::/48,3970,48
2022-08-07 05:43:11+00:00,create,103.171.219.0/24,3970,24
2022-08-07 15:53:23+00:00,delete,103.171.219.0/24,AS3970,0
2022-08-07 16:46:32+00:00,delete,2001:df7:5381::/48,AS3970,0
2022-08-08 01:51:56+00:00,create,2001:df7:5381::/48,3970,48
2022-08-08 03:30:00+00:00,create,103.171.219.0/24,3970,24
2022-08-08 14:51:52+00:00,delete,103.171.219.0/24,AS3970,0
2022-08-08 16:33:23+00:00,delete,2001:df7:5381::/48,AS3970,0
2022-08-09 00:01:12+00:00,create,2001:df7:5381::/48,3970,48
2022-08-09 04:05:44+00:00,create,103.171.219.0/24,3970,24
2022-08-09 12:49:10+00:00,delete,2001:df7:5381::/48,AS3970,0
2022-08-09 17:04:23+00:00,delete,103.171.219.0/24,AS3970,0
2022-08-10 01:59:10+00:00,create,2001:df7:5381::/48,3970,48
2022-08-10 02:20:02+00:00,create,103.171.219.0/24,3970,24
2022-08-10 14:07:35+00:00,delete,2001:df7:5381::/48,AS3970,0
2022-08-10 15:27:34+00:00,delete,103.171.219.0/24,AS3970,0
2022-08-11 00:30:53+00:00,create,103.171.219.0/24,3970,24
2022-08-11 05:39:58+00:00,create,2001:df7:5381::/48,3970,48
2022-08-11 13:46:28+00:00,delete,103.171.219.0/24,AS3970,0
2022-08-11 15:42:46+00:00,delete,2001:df7:5381::/48,AS3970,0
2022-08-12 01:45:00+00:00,create,103.171.219.0/24,3970,24
2022-08-12 03:30:32+00:00,create,2001:df7:5381::/48,3970,48
2022-08-12 15:23:53+00:00,delete,2001:df7:5381::/48,AS3970,0
2022-08-12 16:02:44+00:00,delete,103.171.219.0/24,AS3970,0
2022-08-13 03:02:08+00:00,create,2001:df7:5381::/48,3970,48
2022-08-13 05:54:14+00:00,create,103.171.219.0/24,3970,24
2022-08-13 13:12:24+00:00,delete,2001:df7:5381::/48,AS3970,0
2022-08-13 15:58:42+00:00,delete,103.171.219.0/24,AS3970,0
2022-08-14 00:18:31+00:00,create,103.171.219.0/24,3970,24
2022-08-14 04:42:58+00:00,create,2001:df7:5381::/48,3970,48
2022-08-14 12:13:43+00:00,delete,103.171.219.0/24,AS3970,0
2022-08-14 15:47:05+00:00,delete,2001:df7:5381::/48,AS3970,0
2022-08-15 00:33:17+00:00,create,103.171.219.0/24,3970,24
2022-08-15 03:58:10+00:00,create,2001:df7:5381::/48,3970,48
2022-08-15 12:18:01+00:00,delete,103.171.219.0/24,AS3970,0
2022-08-15 15:42:14+00:00,delete,2001:df7:5381::/48,AS3970,0
2022-08-16 04:36:14+00:00,create,2001:df7:5381::/48,3970,48
2022-08-16 05:03:32+00:00,create,103.171.219.0/24,3970,24
2022-08-16 14:07:35+00:00,delete,2001:df7:5381::/48,AS3970,0
2022-08-16 16:21:13+00:00,delete,103.171.219.0/24,AS3970,0
2022-08-17 01:46:47+00:00,create,103.171.219.0/24,3970,24
2022-08-17 02:20:58+00:00,create,2001:df7:5381::/48,3970,48
2022-08-17 12:43:56+00:00,delete,103.171.219.0/24,AS3970,0
2022-08-17 17:55:24+00:00,delete,2001:df7:5381::/48,AS3970,0
2022-08-18 02:15:31+00:00,create,2001:df7:5381::/48,3970,48
2022-08-18 02:52:44+00:00,create,103.171.219.0/24,3970,24
2022-08-18 12:17:29+00:00,delete,2001:df7:5381::/48,AS3970,0
2022-08-18 13:12:18+00:00,delete,103.171.219.0/24,AS3970,0
2022-08-19 01:28:35+00:00,create,103.171.219.0/24,3970,24
2022-08-19 04:42:28+00:00,create,2001:df7:5381::/48,3970,48
2022-08-19 13:09:55+00:00,delete,2001:df7:5381::/48,AS3970,0
2022-08-19 14:14:08+00:00,delete,103.171.219.0/24,AS3970,0
2022-08-20 00:30:27+00:00,create,2001:df7:5381::/48,3970,48
2022-08-20 03:04:42+00:00,create,103.171.219.0/24,3970,24
2022-08-20 14:33:07+00:00,delete,103.171.219.0/24,AS3970,0
2022-08-20 15:23:09+00:00,delete,2001:df7:5381::/48,AS3970,0
2022-08-21 02:18:55+00:00,create,103.171.219.0/24,3970,24
2022-08-21 03:37:58+00:00,create,2001:df7:5381::/48,3970,48
2022-08-21 14:05:24+00:00,delete,2001:df7:5381::/48,AS3970,0
2022-08-21 15:37:46+00:00,delete,103.171.219.0/24,AS3970,0
2022-08-22 00:48:53+00:00,create,103.171.219.0/24,3970,24
2022-08-22 02:01:36+00:00,create,2001:df7:5381::/48,3970,48
2022-08-22 12:34:15+00:00,delete,103.171.219.0/24,AS3970,0
2022-08-22 16:39:56+00:00,delete,2001:df7:5381::/48,AS3970,0
2022-08-23 00:29:48+00:00,create,103.171.219.0/24,3970,24
2022-08-23 03:41:31+00:00,create,2001:df7:5381::/48,3970,48
2022-08-23 12:47:48+00:00,delete,2001:df7:5381::/48,AS3970,0
2022-08-23 17:49:24+00:00,delete,103.171.219.0/24,AS3970,0
2022-08-24 03:06:28+00:00,create,2001:df7:5381::/48,3970,48
2022-08-24 03:11:46+00:00,create,103.171.219.0/24,3970,24
2022-08-24 15:44:04+00:00,delete,103.171.219.0/24,AS3970,0
2022-08-24 17:13:17+00:00,delete,2001:df7:5381::/48,AS3970,0
2022-08-25 00:59:30+00:00,create,2001:df7:5381::/48,3970,48
2022-08-25 02:52:42+00:00,create,103.171.219.0/24,3970,24
2022-08-25 12:53:09+00:00,delete,103.171.219.0/24,AS3970,0
2022-08-25 13:05:14+00:00,delete,2001:df7:5381::/48,AS3970,0
2022-08-26 04:16:24+00:00,create,103.171.219.0/24,3970,24
2022-08-26 05:05:28+00:00,create,2001:df7:5381::/48,3970,48
2022-08-26 12:03:45+00:00,delete,103.171.219.0/24,AS3970,0
2022-08-26 15:23:16+00:00,delete,2001:df7:5381::/48,AS3970,0
2022-08-27 02:21:56+00:00,create,103.171.219.0/24,3970,24
2022-08-27 04:43:56+00:00,create,2001:df7:5381::/48,3970,48
2022-08-27 13:39:55+00:00,delete,2001:df7:5381::/48,AS3970,0
2022-08-27 16:59:01+00:00,delete,103.171.219.0/24,AS3970,0
2022-08-28 00:23:11+00:00,create,2001:df7:5381::/48,3970,48
2022-08-28 01:19:07+00:00,create,103.171.219.0/24,3970,24
2022-08-28 12:03:15+00:00,delete,103.171.219.0/24,AS3970,0
2022-08-28 17:06:14+00:00,delete,2001:df7:5381::/48,AS3970,0
2022-08-29 00:11:57+00:00,create,103.171.219.0/24,3970,24
2022-08-29 04:53:33+00:00,create,2001:df7:5381::/48,3970,48
2022-08-29 15:25:49+00:00,delete,103.171.219.0/24,AS3970,0
2022-08-29 15:48:59+00:00,delete,2001:df7:5381::/48,AS3970,0
2022-08-30 03:54:39+00:00,create,103.171.219.0/24,3970,24
2022-08-30 05:43:07+00:00,create,2001:df7:5381::/48,3970,48
2022-08-30 16:05:15+00:00,delete,2001:df7:5381::/48,AS3970,0
2022-08-30 17:46:08+00:00,delete,103.171.219.0/24,AS3970,0
2022-08-31 04:15:16+00:00,create,2001:df7:5381::/48,3970,48
2022-08-31 04:33:21+00:00,create,103.171.219.0/24,3970,24
2022-08-31 12:10:39+00:00,delete,103.171.219.0/24,AS3970,0
2022-08-31 17:04:02+00:00,delete,2001:df7:5381::/48,AS3970,0
2022-09-01 01:50:18+00:00,create,2001:df7:5381::/48,3970,48
2022-09-01 03:28:40+00:00,create,103.171.219.0/24,3970,24
2022-09-01 15:27:58+00:00,delete,103.171.219.0/24,AS3970,0
2022-09-01 17:14:41+00:00,delete,2001:df7:5381::/48,AS3970,0
2022-09-02 03:04:19+00:00,create,2001:df7:5381::/48,3970,48
2022-09-02 04:06:14+00:00,create,103.171.219.0/24,3970,24
2022-09-02 14:57:52+00:00,delete,103.171.219.0/24,AS3970,0
2022-09-02 17:49:24+00:00,delete,2001:df7:5381::/48,AS3970,0
2022-09-03 02:53:23+00:00,create,2001:df7:5381::/48,3970,48
2022-09-03 03:19:52+00:00,create,103.171.219.0/24,3970,24
2022-09-03 13:35:52+00:00,delete,103.171.219.0/24,AS3970,0
2022-09-03 14:44:26+00:00,delete,2001:df7:5381::/48,AS3970,0
2022-09-04 02:23:37+00:00,create,2001:df7:5381::/48,3970,48
2022-09-04 04:16:35+00:00,create,103.171.219.0/24,3970,24
2022-09-04 12:48:09+00:00,delete,2001:df7:5381::/48,AS3970,0
2022-09-04 13:55:59+00:00,delete,103.171.219.0/24,AS3970,0
2022-09-05 01:56:16+00:00,create,2001:df7:5381::/48,3970,48
2022-09-05 02:51:31+00:00,create,103.171.219.0/24,3970,24
2022-09-05 12:38:24+00:00,delete,103.171.219.0/24,AS3970,0
2022-09-05 13:59:55+00:00,delete,2001:df7:5381::/48,AS3970,0
2022-09-06 01:23:30+00:00,create,103.171.219.0/24,3970,24
2022-09-06 04:59:23+00:00,create,2001:df7:5381::/48,3970,48
2022-09-06 13:38:48+00:00,delete,2001:df7:5381::/48,AS3970,0
2022-09-06 17:01:22+00:00,delete,103.171.219.0/24,AS3970,0
2022-09-07 01:03:40+00:00,create,103.171.219.0/24,3970,24
2022-09-07 01:45:39+00:00,create,2001:df7:5381::/48,3970,48
2022-09-07 15:01:57+00:00,delete,2001:df7:5381::/48,AS3970,0
2022-09-07 17:03:42+00:00,delete,103.171.219.0/24,AS3970,0
2022-09-08 00:32:28+00:00,create,103.171.219.0/24,3970,24
2022-09-08 02:23:45+00:00,create,2001:df7:5381::/48,3970,48
2022-09-08 12:58:22+00:00,delete,103.171.219.0/24,AS3970,0
2022-09-08 16:04:04+00:00,delete,2001:df7:5381::/48,AS3970,0
2022-09-09 02:11:38+00:00,create,2001:df7:5381::/48,3970,48
2022-09-09 02:22:28+00:00,create,103.171.219.0/24,3970,24
2022-09-09 15:35:06+00:00,delete,2001:df7:5381::/48,AS3970,0
2022-09-09 17:13:29+00:00,delete,103.171.219.0/24,AS3970,0
2022-09-10 01:26:46+00:00,create,2001:df7:5381::/48,3970,48
2022-09-10 04:02:21+00:00,create,103.171.219.0/24,3970,24
2022-09-10 12:04:45+00:00,delete,2001:df7:5381::/48,AS3970,0
2022-09-10 17:08:45+00:00,delete,103.171.219.0/24,AS3970,0
2022-09-11 01:00:37+00:00,create,103.171.219.0/24,3970,24
2022-09-11 05:52:37+00:00,create,2001:df7:5381::/48,3970,48
2022-09-11 15:01:27+00:00,delete,2001:df7:5381::/48,AS3970,0
2022-09-11 16:02:54+00:00,delete,103.171.219.0/24,AS3970,0
2022-09-12 03:04:59+00:00,create,2001:df7:5381::/48,3970,48
2022-09-12 05:19:14+00:00,create,103.171.219.0/24,3970,24
2022-09-12 12:14:36+00:00,delete,2001:df7:5381::/48,AS3970,0
2022-09-12 14:28:33+00:00,delete,103.171.219.0/24,AS3970,0
2022-09-13 01:45:03+00:00,create,2001:df7:5381::/48,3970,48
2022-09-13 03:38:04+00:00,create,103.171.219.0/24,3970,24
2022-09-13 15:22:54+00:00,delete,103.171.219.0/24,AS3970,0
2022-09-13 16:55:58+00:00,delete,2001:df7:5381::/48,AS3970,0
2022-09-14 01:19:44+00:00,create,2001:df7:5381::/48,3970,48
2022-09-14 02:24:41+00:00,create,103.171.219.0/24,3970,24
2022-09-14 15:34:06+00:00,delete,103.171.219.0/24,AS3970,0
2022-09-14 16:49:25+00:00,delete,2001:df7:5381::/48,AS3970,0
2022-09-15 02:20:17+00:00,create,103.171.219.0/24,3970,24
2022-09-15 03:37:50+00:00,create,2001:df7:5381::/48,3970,48
2022-09-15 17:04:09+00:00,delete,103.171.219.0/24,AS3970,0
2022-09-15 17:37:14+00:00,delete,2001:df7:5381::/48,AS3970,0
2022-09-16 00:43:50+00:00,create,2001:df7:5381::/48,3970,48
2022-09-16 05:16:23+00:00,create,103.171.219.0/24,3970,24
2022-09-16 12:51:32+00:00,delete,2001:df7:5381::/48,AS3970,0
2022-09-16 14:20:04+00:00,delete,103.171.219.0/24,AS3970,0
2022-09-17 05:10:50+00:00,create,2001:df7:5381::/48,3970,48
2022-09-17 05:22:59+00:00,create,103.171.219.0/24,3970,24
2022-09-17 12:46:43+00:00,delete,2001:df7:5381::/48,AS3970,0
2022-09-17 17:11:24+00:00,delete,103.171.219.0/24,AS3970,0
2022-09-18 01:29:48+00:00,create,103.171.219.0/24,3970,24
2022-09-18 05:23:02+00:00,create,2001:df7:5381::/48,3970,48
2022-09-18 13:08:13+00:00,delete,103.171.219.0/24,AS3970,0
2022-09-18 14:43:06+00:00,delete,2001:df7:5381::/48,AS3970,0
2022-09-19 00:20:16+00:00,create,103.171.219.0/24,3970,24
2022-09-19 00:46:26+00:00,create,2001:df7:5381::/48,3970,48
2022-09-19 12:33:11+00:00,delete,103.171.219.0/24,AS3970,0
2022-09-19 14:55:59+00:00,delete,2001:df7:5381::/48,AS3970,0
2022-09-20 01:06:24+00:00,create,2001:df7:5381::/48,3970,48
2022-09-20 01:38:53+00:00,create,103.171.219.0/24,3970,24
2022-09-20 16:58:48+00:00,delete,2001:df7:5381::/48,AS3970,0
2022-09-20 17:58:34+00:00,delete,103.171.219.0/24,AS3970,0
2022-09-21 00:13:53+00:00,create,103.171.219.0/24,3970,24
2022-09-21 01:53:07+00:00,create,2001:df7:5381::/48,3970,48
2022-09-21 16:26:02+00:00,delete,103.171.219.0/24,AS3970,0
2022-09-21 17:11:48+00:00,delete,2001:df7:5381::/48,AS3970,0
2022-09-22 02:28:44+00:00,create,2001:df7:5381::/48,3970,48
2022-09-22 03:44:48+00:00,create,103.171.219.0/24,3970,24
2022-09-22 14:47:59+00:00,delete,103.171.219.0/24,AS3970,0
2022-09-22 17:49:51+00:00,delete,2001:df7:5381::/48,AS3970,0
2022-09-23 01:10:58+00:00,create,103.171.219.0/24,3970,24
2022-09-23 01:33:44+00:00,create,2001:df7:5381::/48,3970,48
2022-09-23 12:51:29+00:00,delete,103.171.219.0/24,AS3970,0
2022-09-23 15:18:43+00:00,delete,2001:df7:5381::/48,AS3970,0
2022-09-24 03:13:41+00:00,create,103.171.219.0/24,3970,24
2022-09-24 05:29:30+00:00,create,2001:df7:5381::/48,3970,48
2022-09-24 12:38:51+00:00,delete,2001:df7:5381::/48,AS3970,0
2022-09-24 12:58:57+00:00,delete,103.171.219.0/24,AS3970,0
2022-09-25 03:06:12+00:00,create,2001:df7:5381::/48,3970,48
2022-09-25 03:50:59+00:00,create,103.171.219.0/24,3970,24
2022-09-25 16:13:12+00:00,delete,103.171.219.0/24,AS3970,0
2022-09-25 17:54:20+00:00,delete,2001:df7:5381::/48,AS3970,0
2022-09-26 00:50:27+00:00,create,103.171.219.0/24,3970,24
2022-09-26 03:51:25+00:00,create,2001:df7:5381::/48,3970,48
2022-09-26 13:03:40+00:00,delete,2001:df7:5381::/48,AS3970,0
2022-09-26 13:51:14+00:00,delete,103.171.219.0/24,AS3970,0
2022-09-27 00:58:23+00:00,create,103.171.219.0/24,3970,24
2022-09-27 02:15:15+00:00,create,2001:df7:5381::/48,3970,48
2022-09-27 14:05:16+00:00,delete,103.171.219.0/24,AS3970,0
2022-09-27 17:14:40+00:00,delete,2001:df7:5381::/48,AS3970,0
2022-09-28 01:09:01+00:00,create,103.171.219.0/24,3970,24
2022-09-28 02:53:41+00:00,create,2001:df7:5381::/48,3970,48
2022-09-28 12:15:08+00:00,delete,2001:df7:5381::/48,AS3970,0
2022-09-28 14:31:01+00:00,delete,103.171.219.0/24,AS3970,0
2022-09-29 03:42:05+00:00,create,2001:df7:5381::/48,3970,48
2022-09-29 04:06:53+00:00,create,103.171.219.0/24,3970,24
2022-09-29 16:09:11+00:00,delete,2001:df7:5381::/48,AS3970,0
2022-09-29 16:32:24+00:00,delete,103.171.219.0/24,AS3970,0
2022-09-30 02:27:49+00:00,create,2001:df7:5381::/48,3970,48
2022-09-30 02:54:07+00:00,create,103.171.219.0/24,3970,24
2022-09-30 13:40:39+00:00,delete,103.171.219.0/24,AS3970,0
2022-09-30 14:52:00+00:00,delete,2001:df7:5381::/48,AS3970,0
2022-10-01 00:07:00+00:00,create,2001:df7:5381::/48,3970,48
2022-10-03 04:41:44+00:00,create,2001:df7:5381::/48,3970,48
2022-10-03 12:42:11+00:00,delete,103.171.219.0/24,AS3970,0
2022-10-04 03:30:39+00:00,create,103.171.219.0/24,3970,24
2022-10-04 13:58:51+00:00,delete,103.171.219.0/24,AS3970,0
2022-10-05 03:56:47+00:00,create,103.171.219.0/24,3970,24
2022-10-05 14:35:41+00:00,delete,103.171.219.0/24,AS3970,0
2022-10-05 15:44:04+00:00,delete,2001:df7:5381::/48,AS3970,0
2022-10-06 00:43:58+00:00,create,2001:df7:5381::/48,3970,48
2022-10-06 04:47:34+00:00,create,103.171.219.0/24,3970,24
2022-10-06 13:56:33+00:00,delete,2001:df7:5381::/48,AS3970,0
2022-10-06 15:17:30+00:00,delete,103.171.219.0/24,AS3970,0
2022-10-07 02:07:17+00:00,create,103.171.219.0/24,3970,24
2022-10-07 03:36:30+00:00,create,2001:df7:5381::/48,3970,48
2022-10-07 12:09:33+00:00,delete,103.171.219.0/24,AS3970,0
2022-10-07 12:14:56+00:00,delete,2001:df7:5381::/48,AS3970,0
2022-10-08 03:54:44+00:00,create,2001:df7:5381::/48,3970,48
2022-10-08 04:50:55+00:00,create,103.171.219.0/24,3970,24
2022-10-08 15:11:20+00:00,delete,2001:df7:5381::/48,AS3970,0
2022-10-08 15:29:22+00:00,delete,103.171.219.0/24,AS3970,0
2022-10-09 00:15:30+00:00,create,2001:df7:5381::/48,3970,48
2022-10-09 00:46:07+00:00,create,103.171.219.0/24,3970,24
2022-10-09 14:02:50+00:00,delete,2001:df7:5381::/48,AS3970,0
2022-10-09 15:19:55+00:00,delete,103.171.219.0/24,AS3970,0
2022-10-10 00:23:46+00:00,create,103.171.219.0/24,3970,24
2022-10-10 03:49:12+00:00,create,2001:df7:5381::/48,3970,48
2022-10-10 12:18:53+00:00,delete,2001:df7:5381::/48,AS3970,0
2022-10-10 15:18:45+00:00,delete,103.171.219.0/24,AS3970,0
2022-10-11 01:52:04+00:00,create,103.171.219.0/24,3970,24
2022-10-11 05:42:35+00:00,create,2001:df7:5381::/48,3970,48
2022-10-11 14:52:15+00:00,delete,2001:df7:5381::/48,AS3970,0
2022-10-11 15:19:10+00:00,delete,103.171.219.0/24,AS3970,0
2022-10-12 04:22:34+00:00,create,2001:df7:5381::/48,3970,48
2022-10-12 04:51:39+00:00,create,103.171.219.0/24,3970,24
2022-10-12 14:44:53+00:00,delete,2001:df7:5381::/48,AS3970,0
2022-10-12 17:59:27+00:00,delete,103.171.219.0/24,AS3970,0
2022-10-13 00:46:36+00:00,create,103.171.219.0/24,3970,24
2022-10-13 02:22:08+00:00,create,2001:df7:5381::/48,3970,48
2022-10-13 15:06:39+00:00,delete,2001:df7:5381::/48,AS3970,0
2022-10-13 15:55:50+00:00,delete,103.171.219.0/24,AS3970,0
2022-10-14 01:27:06+00:00,create,103.171.219.0/24,3970,24
2022-10-14 05:35:08+00:00,create,2001:df7:5381::/48,3970,48
