2021-10-13 06:57:52+00:00,create,2620:9E:6001::/48,3970,48
2021-10-13 06:58:28+00:00,create,165.140.105.0/24,3970,24
2021-10-13 15:27:59+00:00,delete,165.140.105.0/24,3970,24
2021-10-13 16:10:37+00:00,delete,2620:9E:6001::/48,3970,48
2021-10-14 02:51:50+00:00,create,165.140.105.0/24,3970,24
2021-10-14 04:37:31+00:00,create,2620:9E:6001::/48,3970,48
2021-10-14 13:54:50+00:00,delete,165.140.105.0/24,3970,24
2021-10-14 15:05:16+00:00,delete,2620:9E:6001::/48,3970,48
2021-10-15 00:06:56+00:00,create,2620:9E:6001::/48,3970,48
2021-10-15 01:50:28+00:00,create,165.140.105.0/24,3970,24
2021-10-15 13:23:37+00:00,delete,165.140.105.0/24,3970,24
2021-10-15 17:04:53+00:00,delete,2620:9E:6001::/48,3970,48
2021-10-16 02:13:30+00:00,create,2620:9E:6001::/48,3970,48
2021-10-16 02:24:05+00:00,create,165.140.105.0/24,3970,24
2021-10-16 15:12:09+00:00,delete,165.140.105.0/24,3970,24
2021-10-16 15:48:35+00:00,delete,2620:9E:6001::/48,3970,48
2021-10-17 01:59:29+00:00,create,2620:9E:6001::/48,3970,48
2021-10-17 03:23:12+00:00,create,165.140.105.0/24,3970,24
2021-10-17 13:33:16+00:00,delete,165.140.105.0/24,3970,24
2021-10-17 17:34:44+00:00,delete,2620:9E:6001::/48,3970,48
2021-10-18 00:16:44+00:00,create,2620:9E:6001::/48,3970,48
2021-10-18 01:12:50+00:00,create,165.140.105.0/24,3970,24
2021-10-18 15:49:06+00:00,delete,2620:9E:6001::/48,3970,48
2021-10-18 16:03:06+00:00,delete,165.140.105.0/24,3970,24
2021-10-19 00:34:52+00:00,create,2620:9E:6001::/48,3970,48
2021-10-19 05:54:54+00:00,create,165.140.105.0/24,3970,24
2021-10-19 12:31:28+00:00,delete,2620:9E:6001::/48,3970,48
2021-10-19 16:43:21+00:00,delete,165.140.105.0/24,3970,24
2021-10-20 00:56:16+00:00,create,2620:9E:6001::/48,3970,48
2021-10-20 05:32:02+00:00,create,165.140.105.0/24,3970,24
2021-10-20 13:07:03+00:00,delete,165.140.105.0/24,3970,24
2021-10-20 14:35:51+00:00,delete,2620:9E:6001::/48,3970,48
2021-10-21 03:11:19+00:00,create,165.140.105.0/24,3970,24
2021-10-21 03:15:59+00:00,create,2620:9E:6001::/48,3970,48
2021-10-21 12:35:06+00:00,delete,165.140.105.0/24,3970,24
2021-10-21 13:01:32+00:00,delete,2620:9E:6001::/48,3970,48
2021-10-22 00:24:55+00:00,create,2620:9E:6001::/48,3970,48
2021-10-22 03:23:39+00:00,create,165.140.105.0/24,3970,24
2021-10-22 13:44:13+00:00,delete,165.140.105.0/24,3970,24
2021-10-22 14:12:52+00:00,delete,2620:9E:6001::/48,3970,48
2021-10-23 02:21:12+00:00,create,2620:9E:6001::/48,3970,48
2021-10-23 05:27:38+00:00,create,165.140.105.0/24,3970,24
2021-10-23 17:22:10+00:00,delete,165.140.105.0/24,3970,24
2021-10-23 17:35:26+00:00,delete,2620:9E:6001::/48,3970,48
2021-10-24 00:30:06+00:00,create,2620:9E:6001::/48,3970,48
2021-10-24 03:21:57+00:00,create,165.140.105.0/24,3970,24
2021-10-24 12:08:58+00:00,delete,2620:9E:6001::/48,3970,48
2021-10-24 17:40:39+00:00,delete,165.140.105.0/24,3970,24
2021-10-25 00:34:43+00:00,create,2620:9E:6001::/48,3970,48
2021-10-25 03:57:35+00:00,create,165.140.105.0/24,3970,24
2021-10-25 14:05:42+00:00,delete,165.140.105.0/24,3970,24
2021-10-25 16:51:54+00:00,delete,2620:9E:6001::/48,3970,48
2021-10-26 00:08:16+00:00,create,165.140.105.0/24,3970,24
2021-10-26 00:37:09+00:00,create,2620:9E:6001::/48,3970,48
2021-10-26 12:52:50+00:00,delete,2620:9E:6001::/48,3970,48
2021-10-26 15:29:05+00:00,delete,165.140.105.0/24,3970,24
2021-10-27 04:18:58+00:00,create,2620:9E:6001::/48,3970,48
2021-10-27 05:11:29+00:00,create,165.140.105.0/24,3970,24
2021-10-27 12:50:46+00:00,delete,165.140.105.0/24,3970,24
2021-10-27 17:31:00+00:00,delete,2620:9E:6001::/48,3970,48
2021-10-28 02:25:58+00:00,create,2620:9E:6001::/48,3970,48
2021-10-28 03:39:18+00:00,create,165.140.105.0/24,3970,24
2021-10-28 12:14:15+00:00,delete,2620:9E:6001::/48,3970,48
2021-10-28 13:41:10+00:00,delete,165.140.105.0/24,3970,24
2021-10-29 01:57:35+00:00,create,2620:9E:6001::/48,3970,48
2021-10-29 02:26:16+00:00,create,165.140.105.0/24,3970,24
2021-10-29 14:12:18+00:00,delete,2620:9E:6001::/48,3970,48
2021-10-29 17:11:19+00:00,delete,165.140.105.0/24,3970,24
2021-10-30 04:54:02+00:00,create,165.140.105.0/24,3970,24
2021-10-30 05:01:44+00:00,create,2620:9E:6001::/48,3970,48
2021-10-30 12:25:57+00:00,delete,2620:9E:6001::/48,3970,48
2021-10-30 15:38:25+00:00,delete,165.140.105.0/24,3970,24
2021-10-31 02:03:39+00:00,create,2620:9E:6001::/48,3970,48
2021-10-31 02:03:53+00:00,create,165.140.105.0/24,3970,24
2021-10-31 13:58:09+00:00,delete,165.140.105.0/24,3970,24
2021-10-31 14:23:21+00:00,delete,2620:9E:6001::/48,3970,48
2021-11-01 02:30:08+00:00,create,2620:9E:6001::/48,3970,48
2021-11-01 02:56:16+00:00,create,165.140.105.0/24,3970,24
2021-11-01 12:20:35+00:00,delete,2620:9E:6001::/48,3970,48
2021-11-01 12:30:46+00:00,delete,165.140.105.0/24,3970,24
2021-11-02 00:07:25+00:00,create,2620:9E:6001::/48,3970,48
2021-11-02 03:42:09+00:00,create,165.140.105.0/24,3970,24
2021-11-02 13:05:45+00:00,delete,2620:9E:6001::/48,3970,48
2021-11-02 13:24:43+00:00,delete,165.140.105.0/24,3970,24
2021-11-03 02:00:00+00:00,create,2620:9E:6001::/48,3970,48
2021-11-03 03:18:53+00:00,create,165.140.105.0/24,3970,24
2021-11-03 14:37:16+00:00,delete,165.140.105.0/24,3970,24
2021-11-03 16:56:57+00:00,delete,2620:9E:6001::/48,3970,48
2021-11-04 00:04:08+00:00,create,2620:9E:6001::/48,3970,48
2021-11-04 00:43:44+00:00,create,165.140.105.0/24,3970,24
2021-11-04 12:31:19+00:00,delete,165.140.105.0/24,3970,24
2021-11-04 14:49:50+00:00,delete,2620:9E:6001::/48,3970,48
2021-11-05 02:32:41+00:00,create,165.140.105.0/24,3970,24
2021-11-05 02:59:29+00:00,create,2620:9E:6001::/48,3970,48
2021-11-05 12:26:41+00:00,delete,2620:9E:6001::/48,3970,48
2021-11-05 13:08:19+00:00,delete,165.140.105.0/24,3970,24
2021-11-06 04:32:39+00:00,create,2620:9E:6001::/48,3970,48
2021-11-06 05:33:19+00:00,create,165.140.105.0/24,3970,24
2021-11-06 12:00:26+00:00,delete,2620:9E:6001::/48,3970,48
2021-11-06 16:18:58+00:00,delete,165.140.105.0/24,3970,24
2021-11-07 00:41:40+00:00,create,165.140.105.0/24,3970,24
2021-11-07 02:22:40+00:00,create,2620:9E:6001::/48,3970,48
2021-11-07 14:11:14+00:00,delete,165.140.105.0/24,3970,24
2021-11-07 17:32:44+00:00,delete,2620:9E:6001::/48,3970,48
2021-11-08 00:04:01+00:00,create,165.140.105.0/24,3970,24
2021-11-08 00:04:29+00:00,create,2620:9E:6001::/48,3970,48
2021-11-08 14:43:02+00:00,delete,2620:9E:6001::/48,3970,48
2021-11-08 15:33:54+00:00,delete,165.140.105.0/24,3970,24
2021-11-09 03:11:28+00:00,create,165.140.105.0/24,3970,24
2021-11-09 04:04:41+00:00,create,2620:9E:6001::/48,3970,48
2021-11-09 15:06:00+00:00,delete,165.140.105.0/24,3970,24
2021-11-09 17:36:37+00:00,delete,2620:9E:6001::/48,3970,48
2021-11-10 02:52:47+00:00,create,2620:9E:6001::/48,3970,48
2021-11-10 05:36:12+00:00,create,165.140.105.0/24,3970,24
2021-11-10 14:01:59+00:00,delete,2620:9E:6001::/48,3970,48
2021-11-10 16:37:47+00:00,delete,165.140.105.0/24,3970,24
2021-11-11 02:59:01+00:00,create,2620:9E:6001::/48,3970,48
2021-11-11 04:42:03+00:00,create,165.140.105.0/24,3970,24
2021-11-11 12:55:46+00:00,delete,165.140.105.0/24,3970,24
2021-11-11 16:29:46+00:00,delete,2620:9E:6001::/48,3970,48
2021-11-12 00:27:38+00:00,create,2620:9E:6001::/48,3970,48
2021-11-12 02:44:27+00:00,create,165.140.105.0/24,3970,24
2021-11-12 12:33:55+00:00,delete,2620:9E:6001::/48,3970,48
2021-11-12 16:14:04+00:00,delete,165.140.105.0/24,3970,24
2021-11-13 02:13:15+00:00,create,165.140.105.0/24,3970,24
2021-11-13 05:14:26+00:00,create,2620:9E:6001::/48,3970,48
2021-11-13 15:51:48+00:00,delete,165.140.105.0/24,3970,24
2021-11-13 16:58:31+00:00,delete,2620:9E:6001::/48,3970,48
2021-11-14 01:00:13+00:00,create,165.140.105.0/24,3970,24
2021-11-14 02:28:00+00:00,create,2620:9E:6001::/48,3970,48
2021-11-14 13:36:25+00:00,delete,2620:9E:6001::/48,3970,48
2021-11-14 16:33:49+00:00,delete,165.140.105.0/24,3970,24
2021-11-15 02:22:02+00:00,create,2620:9E:6001::/48,3970,48
2021-11-15 03:55:16+00:00,create,165.140.105.0/24,3970,24
2021-11-15 16:41:39+00:00,delete,165.140.105.0/24,3970,24
2021-11-15 17:00:32+00:00,delete,2620:9E:6001::/48,3970,48
2021-11-16 00:23:20+00:00,create,2620:9E:6001::/48,3970,48
2021-11-16 00:35:52+00:00,create,165.140.105.0/24,3970,24
2021-11-16 12:49:42+00:00,delete,2620:9E:6001::/48,3970,48
2021-11-16 16:06:01+00:00,delete,165.140.105.0/24,3970,24
2021-11-17 00:44:31+00:00,create,2620:9E:6001::/48,3970,48
2021-11-17 04:47:25+00:00,create,165.140.105.0/24,3970,24
2021-11-17 13:10:53+00:00,delete,165.140.105.0/24,3970,24
2021-11-17 15:58:48+00:00,delete,2620:9E:6001::/48,3970,48
2021-11-18 00:00:42+00:00,create,2620:9E:6001::/48,3970,48
2021-11-18 04:38:36+00:00,create,165.140.105.0/24,3970,24
2021-11-18 13:09:30+00:00,delete,165.140.105.0/24,3970,24
2021-11-18 13:57:08+00:00,delete,2620:9E:6001::/48,3970,48
2021-11-19 01:04:38+00:00,create,2620:9E:6001::/48,3970,48
2021-11-19 04:26:41+00:00,create,165.140.105.0/24,3970,24
2021-11-19 12:25:51+00:00,delete,165.140.105.0/24,3970,24
2021-11-19 15:36:51+00:00,delete,2620:9E:6001::/48,3970,48
2021-11-20 00:12:45+00:00,create,165.140.105.0/24,3970,24
2021-11-20 02:07:29+00:00,create,2620:9E:6001::/48,3970,48
2021-11-20 15:03:17+00:00,delete,165.140.105.0/24,3970,24
2021-11-20 17:56:21+00:00,delete,2620:9E:6001::/48,3970,48
2021-11-21 01:22:24+00:00,create,2620:9E:6001::/48,3970,48
2021-11-21 05:20:49+00:00,create,165.140.105.0/24,3970,24
2021-11-21 12:06:36+00:00,delete,165.140.105.0/24,3970,24
2021-11-21 12:26:32+00:00,delete,2620:9E:6001::/48,3970,48
2021-11-22 01:58:30+00:00,create,2620:9E:6001::/48,3970,48
2021-11-22 04:46:39+00:00,create,165.140.105.0/24,3970,24
2021-11-22 14:24:23+00:00,delete,2620:9E:6001::/48,3970,48
2021-11-22 14:30:22+00:00,delete,165.140.105.0/24,3970,24
2021-11-23 00:02:02+00:00,create,2620:9E:6001::/48,3970,48
2021-11-23 00:35:10+00:00,create,165.140.105.0/24,3970,24
2021-11-23 12:04:31+00:00,delete,2620:9E:6001::/48,3970,48
2021-11-23 13:52:36+00:00,delete,165.140.105.0/24,3970,24
2021-12-03 02:32:45+00:00,create,2620:9E:6001::/48,3970,48
2021-12-03 02:57:50+00:00,create,165.140.105.0/24,3970,24
2021-12-03 12:51:20+00:00,delete,165.140.105.0/24,3970,24
2021-12-03 16:02:02+00:00,delete,2620:9E:6001::/48,3970,48
2021-12-04 02:04:38+00:00,create,2620:9E:6001::/48,3970,48
2021-12-04 04:58:29+00:00,create,165.140.105.0/24,3970,24
2021-12-04 17:21:28+00:00,delete,165.140.105.0/24,3970,24
2021-12-04 17:40:59+00:00,delete,2620:9E:6001::/48,3970,48
2021-12-05 00:40:52+00:00,create,165.140.105.0/24,3970,24
2021-12-05 02:00:56+00:00,create,2620:9E:6001::/48,3970,48
2021-12-05 13:09:00+00:00,delete,2620:9E:6001::/48,3970,48
2021-12-05 16:27:19+00:00,delete,165.140.105.0/24,3970,24
2021-12-06 00:02:12+00:00,create,2620:9E:6001::/48,3970,48
2021-12-06 01:00:48+00:00,create,165.140.105.0/24,3970,24
2021-12-06 13:39:13+00:00,delete,2620:9E:6001::/48,3970,48
2021-12-06 14:07:16+00:00,delete,165.140.105.0/24,3970,24
2021-12-07 04:09:42+00:00,create,2620:9E:6001::/48,3970,48
2021-12-07 04:35:30+00:00,create,165.140.105.0/24,3970,24
2021-12-07 15:29:10+00:00,delete,2620:9E:6001::/48,3970,48
2021-12-07 16:50:30+00:00,delete,165.140.105.0/24,3970,24
2021-12-08 01:32:35+00:00,create,165.140.105.0/24,3970,24
2021-12-08 04:20:23+00:00,create,2620:9E:6001::/48,3970,48
2021-12-08 15:53:17+00:00,delete,2620:9E:6001::/48,3970,48
2021-12-08 17:50:12+00:00,delete,165.140.105.0/24,3970,24
2021-12-09 02:03:59+00:00,create,2620:9E:6001::/48,3970,48
2021-12-09 05:51:34+00:00,create,165.140.105.0/24,3970,24
2021-12-09 12:23:07+00:00,delete,2620:9E:6001::/48,3970,48
2021-12-09 15:00:06+00:00,delete,165.140.105.0/24,3970,24
2021-12-10 00:08:24+00:00,create,165.140.105.0/24,3970,24
2021-12-10 00:42:27+00:00,create,2620:9E:6001::/48,3970,48
2021-12-10 13:50:06+00:00,delete,165.140.105.0/24,3970,24
2021-12-10 16:27:12+00:00,delete,2620:9E:6001::/48,3970,48
2021-12-11 00:19:09+00:00,create,165.140.105.0/24,3970,24
2021-12-11 01:09:31+00:00,create,2620:9E:6001::/48,3970,48
2021-12-11 15:25:03+00:00,delete,165.140.105.0/24,3970,24
2021-12-11 17:58:44+00:00,delete,2620:9E:6001::/48,3970,48
2021-12-12 04:02:30+00:00,create,165.140.105.0/24,3970,24
2021-12-12 05:45:47+00:00,create,2620:9E:6001::/48,3970,48
2021-12-12 14:50:01+00:00,delete,165.140.105.0/24,3970,24
2021-12-12 16:53:45+00:00,delete,2620:9E:6001::/48,3970,48
2021-12-13 02:27:51+00:00,create,165.140.105.0/24,3970,24
2021-12-13 04:46:39+00:00,create,2620:9E:6001::/48,3970,48
2021-12-13 16:22:57+00:00,delete,2620:9E:6001::/48,3970,48
2021-12-13 17:43:50+00:00,delete,165.140.105.0/24,3970,24
2021-12-14 00:24:56+00:00,create,2620:9E:6001::/48,3970,48
2021-12-14 04:42:38+00:00,create,165.140.105.0/24,3970,24
2021-12-14 14:40:35+00:00,delete,165.140.105.0/24,3970,24
2021-12-14 17:48:11+00:00,delete,2620:9E:6001::/48,3970,48
2021-12-15 04:00:10+00:00,create,2620:9E:6001::/48,3970,48
2021-12-15 15:23:39+00:00,delete,2620:9E:6001::/48,3970,48
2021-12-16 01:21:00+00:00,create,2620:9E:6001::/48,3970,48
2021-12-16 05:48:20+00:00,create,165.140.105.0/24,3970,24
2021-12-16 13:09:01+00:00,delete,165.140.105.0/24,3970,24
2021-12-16 16:09:40+00:00,delete,2620:9E:6001::/48,3970,48
2021-12-17 03:34:00+00:00,create,2620:9E:6001::/48,3970,48
2021-12-17 04:47:44+00:00,create,165.140.105.0/24,3970,24
2021-12-17 13:31:19+00:00,delete,165.140.105.0/24,3970,24
2021-12-17 13:38:10+00:00,delete,2620:9E:6001::/48,3970,48
2021-12-18 05:32:10+00:00,create,2620:9E:6001::/48,3970,48
2021-12-18 05:39:05+00:00,create,165.140.105.0/24,3970,24
2021-12-18 14:12:45+00:00,delete,2620:9E:6001::/48,3970,48
2021-12-18 15:57:28+00:00,delete,165.140.105.0/24,3970,24
2021-12-19 03:24:05+00:00,create,165.140.105.0/24,3970,24
2021-12-19 04:58:15+00:00,create,2620:9E:6001::/48,3970,48
2021-12-19 12:20:04+00:00,delete,2620:9E:6001::/48,3970,48
2021-12-19 15:31:23+00:00,delete,165.140.105.0/24,3970,24
2021-12-20 00:53:10+00:00,create,2620:9E:6001::/48,3970,48
2021-12-20 05:33:26+00:00,create,165.140.105.0/24,3970,24
2021-12-20 14:54:31+00:00,delete,165.140.105.0/24,3970,24
2021-12-20 17:21:32+00:00,delete,2620:9E:6001::/48,3970,48
2021-12-21 02:43:33+00:00,create,2620:9E:6001::/48,3970,48
2021-12-21 04:01:06+00:00,create,165.140.105.0/24,3970,24
2021-12-21 12:43:40+00:00,delete,165.140.105.0/24,3970,24
2021-12-21 14:06:24+00:00,delete,2620:9E:6001::/48,3970,48
2021-12-22 02:34:19+00:00,create,2620:9E:6001::/48,3970,48
2021-12-22 04:05:59+00:00,create,165.140.105.0/24,3970,24
2021-12-22 12:30:55+00:00,delete,165.140.105.0/24,3970,24
2021-12-22 17:49:10+00:00,delete,2620:9E:6001::/48,3970,48
2021-12-23 00:57:03+00:00,create,165.140.105.0/24,3970,24
2021-12-23 02:53:11+00:00,create,2620:9E:6001::/48,3970,48
2021-12-23 14:58:26+00:00,delete,2620:9E:6001::/48,3970,48
2021-12-23 17:49:44+00:00,delete,165.140.105.0/24,3970,24
2021-12-24 03:29:02+00:00,create,165.140.105.0/24,3970,24
2021-12-24 03:54:31+00:00,create,2620:9E:6001::/48,3970,48
2021-12-24 15:18:42+00:00,delete,165.140.105.0/24,3970,24
2021-12-24 16:31:33+00:00,delete,2620:9E:6001::/48,3970,48
2021-12-25 03:57:50+00:00,create,2620:9E:6001::/48,3970,48
2021-12-25 05:40:52+00:00,create,165.140.105.0/24,3970,24
2021-12-25 14:55:21+00:00,delete,2620:9E:6001::/48,3970,48
2021-12-25 16:54:52+00:00,delete,165.140.105.0/24,3970,24
2021-12-26 01:36:07+00:00,create,165.140.105.0/24,3970,24
2021-12-26 05:44:10+00:00,create,2620:9E:6001::/48,3970,48
2021-12-26 14:00:14+00:00,delete,2620:9E:6001::/48,3970,48
2021-12-26 17:50:52+00:00,delete,165.140.105.0/24,3970,24
2021-12-27 01:25:00+00:00,create,165.140.105.0/24,3970,24
2021-12-27 04:53:46+00:00,create,2620:9E:6001::/48,3970,48
2021-12-27 12:20:55+00:00,delete,2620:9E:6001::/48,3970,48
2021-12-27 13:59:15+00:00,delete,165.140.105.0/24,3970,24
2021-12-28 02:18:56+00:00,create,165.140.105.0/24,3970,24
2021-12-28 04:10:42+00:00,create,2620:9E:6001::/48,3970,48
2021-12-28 12:10:35+00:00,delete,165.140.105.0/24,3970,24
2021-12-28 15:38:02+00:00,delete,2620:9E:6001::/48,3970,48
2021-12-29 00:16:04+00:00,create,2620:9E:6001::/48,3970,48
2021-12-29 03:31:49+00:00,create,165.140.105.0/24,3970,24
2021-12-29 14:16:46+00:00,delete,165.140.105.0/24,3970,24
2021-12-29 15:03:28+00:00,delete,2620:9E:6001::/48,3970,48
2021-12-30 02:31:53+00:00,create,165.140.105.0/24,3970,24
2021-12-30 05:46:00+00:00,create,2620:9E:6001::/48,3970,48
2021-12-30 12:33:42+00:00,delete,2620:9E:6001::/48,3970,48
2021-12-30 13:33:48+00:00,delete,165.140.105.0/24,3970,24
2021-12-31 02:15:42+00:00,create,2620:9E:6001::/48,3970,48
2021-12-31 05:48:25+00:00,create,165.140.105.0/24,3970,24
2021-12-31 12:22:54+00:00,delete,165.140.105.0/24,3970,24
2021-12-31 16:05:33+00:00,delete,2620:9E:6001::/48,3970,48
2022-01-01 02:52:36+00:00,create,2620:9E:6001::/48,3970,48
2022-01-01 05:37:15+00:00,create,165.140.105.0/24,3970,24
2022-01-01 15:12:00+00:00,delete,165.140.105.0/24,3970,24
2022-01-01 16:50:21+00:00,delete,2620:9E:6001::/48,3970,48
2022-01-02 00:01:40+00:00,create,165.140.105.0/24,3970,24
2022-01-02 02:40:37+00:00,create,2620:9E:6001::/48,3970,48
2022-01-02 15:57:32+00:00,delete,2620:9E:6001::/48,3970,48
2022-01-02 17:44:09+00:00,delete,165.140.105.0/24,3970,24
2022-01-03 05:04:02+00:00,create,2620:9E:6001::/48,3970,48
2022-01-03 05:17:19+00:00,create,165.140.105.0/24,3970,24
2022-01-03 16:05:42+00:00,delete,2620:9E:6001::/48,3970,48
2022-01-03 16:43:03+00:00,delete,165.140.105.0/24,3970,24
2022-01-04 01:28:24+00:00,create,165.140.105.0/24,3970,24
2022-01-04 02:36:45+00:00,create,2620:9E:6001::/48,3970,48
2022-01-04 13:22:35+00:00,delete,2620:9E:6001::/48,3970,48
2022-01-04 13:51:14+00:00,delete,165.140.105.0/24,3970,24
2022-01-05 03:17:38+00:00,create,2620:9E:6001::/48,3970,48
2022-01-05 03:32:19+00:00,create,165.140.105.0/24,3970,24
2022-01-05 14:39:13+00:00,delete,2620:9E:6001::/48,3970,48
2022-01-05 15:03:35+00:00,delete,165.140.105.0/24,3970,24
2022-01-06 04:03:57+00:00,create,2620:9E:6001::/48,3970,48
2022-01-06 04:38:57+00:00,create,165.140.105.0/24,3970,24
2022-01-06 16:48:59+00:00,delete,165.140.105.0/24,3970,24
2022-01-06 17:51:18+00:00,delete,2620:9E:6001::/48,3970,48
2022-01-07 02:58:05+00:00,create,2620:9E:6001::/48,3970,48
2022-01-07 05:54:48+00:00,create,165.140.105.0/24,3970,24
2022-01-07 12:05:32+00:00,delete,165.140.105.0/24,3970,24
2022-01-07 12:44:31+00:00,delete,2620:9E:6001::/48,3970,48
2022-01-08 00:41:37+00:00,create,165.140.105.0/24,3970,24
2022-01-08 03:53:25+00:00,create,2620:9E:6001::/48,3970,48
2022-01-08 13:57:57+00:00,delete,2620:9E:6001::/48,3970,48
2022-01-08 16:53:41+00:00,delete,165.140.105.0/24,3970,24
2022-01-09 05:26:59+00:00,create,165.140.105.0/24,3970,24
2022-01-09 05:34:02+00:00,create,2620:9E:6001::/48,3970,48
2022-01-09 13:05:42+00:00,delete,2620:9E:6001::/48,3970,48
2022-01-09 17:46:40+00:00,delete,165.140.105.0/24,3970,24
2022-01-10 02:57:32+00:00,create,2620:9E:6001::/48,3970,48
2022-01-10 03:42:32+00:00,create,165.140.105.0/24,3970,24
2022-01-10 12:45:44+00:00,delete,165.140.105.0/24,3970,24
2022-01-10 15:46:21+00:00,delete,2620:9E:6001::/48,3970,48
2022-01-11 03:30:37+00:00,create,2620:9E:6001::/48,3970,48
2022-01-11 04:57:32+00:00,create,165.140.105.0/24,3970,24
2022-01-11 12:03:09+00:00,delete,2620:9E:6001::/48,3970,48
2022-01-11 16:29:17+00:00,delete,165.140.105.0/24,3970,24
2022-01-12 01:09:05+00:00,create,165.140.105.0/24,3970,24
2022-01-12 05:25:14+00:00,create,2620:9E:6001::/48,3970,48
2022-01-12 13:14:31+00:00,delete,2620:9E:6001::/48,3970,48
2022-01-12 14:07:18+00:00,delete,165.140.105.0/24,3970,24
2022-01-13 00:12:37+00:00,create,2620:9E:6001::/48,3970,48
2022-01-13 05:13:37+00:00,create,165.140.105.0/24,3970,24
2022-01-13 12:58:52+00:00,delete,2620:9E:6001::/48,3970,48
2022-01-13 14:21:00+00:00,delete,165.140.105.0/24,3970,24
2022-01-14 02:56:42+00:00,create,2620:9E:6001::/48,3970,48
2022-01-14 03:11:59+00:00,create,165.140.105.0/24,3970,24
2022-01-14 15:55:44+00:00,delete,2620:9E:6001::/48,3970,48
2022-01-14 17:49:46+00:00,delete,165.140.105.0/24,3970,24
2022-01-15 05:33:02+00:00,create,165.140.105.0/24,3970,24
2022-01-15 05:39:37+00:00,create,2620:9E:6001::/48,3970,48
2022-01-15 12:21:28+00:00,delete,165.140.105.0/24,3970,24
2022-01-15 14:17:41+00:00,delete,2620:9E:6001::/48,3970,48
2022-01-16 04:12:24+00:00,create,165.140.105.0/24,3970,24
2022-01-16 05:28:43+00:00,create,2620:9E:6001::/48,3970,48
2022-01-16 15:27:26+00:00,delete,165.140.105.0/24,3970,24
2022-01-16 15:48:50+00:00,delete,2620:9E:6001::/48,3970,48
2022-01-17 02:47:05+00:00,create,165.140.105.0/24,3970,24
2022-01-17 04:04:07+00:00,create,2620:9E:6001::/48,3970,48
2022-01-17 13:23:47+00:00,delete,165.140.105.0/24,3970,24
2022-01-17 16:46:12+00:00,delete,2620:9E:6001::/48,3970,48
2022-01-18 02:21:17+00:00,create,2620:9E:6001::/48,3970,48
2022-01-18 04:01:00+00:00,create,165.140.105.0/24,3970,24
2022-01-18 12:50:46+00:00,delete,165.140.105.0/24,3970,24
2022-01-18 17:11:15+00:00,delete,2620:9E:6001::/48,3970,48
2022-01-19 01:24:47+00:00,create,2620:9E:6001::/48,3970,48
2022-01-19 03:05:34+00:00,create,165.140.105.0/24,3970,24
2022-01-19 15:46:48+00:00,delete,2620:9E:6001::/48,3970,48
2022-01-19 17:45:34+00:00,delete,165.140.105.0/24,3970,24
2022-01-20 00:04:48+00:00,create,165.140.105.0/24,3970,24
2022-01-20 01:22:10+00:00,create,2620:9E:6001::/48,3970,48
2022-01-20 16:28:07+00:00,delete,165.140.105.0/24,3970,24
2022-01-20 17:58:47+00:00,delete,2620:9E:6001::/48,3970,48
2022-01-21 02:00:49+00:00,create,2620:9E:6001::/48,3970,48
2022-01-21 03:12:36+00:00,create,165.140.105.0/24,3970,24
2022-01-21 13:59:51+00:00,delete,165.140.105.0/24,3970,24
2022-01-21 16:30:13+00:00,delete,2620:9E:6001::/48,3970,48
2022-01-22 00:21:30+00:00,create,165.140.105.0/24,3970,24
2022-01-22 01:31:25+00:00,create,2620:9E:6001::/48,3970,48
2022-01-22 13:04:34+00:00,delete,2620:9E:6001::/48,3970,48
2022-01-22 15:49:23+00:00,delete,165.140.105.0/24,3970,24
2022-01-23 04:24:25+00:00,create,165.140.105.0/24,3970,24
2022-01-23 05:30:53+00:00,create,2620:9E:6001::/48,3970,48
2022-01-23 13:28:49+00:00,delete,165.140.105.0/24,3970,24
2022-01-23 17:20:55+00:00,delete,2620:9E:6001::/48,3970,48
2022-01-24 01:07:54+00:00,create,165.140.105.0/24,3970,24
2022-01-24 01:53:39+00:00,create,2620:9E:6001::/48,3970,48
2022-01-24 14:37:46+00:00,delete,165.140.105.0/24,3970,24
2022-01-24 16:18:05+00:00,delete,2620:9E:6001::/48,3970,48
2022-01-25 02:36:20+00:00,create,165.140.105.0/24,3970,24
2022-01-25 04:26:01+00:00,create,2620:9E:6001::/48,3970,48
2022-01-25 14:07:30+00:00,delete,2620:9E:6001::/48,3970,48
2022-01-25 14:49:12+00:00,delete,165.140.105.0/24,3970,24
2022-01-26 00:26:17+00:00,create,2620:9E:6001::/48,3970,48
2022-01-26 03:48:23+00:00,create,165.140.105.0/24,3970,24
2022-01-26 13:32:23+00:00,delete,165.140.105.0/24,3970,24
2022-01-26 15:36:28+00:00,delete,2620:9E:6001::/48,3970,48
2022-01-27 03:35:11+00:00,create,165.140.105.0/24,3970,24
2022-01-27 04:38:12+00:00,create,2620:9E:6001::/48,3970,48
2022-01-27 12:12:52+00:00,delete,2620:9E:6001::/48,3970,48
2022-01-27 13:36:23+00:00,delete,165.140.105.0/24,3970,24
2022-01-28 02:14:11+00:00,create,2620:9E:6001::/48,3970,48
2022-01-28 04:04:26+00:00,create,165.140.105.0/24,3970,24
2022-01-28 12:11:44+00:00,delete,2620:9E:6001::/48,3970,48
2022-01-28 16:34:45+00:00,delete,165.140.105.0/24,3970,24
2022-01-29 02:08:59+00:00,create,165.140.105.0/24,3970,24
2022-01-29 05:56:42+00:00,create,2620:9E:6001::/48,3970,48
2022-01-29 15:05:25+00:00,delete,2620:9E:6001::/48,3970,48
2022-01-29 17:22:18+00:00,delete,165.140.105.0/24,3970,24
2022-01-30 00:04:23+00:00,create,2620:9E:6001::/48,3970,48
2022-01-30 02:01:12+00:00,create,165.140.105.0/24,3970,24
2022-01-30 12:48:28+00:00,delete,165.140.105.0/24,3970,24
2022-01-30 17:27:38+00:00,delete,2620:9E:6001::/48,3970,48
2022-01-31 04:18:01+00:00,create,2620:9E:6001::/48,3970,48
2022-01-31 04:32:04+00:00,create,165.140.105.0/24,3970,24
2022-01-31 15:17:31+00:00,delete,2620:9E:6001::/48,3970,48
2022-01-31 17:33:33+00:00,delete,165.140.105.0/24,3970,24
2022-02-01 02:46:20+00:00,create,2620:9E:6001::/48,3970,48
2022-02-01 02:54:38+00:00,create,165.140.105.0/24,3970,24
2022-02-01 17:01:25+00:00,delete,2620:9E:6001::/48,3970,48
2022-02-01 17:39:07+00:00,delete,165.140.105.0/24,3970,24
2022-02-02 00:18:47+00:00,create,2620:9E:6001::/48,3970,48
2022-02-02 01:15:27+00:00,create,165.140.105.0/24,3970,24
2022-02-02 13:46:52+00:00,delete,165.140.105.0/24,3970,24
2022-02-02 16:06:22+00:00,delete,2620:9E:6001::/48,3970,48
2022-02-03 01:24:52+00:00,create,165.140.105.0/24,3970,24
2022-02-03 05:04:26+00:00,create,2620:9E:6001::/48,3970,48
2022-02-03 14:47:44+00:00,delete,165.140.105.0/24,3970,24
2022-02-03 15:45:21+00:00,delete,2620:9E:6001::/48,3970,48
2022-02-04 04:23:14+00:00,create,2620:9E:6001::/48,3970,48
2022-02-04 05:18:21+00:00,create,165.140.105.0/24,3970,24
2022-02-04 12:10:09+00:00,delete,2620:9E:6001::/48,3970,48
2022-02-04 14:54:14+00:00,delete,165.140.105.0/24,3970,24
2022-02-05 04:38:37+00:00,create,2620:9E:6001::/48,3970,48
2022-02-05 04:59:51+00:00,create,165.140.105.0/24,3970,24
2022-02-05 14:25:52+00:00,delete,165.140.105.0/24,3970,24
2022-02-05 16:12:20+00:00,delete,2620:9E:6001::/48,3970,48
2022-02-06 02:05:59+00:00,create,2620:9E:6001::/48,3970,48
2022-02-06 03:02:52+00:00,create,165.140.105.0/24,3970,24
2022-02-06 12:47:32+00:00,delete,165.140.105.0/24,3970,24
2022-02-06 15:45:38+00:00,delete,2620:9E:6001::/48,3970,48
2022-02-07 04:24:54+00:00,create,165.140.105.0/24,3970,24
2022-02-07 04:43:42+00:00,create,2620:9E:6001::/48,3970,48
2022-02-07 15:07:57+00:00,delete,165.140.105.0/24,3970,24
2022-02-07 16:59:02+00:00,delete,2620:9E:6001::/48,3970,48
2022-02-08 00:30:53+00:00,create,165.140.105.0/24,3970,24
2022-02-08 02:38:19+00:00,create,2620:9E:6001::/48,3970,48
2022-02-08 12:38:14+00:00,delete,2620:9E:6001::/48,3970,48
2022-02-08 14:12:32+00:00,delete,165.140.105.0/24,3970,24
2022-02-09 00:11:00+00:00,create,2620:9E:6001::/48,3970,48
2022-02-09 02:37:11+00:00,create,165.140.105.0/24,3970,24
2022-02-09 15:51:46+00:00,delete,2620:9E:6001::/48,3970,48
2022-02-09 16:13:30+00:00,delete,165.140.105.0/24,3970,24
2022-02-10 01:27:16+00:00,create,165.140.105.0/24,3970,24
2022-02-10 05:15:15+00:00,create,2620:9E:6001::/48,3970,48
2022-02-10 14:10:57+00:00,delete,2620:9E:6001::/48,3970,48
2022-02-10 14:19:32+00:00,delete,165.140.105.0/24,3970,24
2022-02-11 01:27:43+00:00,create,2620:9E:6001::/48,3970,48
2022-02-11 04:47:09+00:00,create,165.140.105.0/24,3970,24
2022-02-11 13:12:58+00:00,delete,2620:9E:6001::/48,3970,48
2022-02-11 17:25:15+00:00,delete,165.140.105.0/24,3970,24
2022-02-12 01:38:09+00:00,create,2620:9E:6001::/48,3970,48
2022-02-12 04:04:17+00:00,create,165.140.105.0/24,3970,24
2022-02-12 16:14:32+00:00,delete,165.140.105.0/24,3970,24
2022-02-12 17:34:05+00:00,delete,2620:9E:6001::/48,3970,48
2022-02-13 05:18:17+00:00,create,2620:9E:6001::/48,3970,48
2022-02-13 05:40:13+00:00,create,165.140.105.0/24,3970,24
2022-02-13 17:43:29+00:00,delete,165.140.105.0/24,3970,24
2022-02-13 17:45:36+00:00,delete,2620:9E:6001::/48,3970,48
2022-02-14 02:17:38+00:00,create,2620:9E:6001::/48,3970,48
2022-02-14 03:28:27+00:00,create,165.140.105.0/24,3970,24
2022-02-14 12:31:23+00:00,delete,165.140.105.0/24,3970,24
2022-02-14 16:00:38+00:00,delete,2620:9E:6001::/48,3970,48
2022-02-15 00:25:05+00:00,create,2620:9E:6001::/48,3970,48
2022-02-15 04:57:47+00:00,create,165.140.105.0/24,3970,24
2022-02-15 12:12:11+00:00,delete,165.140.105.0/24,3970,24
2022-02-15 13:58:54+00:00,delete,2620:9E:6001::/48,3970,48
2022-02-16 00:35:11+00:00,create,165.140.105.0/24,3970,24
2022-02-16 05:59:29+00:00,create,2620:9E:6001::/48,3970,48
2022-02-16 14:31:05+00:00,delete,165.140.105.0/24,3970,24
2022-02-16 17:20:57+00:00,delete,2620:9E:6001::/48,3970,48
2022-02-17 03:11:04+00:00,create,2620:9E:6001::/48,3970,48
2022-02-17 03:55:39+00:00,create,165.140.105.0/24,3970,24
2022-02-17 13:12:42+00:00,delete,165.140.105.0/24,3970,24
2022-02-17 15:16:28+00:00,delete,2620:9E:6001::/48,3970,48
2022-02-18 01:23:40+00:00,create,2620:9E:6001::/48,3970,48
2022-02-18 04:43:15+00:00,create,165.140.105.0/24,3970,24
2022-02-18 12:39:17+00:00,delete,2620:9E:6001::/48,3970,48
2022-02-18 17:26:07+00:00,delete,165.140.105.0/24,3970,24
2022-02-19 00:07:12+00:00,create,165.140.105.0/24,3970,24
2022-02-19 05:13:54+00:00,create,2620:9E:6001::/48,3970,48
2022-02-19 12:56:17+00:00,delete,165.140.105.0/24,3970,24
2022-02-19 14:54:47+00:00,delete,2620:9E:6001::/48,3970,48
2022-02-20 01:51:30+00:00,create,165.140.105.0/24,3970,24
2022-02-20 03:49:08+00:00,create,2620:9E:6001::/48,3970,48
2022-02-20 12:29:37+00:00,delete,165.140.105.0/24,3970,24
2022-02-20 14:02:38+00:00,delete,2620:9E:6001::/48,3970,48
2022-02-21 01:05:08+00:00,create,2620:9E:6001::/48,3970,48
2022-02-21 04:48:21+00:00,create,165.140.105.0/24,3970,24
2022-02-21 12:22:24+00:00,delete,165.140.105.0/24,3970,24
2022-02-21 13:11:46+00:00,delete,2620:9E:6001::/48,3970,48
2022-02-22 03:31:12+00:00,create,2620:9E:6001::/48,3970,48
2022-02-22 05:19:31+00:00,create,165.140.105.0/24,3970,24
2022-02-22 12:16:39+00:00,delete,2620:9E:6001::/48,3970,48
2022-02-22 14:06:24+00:00,delete,165.140.105.0/24,3970,24
2022-02-23 00:16:20+00:00,create,2620:9E:6001::/48,3970,48
2022-02-23 04:25:35+00:00,create,165.140.105.0/24,3970,24
2022-02-23 12:35:59+00:00,delete,2620:9E:6001::/48,3970,48
2022-02-23 16:17:43+00:00,delete,165.140.105.0/24,3970,24
2022-02-24 00:24:22+00:00,create,2620:9E:6001::/48,3970,48
2022-02-24 03:30:15+00:00,create,165.140.105.0/24,3970,24
2022-02-24 12:18:22+00:00,delete,165.140.105.0/24,3970,24
2022-02-24 14:43:28+00:00,delete,2620:9E:6001::/48,3970,48
2022-02-25 01:50:56+00:00,create,2620:9E:6001::/48,3970,48
2022-02-25 05:41:38+00:00,create,165.140.105.0/24,3970,24
2022-02-25 13:32:14+00:00,delete,2620:9E:6001::/48,3970,48
2022-02-25 14:13:48+00:00,delete,165.140.105.0/24,3970,24
2022-02-26 00:04:55+00:00,create,2620:9E:6001::/48,3970,48
2022-02-26 04:33:26+00:00,create,165.140.105.0/24,3970,24
2022-02-26 16:44:11+00:00,delete,2620:9E:6001::/48,3970,48
2022-02-26 17:03:03+00:00,delete,165.140.105.0/24,3970,24
2022-02-27 02:12:30+00:00,create,2620:9E:6001::/48,3970,48
2022-02-27 03:03:24+00:00,create,165.140.105.0/24,3970,24
2022-02-27 14:31:41+00:00,delete,2620:9E:6001::/48,3970,48
2022-02-27 16:13:33+00:00,delete,165.140.105.0/24,3970,24
2022-02-28 04:03:12+00:00,create,2620:9E:6001::/48,3970,48
2022-02-28 04:20:23+00:00,create,165.140.105.0/24,3970,24
2022-02-28 13:50:28+00:00,delete,165.140.105.0/24,3970,24
2022-02-28 14:37:47+00:00,delete,2620:9E:6001::/48,3970,48
2022-03-01 00:53:09+00:00,create,165.140.105.0/24,3970,24
2022-03-01 02:49:00+00:00,create,2620:9E:6001::/48,3970,48
2022-03-01 16:10:04+00:00,delete,165.140.105.0/24,3970,24
2022-03-01 16:41:54+00:00,delete,2620:9E:6001::/48,3970,48
2022-03-02 01:15:36+00:00,create,165.140.105.0/24,3970,24
2022-03-02 01:54:34+00:00,create,2620:9E:6001::/48,3970,48
2022-03-02 12:50:00+00:00,delete,165.140.105.0/24,3970,24
2022-03-02 14:16:07+00:00,delete,2620:9E:6001::/48,3970,48
2022-03-03 01:21:56+00:00,create,2620:9E:6001::/48,3970,48
2022-03-03 02:05:19+00:00,create,165.140.105.0/24,3970,24
2022-03-03 15:12:31+00:00,delete,2620:9E:6001::/48,3970,48
2022-03-03 17:26:18+00:00,delete,165.140.105.0/24,3970,24
2022-03-04 03:27:58+00:00,create,2620:9E:6001::/48,3970,48
2022-03-04 04:14:27+00:00,create,165.140.105.0/24,3970,24
2022-03-04 15:14:28+00:00,delete,165.140.105.0/24,3970,24
2022-03-04 15:21:00+00:00,delete,2620:9E:6001::/48,3970,48
2022-03-05 01:39:08+00:00,create,2620:9E:6001::/48,3970,48
2022-03-05 04:15:40+00:00,create,165.140.105.0/24,3970,24
2022-03-05 12:13:56+00:00,delete,2620:9E:6001::/48,3970,48
2022-03-05 15:09:05+00:00,delete,165.140.105.0/24,3970,24
2022-03-06 00:57:08+00:00,create,165.140.105.0/24,3970,24
2022-03-06 01:20:37+00:00,create,2620:9E:6001::/48,3970,48
2022-03-06 15:22:51+00:00,delete,165.140.105.0/24,3970,24
2022-03-06 15:41:45+00:00,delete,2620:9E:6001::/48,3970,48
2022-03-07 02:03:35+00:00,create,2620:9E:6001::/48,3970,48
2022-03-07 04:34:30+00:00,create,165.140.105.0/24,3970,24
2022-03-07 16:33:50+00:00,delete,2620:9E:6001::/48,3970,48
2022-03-07 17:41:48+00:00,delete,165.140.105.0/24,3970,24
2022-03-08 00:19:24+00:00,create,165.140.105.0/24,3970,24
2022-03-08 03:45:10+00:00,create,2620:9E:6001::/48,3970,48
2022-03-08 15:45:53+00:00,delete,165.140.105.0/24,3970,24
2022-03-08 17:28:20+00:00,delete,2620:9E:6001::/48,3970,48
2022-03-09 00:12:46+00:00,create,2620:9E:6001::/48,3970,48
2022-03-09 03:04:38+00:00,create,165.140.105.0/24,3970,24
2022-03-09 12:52:50+00:00,delete,2620:9E:6001::/48,3970,48
2022-03-09 13:01:39+00:00,delete,165.140.105.0/24,3970,24
2022-03-10 00:07:36+00:00,create,2620:9E:6001::/48,3970,48
2022-03-10 03:18:53+00:00,create,165.140.105.0/24,3970,24
2022-03-10 15:11:29+00:00,delete,165.140.105.0/24,3970,24
2022-03-10 17:33:41+00:00,delete,2620:9E:6001::/48,3970,48
2022-03-11 01:12:30+00:00,create,2620:9E:6001::/48,3970,48
2022-03-11 05:56:14+00:00,create,165.140.105.0/24,3970,24
2022-03-11 17:09:30+00:00,delete,165.140.105.0/24,3970,24
2022-03-12 01:24:23+00:00,create,2620:9E:6001::/48,3970,48
2022-03-12 05:45:32+00:00,create,165.140.105.0/24,3970,24
2022-03-12 13:26:58+00:00,delete,2620:9E:6001::/48,3970,48
2022-03-12 13:26:58+00:00,delete,2620:9E:6001::/48,3970,48
2022-03-12 14:37:39+00:00,delete,165.140.105.0/24,3970,24
2022-03-13 00:59:12+00:00,create,2620:9E:6001::/48,3970,48
2022-03-13 05:11:57+00:00,create,165.140.105.0/24,3970,24
2022-03-13 12:08:42+00:00,delete,165.140.105.0/24,3970,24
2022-03-13 16:34:37+00:00,delete,2620:9E:6001::/48,3970,48
2022-03-14 00:19:00+00:00,create,165.140.105.0/24,3970,24
2022-03-14 05:31:06+00:00,create,2620:9E:6001::/48,3970,48
2022-03-14 14:51:16+00:00,delete,165.140.105.0/24,3970,24
2022-03-14 15:26:21+00:00,delete,2620:9E:6001::/48,3970,48
2022-03-15 01:16:40+00:00,create,2620:9E:6001::/48,3970,48
2022-03-15 02:08:27+00:00,create,165.140.105.0/24,3970,24
2022-03-15 13:04:43+00:00,delete,165.140.105.0/24,3970,24
2022-03-15 13:22:29+00:00,delete,2620:9E:6001::/48,3970,48
2022-03-16 05:41:47+00:00,create,165.140.105.0/24,3970,24
2022-03-16 05:59:58+00:00,create,2620:9E:6001::/48,3970,48
2022-03-16 12:27:26+00:00,delete,2620:9E:6001::/48,3970,48
2022-03-16 13:36:40+00:00,delete,165.140.105.0/24,3970,24
2022-03-17 03:38:19+00:00,create,2620:9E:6001::/48,3970,48
2022-03-17 04:58:38+00:00,create,165.140.105.0/24,3970,24
2022-03-17 12:50:09+00:00,delete,165.140.105.0/24,3970,24
2022-03-17 14:27:51+00:00,delete,2620:9E:6001::/48,3970,48
2022-03-18 02:38:42+00:00,create,2620:9E:6001::/48,3970,48
2022-03-18 04:04:48+00:00,create,165.140.105.0/24,3970,24
2022-03-18 16:30:11+00:00,delete,165.140.105.0/24,3970,24
2022-03-18 16:44:30+00:00,delete,2620:9E:6001::/48,3970,48
2022-03-19 00:45:05+00:00,create,165.140.105.0/24,3970,24
2022-03-19 05:01:21+00:00,create,2620:9E:6001::/48,3970,48
2022-03-19 16:12:30+00:00,delete,2620:9E:6001::/48,3970,48
2022-03-19 17:10:15+00:00,delete,165.140.105.0/24,3970,24
2022-03-20 05:17:40+00:00,create,2620:9E:6001::/48,3970,48
2022-03-20 05:28:44+00:00,create,165.140.105.0/24,3970,24
2022-03-20 12:46:14+00:00,delete,165.140.105.0/24,3970,24
2022-03-20 16:44:58+00:00,delete,2620:9E:6001::/48,3970,48
2022-03-21 00:55:22+00:00,create,2620:9E:6001::/48,3970,48
2022-03-21 02:47:52+00:00,create,165.140.105.0/24,3970,24
2022-03-21 12:19:39+00:00,delete,165.140.105.0/24,3970,24
2022-03-21 15:55:17+00:00,delete,2620:9E:6001::/48,3970,48
2022-03-22 00:29:06+00:00,create,165.140.105.0/24,3970,24
2022-03-22 04:17:46+00:00,create,2620:9E:6001::/48,3970,48
2022-03-22 13:58:53+00:00,delete,165.140.105.0/24,3970,24
2022-03-22 14:35:17+00:00,delete,2620:9E:6001::/48,3970,48
2022-03-23 01:06:24+00:00,create,165.140.105.0/24,3970,24
2022-03-23 05:17:12+00:00,create,2620:9E:6001::/48,3970,48
2022-03-23 15:17:49+00:00,delete,2620:9E:6001::/48,3970,48
2022-03-23 16:29:10+00:00,delete,165.140.105.0/24,3970,24
2022-03-24 05:06:25+00:00,create,2620:9E:6001::/48,3970,48
2022-03-24 05:48:44+00:00,create,165.140.105.0/24,3970,24
2022-03-24 16:31:53+00:00,delete,165.140.105.0/24,3970,24
2022-03-24 17:26:27+00:00,delete,2620:9E:6001::/48,3970,48
2022-03-25 00:48:53+00:00,create,2620:9E:6001::/48,3970,48
2022-03-25 01:06:12+00:00,create,165.140.105.0/24,3970,24
2022-03-25 13:05:09+00:00,delete,2620:9E:6001::/48,3970,48
2022-03-25 16:44:13+00:00,delete,165.140.105.0/24,3970,24
2022-03-26 03:33:40+00:00,create,165.140.105.0/24,3970,24
2022-03-26 03:58:37+00:00,create,2620:9E:6001::/48,3970,48
2022-03-26 12:58:11+00:00,delete,165.140.105.0/24,3970,24
2022-03-26 15:21:56+00:00,delete,2620:9E:6001::/48,3970,48
2022-03-27 03:27:51+00:00,create,2620:9E:6001::/48,3970,48
2022-03-27 04:13:57+00:00,create,165.140.105.0/24,3970,24
2022-03-27 14:51:01+00:00,delete,165.140.105.0/24,3970,24
2022-03-27 15:43:29+00:00,delete,2620:9E:6001::/48,3970,48
2022-03-28 04:26:27+00:00,create,165.140.105.0/24,3970,24
2022-03-28 05:06:38+00:00,create,2620:9E:6001::/48,3970,48
2022-03-28 12:17:30+00:00,delete,2620:9E:6001::/48,3970,48
2022-03-28 17:14:59+00:00,delete,165.140.105.0/24,3970,24
2022-03-29 00:34:22+00:00,create,2620:9E:6001::/48,3970,48
2022-03-29 00:34:54+00:00,create,165.140.105.0/24,3970,24
2022-03-29 12:58:51+00:00,delete,165.140.105.0/24,3970,24
2022-03-29 13:31:14+00:00,delete,2620:9E:6001::/48,3970,48
2022-03-30 02:32:39+00:00,create,165.140.105.0/24,3970,24
2022-03-30 05:43:49+00:00,create,2620:9E:6001::/48,3970,48
2022-03-30 13:40:57+00:00,delete,2620:9E:6001::/48,3970,48
2022-03-30 15:38:31+00:00,delete,165.140.105.0/24,3970,24
2022-03-31 01:37:43+00:00,create,165.140.105.0/24,3970,24
2022-03-31 03:44:08+00:00,create,2620:9E:6001::/48,3970,48
2022-03-31 12:09:21+00:00,delete,165.140.105.0/24,3970,24
2022-03-31 15:01:26+00:00,delete,2620:9E:6001::/48,3970,48
2022-04-01 00:37:37+00:00,create,165.140.105.0/24,3970,24
2022-04-01 01:35:42+00:00,create,2620:9E:6001::/48,3970,48
2022-04-01 16:18:45+00:00,delete,2620:9E:6001::/48,3970,48
2022-04-01 16:59:25+00:00,delete,165.140.105.0/24,3970,24
2022-04-02 03:37:06+00:00,create,165.140.105.0/24,3970,24
2022-04-02 03:59:54+00:00,create,2620:9E:6001::/48,3970,48
2022-04-02 15:04:14+00:00,delete,165.140.105.0/24,3970,24
2022-04-02 16:09:58+00:00,delete,2620:9E:6001::/48,3970,48
2022-04-03 02:23:53+00:00,create,2620:9E:6001::/48,3970,48
2022-04-03 02:51:21+00:00,create,165.140.105.0/24,3970,24
2022-04-03 13:22:36+00:00,delete,165.140.105.0/24,3970,24
2022-04-03 17:46:20+00:00,delete,2620:9E:6001::/48,3970,48
2022-04-04 02:38:01+00:00,create,2620:9E:6001::/48,3970,48
2022-04-04 03:18:40+00:00,create,165.140.105.0/24,3970,24
2022-04-04 13:14:51+00:00,delete,165.140.105.0/24,3970,24
2022-04-04 15:55:16+00:00,delete,2620:9E:6001::/48,3970,48
2022-04-05 01:12:24+00:00,create,2620:9E:6001::/48,3970,48
2022-04-05 01:17:33+00:00,create,165.140.105.0/24,3970,24
2022-04-05 15:22:55+00:00,delete,165.140.105.0/24,3970,24
2022-04-05 15:54:09+00:00,delete,2620:9E:6001::/48,3970,48
2022-04-06 03:29:14+00:00,create,165.140.105.0/24,3970,24
2022-04-06 04:56:35+00:00,create,2620:9E:6001::/48,3970,48
2022-04-06 12:41:50+00:00,delete,2620:9E:6001::/48,3970,48
2022-04-06 15:53:30+00:00,delete,165.140.105.0/24,3970,24
2022-04-07 01:02:06+00:00,create,165.140.105.0/24,3970,24
2022-04-07 04:50:20+00:00,create,2620:9E:6001::/48,3970,48
2022-04-07 14:23:20+00:00,delete,165.140.105.0/24,3970,24
2022-04-07 15:08:12+00:00,delete,2620:9E:6001::/48,3970,48
2022-04-08 00:00:59+00:00,create,2620:9E:6001::/48,3970,48
2022-04-08 01:01:23+00:00,create,165.140.105.0/24,3970,24
2022-04-08 05:25:49+00:00,delete,2620:9E:6001::/48,3970,48
2022-04-08 05:26:03+00:00,delete,165.140.105.0/24,3970,24
2022-04-08 09:01:48+00:00,create,165.140.105.0/24,3970,24
2022-04-08 10:50:33+00:00,create,2620:9E:6001::/48,3970,48
2022-04-08 18:33:14+00:00,delete,2620:9E:6001::/48,3970,48
2022-04-08 22:49:16+00:00,delete,165.140.105.0/24,3970,24
2022-04-09 08:19:26+00:00,create,165.140.105.0/24,3970,24
2022-04-09 10:11:33+00:00,create,2620:9E:6001::/48,3970,48
2022-04-09 20:16:26+00:00,delete,2620:9E:6001::/48,3970,48
2022-04-09 21:46:38+00:00,delete,165.140.105.0/24,3970,24
2022-04-10 07:25:17+00:00,create,2620:9E:6001::/48,3970,48
2022-04-10 10:57:38+00:00,create,165.140.105.0/24,3970,24
2022-04-10 20:12:51+00:00,delete,165.140.105.0/24,3970,24
2022-04-10 20:35:20+00:00,delete,2620:9E:6001::/48,3970,48
2022-04-11 10:36:59+00:00,create,2620:9E:6001::/48,3970,48
2022-04-11 11:39:40+00:00,create,165.140.105.0/24,3970,24
2022-04-11 21:28:11+00:00,delete,165.140.105.0/24,3970,24
2022-04-11 23:56:47+00:00,delete,2620:9E:6001::/48,3970,48
2022-04-12 07:50:54+00:00,create,2620:9E:6001::/48,3970,48
2022-04-12 10:30:11+00:00,create,165.140.105.0/24,3970,24
2022-04-12 20:07:39+00:00,delete,2620:9E:6001::/48,3970,48
2022-04-12 23:48:05+00:00,delete,165.140.105.0/24,3970,24
2022-04-13 06:02:10+00:00,create,2620:9E:6001::/48,3970,48
2022-04-13 11:34:03+00:00,create,165.140.105.0/24,3970,24
2022-04-13 19:15:47+00:00,delete,2620:9E:6001::/48,3970,48
2022-04-13 21:54:51+00:00,delete,165.140.105.0/24,3970,24
2022-04-14 06:30:50+00:00,create,2620:9E:6001::/48,3970,48
2022-04-14 07:11:43+00:00,create,165.140.105.0/24,3970,24
2022-04-14 22:12:04+00:00,delete,2620:9E:6001::/48,3970,48
2022-04-14 22:50:29+00:00,delete,165.140.105.0/24,3970,24
2022-04-15 07:07:43+00:00,create,2620:9E:6001::/48,3970,48
2022-04-15 10:16:57+00:00,create,165.140.105.0/24,3970,24
2022-04-15 21:34:09+00:00,delete,2620:9E:6001::/48,3970,48
2022-04-15 22:04:49+00:00,delete,165.140.105.0/24,3970,24
2022-04-16 06:31:15+00:00,create,2620:9E:6001::/48,3970,48
2022-04-16 07:14:10+00:00,create,165.140.105.0/24,3970,24
2022-04-16 18:45:29+00:00,delete,165.140.105.0/24,3970,24
2022-04-16 20:11:02+00:00,delete,2620:9E:6001::/48,3970,48
2022-04-17 06:00:07+00:00,create,2620:9E:6001::/48,3970,48
2022-04-17 11:16:58+00:00,create,165.140.105.0/24,3970,24
2022-04-17 20:03:17+00:00,delete,165.140.105.0/24,3970,24
2022-04-17 21:13:24+00:00,delete,2620:9E:6001::/48,3970,48
2022-04-18 09:32:51+00:00,create,2620:9E:6001::/48,3970,48
2022-04-18 11:33:52+00:00,create,165.140.105.0/24,3970,24
2022-04-18 19:22:59+00:00,delete,165.140.105.0/24,3970,24
2022-04-18 22:52:34+00:00,delete,2620:9E:6001::/48,3970,48
2022-04-19 07:59:24+00:00,create,2620:9E:6001::/48,3970,48
2022-04-19 11:49:27+00:00,create,165.140.105.0/24,3970,24
2022-04-19 19:53:25+00:00,delete,2620:9E:6001::/48,3970,48
2022-04-19 21:26:55+00:00,delete,165.140.105.0/24,3970,24
2022-04-20 08:08:35+00:00,create,2620:9E:6001::/48,3970,48
2022-04-20 10:53:03+00:00,create,165.140.105.0/24,3970,24
2022-04-20 23:25:35+00:00,delete,2620:9E:6001::/48,3970,48
2022-04-20 23:54:17+00:00,delete,165.140.105.0/24,3970,24
2022-04-21 10:34:59+00:00,create,2620:9E:6001::/48,3970,48
2022-04-21 10:59:13+00:00,create,165.140.105.0/24,3970,24
2022-04-21 18:12:57+00:00,delete,2620:9E:6001::/48,3970,48
2022-04-21 19:49:55+00:00,delete,165.140.105.0/24,3970,24
2022-04-22 07:26:23+00:00,create,2620:9E:6001::/48,3970,48
2022-04-22 10:37:40+00:00,create,165.140.105.0/24,3970,24
2022-04-22 19:14:28+00:00,delete,165.140.105.0/24,3970,24
2022-04-22 19:38:47+00:00,delete,2620:9E:6001::/48,3970,48
2022-04-23 08:48:47+00:00,create,165.140.105.0/24,3970,24
2022-04-23 09:03:20+00:00,create,2620:9E:6001::/48,3970,48
2022-04-23 19:37:15+00:00,delete,2620:9E:6001::/48,3970,48
2022-04-23 22:31:25+00:00,delete,165.140.105.0/24,3970,24
2022-04-24 06:52:02+00:00,create,165.140.105.0/24,3970,24
2022-04-24 10:49:09+00:00,create,2620:9E:6001::/48,3970,48
2022-04-24 20:32:40+00:00,delete,2620:9E:6001::/48,3970,48
2022-04-24 23:35:10+00:00,delete,165.140.105.0/24,3970,24
2022-04-25 10:08:36+00:00,create,165.140.105.0/24,3970,24
2022-04-25 10:54:03+00:00,create,2620:9E:6001::/48,3970,48
2022-04-25 14:09:07+00:00,delete,165.140.105.0/24,3970,24
2022-04-25 14:58:02+00:00,delete,2620:9E:6001::/48,3970,48
2022-04-26 00:03:39+00:00,create,2620:9E:6001::/48,3970,48
2022-04-26 05:16:14+00:00,create,165.140.105.0/24,3970,24
2022-04-26 14:42:15+00:00,delete,2620:9E:6001::/48,3970,48
2022-04-26 17:19:19+00:00,delete,165.140.105.0/24,3970,24
2022-04-27 02:19:41+00:00,create,165.140.105.0/24,3970,24
2022-04-27 05:28:00+00:00,create,2620:9E:6001::/48,3970,48
2022-04-27 13:22:47+00:00,delete,165.140.105.0/24,3970,24
2022-04-27 13:59:00+00:00,delete,2620:9E:6001::/48,3970,48
2022-04-28 00:07:01+00:00,create,2620:9E:6001::/48,3970,48
2022-04-28 03:51:40+00:00,create,165.140.105.0/24,3970,24
2022-04-28 15:13:02+00:00,delete,2620:9E:6001::/48,3970,48
2022-04-28 15:22:15+00:00,delete,165.140.105.0/24,3970,24
2022-04-29 01:11:00+00:00,create,2620:9E:6001::/48,3970,48
2022-04-29 03:02:27+00:00,create,165.140.105.0/24,3970,24
2022-04-29 15:17:09+00:00,delete,165.140.105.0/24,3970,24
2022-04-29 16:57:28+00:00,delete,2620:9E:6001::/48,3970,48
2022-04-30 01:09:34+00:00,create,2620:9E:6001::/48,3970,48
2022-04-30 02:11:03+00:00,create,165.140.105.0/24,3970,24
2022-04-30 12:09:49+00:00,delete,2620:9E:6001::/48,3970,48
2022-04-30 13:57:23+00:00,delete,165.140.105.0/24,3970,24
2022-05-01 01:28:28+00:00,create,165.140.105.0/24,3970,24
2022-05-01 02:10:51+00:00,create,2620:9E:6001::/48,3970,48
2022-05-01 12:41:22+00:00,delete,165.140.105.0/24,3970,24
2022-05-01 15:05:59+00:00,delete,2620:9E:6001::/48,3970,48
2022-05-02 00:30:59+00:00,create,2620:9E:6001::/48,3970,48
2022-05-02 04:09:23+00:00,create,165.140.105.0/24,3970,24
2022-05-02 13:30:47+00:00,delete,2620:9E:6001::/48,3970,48
2022-05-02 17:09:53+00:00,delete,165.140.105.0/24,3970,24
2022-05-03 02:42:43+00:00,create,165.140.105.0/24,3970,24
2022-05-03 05:15:44+00:00,create,2620:9E:6001::/48,3970,48
2022-05-03 14:05:13+00:00,delete,2620:9E:6001::/48,3970,48
2022-05-03 17:05:59+00:00,delete,165.140.105.0/24,3970,24
2022-05-04 02:15:28+00:00,create,165.140.105.0/24,3970,24
2022-05-04 02:15:36+00:00,create,2620:9E:6001::/48,3970,48
2022-05-04 12:53:45+00:00,delete,2620:9E:6001::/48,3970,48
2022-05-04 14:19:39+00:00,delete,165.140.105.0/24,3970,24
2022-05-05 00:33:14+00:00,create,165.140.105.0/24,3970,24
2022-05-05 03:40:59+00:00,create,2620:9E:6001::/48,3970,48
2022-05-05 14:14:46+00:00,delete,165.140.105.0/24,3970,24
2022-05-05 17:50:32+00:00,delete,2620:9E:6001::/48,3970,48
2022-05-06 01:20:53+00:00,create,165.140.105.0/24,3970,24
2022-05-06 04:39:58+00:00,create,2620:9E:6001::/48,3970,48
2022-05-06 13:50:32+00:00,delete,165.140.105.0/24,3970,24
2022-05-06 15:38:21+00:00,delete,2620:9E:6001::/48,3970,48
2022-05-07 03:09:36+00:00,create,2620:9E:6001::/48,3970,48
2022-05-07 03:56:13+00:00,create,165.140.105.0/24,3970,24
2022-05-07 12:04:04+00:00,delete,165.140.105.0/24,3970,24
2022-05-07 14:54:16+00:00,delete,2620:9E:6001::/48,3970,48
2022-05-08 00:12:25+00:00,create,165.140.105.0/24,3970,24
2022-05-08 03:54:18+00:00,create,2620:9E:6001::/48,3970,48
2022-05-08 13:27:05+00:00,delete,165.140.105.0/24,3970,24
2022-05-08 17:52:02+00:00,delete,2620:9E:6001::/48,3970,48
2022-05-09 04:06:02+00:00,create,2620:9E:6001::/48,3970,48
2022-05-09 04:49:52+00:00,create,165.140.105.0/24,3970,24
2022-05-09 12:38:00+00:00,delete,165.140.105.0/24,3970,24
2022-05-09 16:49:30+00:00,delete,2620:9E:6001::/48,3970,48
2022-05-10 02:25:38+00:00,create,2620:9E:6001::/48,3970,48
2022-05-10 05:06:50+00:00,create,165.140.105.0/24,3970,24
2022-05-10 13:57:11+00:00,delete,2620:9E:6001::/48,3970,48
2022-05-10 16:03:48+00:00,delete,165.140.105.0/24,3970,24
2022-05-11 02:00:12+00:00,create,2620:9E:6001::/48,3970,48
2022-05-11 04:59:12+00:00,create,165.140.105.0/24,3970,24
2022-05-11 17:13:14+00:00,delete,2620:9E:6001::/48,3970,48
2022-05-11 17:49:43+00:00,delete,165.140.105.0/24,3970,24
2022-05-12 03:40:28+00:00,create,2620:9E:6001::/48,3970,48
2022-05-12 04:47:57+00:00,create,165.140.105.0/24,3970,24
2022-05-12 12:29:35+00:00,delete,2620:9E:6001::/48,3970,48
2022-05-12 16:54:29+00:00,delete,165.140.105.0/24,3970,24
2022-05-13 01:30:54+00:00,create,2620:9E:6001::/48,3970,48
2022-05-13 04:27:15+00:00,create,165.140.105.0/24,3970,24
2022-05-13 12:06:30+00:00,delete,165.140.105.0/24,3970,24
2022-05-13 16:00:29+00:00,delete,2620:9E:6001::/48,3970,48
2022-05-14 03:24:13+00:00,create,165.140.105.0/24,3970,24
2022-05-14 04:02:22+00:00,create,2620:9E:6001::/48,3970,48
2022-05-14 12:31:27+00:00,delete,2620:9E:6001::/48,3970,48
2022-05-14 16:26:03+00:00,delete,165.140.105.0/24,3970,24
2022-05-15 00:29:49+00:00,create,165.140.105.0/24,3970,24
2022-05-15 04:27:10+00:00,create,2620:9E:6001::/48,3970,48
2022-05-15 12:59:44+00:00,delete,2620:9E:6001::/48,3970,48
2022-05-15 15:21:05+00:00,delete,165.140.105.0/24,3970,24
2022-05-16 01:23:22+00:00,create,2620:9E:6001::/48,3970,48
2022-05-16 03:16:21+00:00,create,165.140.105.0/24,3970,24
2022-05-16 13:22:18+00:00,delete,2620:9E:6001::/48,3970,48
2022-05-16 14:25:56+00:00,delete,165.140.105.0/24,3970,24
2022-05-17 00:41:24+00:00,create,165.140.105.0/24,3970,24
2022-05-17 05:05:51+00:00,create,2620:9E:6001::/48,3970,48
2022-05-17 12:16:52+00:00,delete,2620:9E:6001::/48,3970,48
2022-05-17 14:22:24+00:00,delete,165.140.105.0/24,3970,24
2022-05-18 05:06:39+00:00,create,2620:9E:6001::/48,3970,48
2022-05-18 05:06:50+00:00,create,165.140.105.0/24,3970,24
2022-05-18 13:20:59+00:00,delete,2620:9E:6001::/48,3970,48
2022-05-18 15:46:27+00:00,delete,165.140.105.0/24,3970,24
2022-05-19 00:21:02+00:00,create,2620:9E:6001::/48,3970,48
2022-05-19 05:36:46+00:00,create,165.140.105.0/24,3970,24
2022-05-19 12:40:06+00:00,delete,165.140.105.0/24,3970,24
2022-05-19 14:32:31+00:00,delete,2620:9E:6001::/48,3970,48
2022-05-20 03:38:40+00:00,create,165.140.105.0/24,3970,24
2022-05-20 05:24:34+00:00,create,2620:9E:6001::/48,3970,48
2022-05-20 12:18:46+00:00,delete,165.140.105.0/24,3970,24
2022-05-20 14:57:38+00:00,delete,2620:9E:6001::/48,3970,48
2022-05-21 03:50:01+00:00,create,2620:9E:6001::/48,3970,48
2022-05-21 04:35:56+00:00,create,165.140.105.0/24,3970,24
2022-05-21 15:19:27+00:00,delete,2620:9E:6001::/48,3970,48
2022-05-21 15:32:40+00:00,delete,165.140.105.0/24,3970,24
2022-05-22 00:28:44+00:00,create,2620:9E:6001::/48,3970,48
2022-05-22 04:45:18+00:00,create,165.140.105.0/24,3970,24
2022-05-22 13:50:13+00:00,delete,2620:9E:6001::/48,3970,48
2022-05-22 15:06:00+00:00,delete,165.140.105.0/24,3970,24
2022-05-23 04:13:49+00:00,create,165.140.105.0/24,3970,24
2022-05-23 04:49:19+00:00,create,2620:9E:6001::/48,3970,48
2022-05-23 14:09:35+00:00,delete,165.140.105.0/24,3970,24
2022-05-23 14:35:13+00:00,delete,2620:9E:6001::/48,3970,48
2022-05-24 03:22:20+00:00,create,2620:9E:6001::/48,3970,48
2022-05-24 05:07:06+00:00,create,165.140.105.0/24,3970,24
2022-05-24 16:41:30+00:00,delete,2620:9E:6001::/48,3970,48
2022-05-24 17:50:10+00:00,delete,165.140.105.0/24,3970,24
2022-05-25 03:39:35+00:00,create,2620:9E:6001::/48,3970,48
2022-05-25 04:58:28+00:00,create,165.140.105.0/24,3970,24
2022-05-25 14:49:23+00:00,delete,165.140.105.0/24,3970,24
2022-05-25 14:51:37+00:00,delete,2620:9E:6001::/48,3970,48
2022-05-26 01:30:03+00:00,create,2620:9E:6001::/48,3970,48
2022-05-26 02:23:18+00:00,create,165.140.105.0/24,3970,24
2022-05-26 12:06:59+00:00,delete,2620:9E:6001::/48,3970,48
2022-05-26 12:38:03+00:00,delete,165.140.105.0/24,3970,24
2022-05-27 02:54:52+00:00,create,2620:9E:6001::/48,3970,48
2022-05-27 05:36:57+00:00,create,165.140.105.0/24,3970,24
2022-05-27 12:28:05+00:00,delete,165.140.105.0/24,3970,24
2022-05-27 12:49:19+00:00,delete,2620:9E:6001::/48,3970,48
2022-05-28 00:51:57+00:00,create,165.140.105.0/24,3970,24
2022-05-28 05:13:20+00:00,create,2620:9E:6001::/48,3970,48
2022-05-28 16:18:28+00:00,delete,165.140.105.0/24,3970,24
2022-05-28 17:56:02+00:00,delete,2620:9E:6001::/48,3970,48
2022-05-29 02:01:22+00:00,create,165.140.105.0/24,3970,24
2022-05-29 05:45:18+00:00,create,2620:9E:6001::/48,3970,48
2022-05-29 16:10:16+00:00,delete,165.140.105.0/24,3970,24
2022-05-29 17:37:24+00:00,delete,2620:9E:6001::/48,3970,48
2022-05-30 01:08:44+00:00,create,165.140.105.0/24,3970,24
2022-05-30 04:45:21+00:00,create,2620:9E:6001::/48,3970,48
2022-05-30 13:16:29+00:00,delete,2620:9E:6001::/48,3970,48
2022-05-30 13:28:34+00:00,delete,165.140.105.0/24,3970,24
2022-05-31 00:25:51+00:00,create,2620:9E:6001::/48,3970,48
2022-05-31 03:26:31+00:00,create,165.140.105.0/24,3970,24
2022-05-31 12:04:27+00:00,delete,2620:9E:6001::/48,3970,48
2022-05-31 16:23:14+00:00,delete,165.140.105.0/24,3970,24
2022-06-01 02:59:52+00:00,create,165.140.105.0/24,3970,24
2022-06-01 05:05:54+00:00,create,2620:9E:6001::/48,3970,48
2022-06-01 15:37:55+00:00,delete,165.140.105.0/24,3970,24
2022-06-01 17:58:53+00:00,delete,2620:9E:6001::/48,3970,48
2022-06-02 03:59:28+00:00,create,2620:9E:6001::/48,3970,48
2022-06-02 05:01:23+00:00,create,165.140.105.0/24,3970,24
2022-06-02 15:22:55+00:00,delete,165.140.105.0/24,3970,24
2022-06-02 15:34:34+00:00,delete,2620:9E:6001::/48,3970,48
2022-06-03 01:48:03+00:00,create,165.140.105.0/24,3970,24
2022-06-03 05:09:07+00:00,create,2620:9E:6001::/48,3970,48
2022-06-03 12:11:58+00:00,delete,165.140.105.0/24,3970,24
2022-06-03 15:52:53+00:00,delete,2620:9E:6001::/48,3970,48
2022-06-04 01:01:17+00:00,create,165.140.105.0/24,3970,24
2022-06-04 03:47:49+00:00,create,2620:9E:6001::/48,3970,48
2022-06-04 16:32:31+00:00,delete,2620:9E:6001::/48,3970,48
2022-06-04 16:51:35+00:00,delete,165.140.105.0/24,3970,24
2022-06-05 01:16:24+00:00,create,2620:9E:6001::/48,3970,48
2022-06-05 03:38:45+00:00,create,165.140.105.0/24,3970,24
2022-06-05 12:21:13+00:00,delete,2620:9E:6001::/48,3970,48
2022-06-05 16:32:46+00:00,delete,165.140.105.0/24,3970,24
2022-06-06 01:28:35+00:00,create,165.140.105.0/24,3970,24
2022-06-06 04:02:19+00:00,create,2620:9E:6001::/48,3970,48
2022-06-06 13:34:34+00:00,delete,2620:9E:6001::/48,3970,48
2022-06-06 13:49:14+00:00,delete,165.140.105.0/24,3970,24
2022-06-07 03:54:06+00:00,create,165.140.105.0/24,3970,24
2022-06-07 05:25:15+00:00,create,2620:9E:6001::/48,3970,48
2022-06-07 14:53:31+00:00,delete,165.140.105.0/24,3970,24
2022-06-07 16:56:13+00:00,delete,2620:9E:6001::/48,3970,48
2022-06-08 01:28:14+00:00,create,165.140.105.0/24,3970,24
2022-06-08 04:21:14+00:00,create,2620:9E:6001::/48,3970,48
2022-06-08 15:35:36+00:00,delete,2620:9E:6001::/48,3970,48
2022-06-08 15:43:26+00:00,delete,165.140.105.0/24,3970,24
2022-06-09 00:52:26+00:00,create,2620:9E:6001::/48,3970,48
2022-06-09 02:40:07+00:00,create,165.140.105.0/24,3970,24
2022-06-09 12:42:20+00:00,delete,2620:9E:6001::/48,3970,48
2022-06-09 17:42:09+00:00,delete,165.140.105.0/24,3970,24
2022-06-10 00:16:07+00:00,create,165.140.105.0/24,3970,24
2022-06-10 05:21:39+00:00,create,2620:9E:6001::/48,3970,48
2022-06-10 16:02:02+00:00,delete,2620:9E:6001::/48,3970,48
2022-06-10 17:35:14+00:00,delete,165.140.105.0/24,3970,24
2022-06-11 04:54:03+00:00,create,2620:9E:6001::/48,3970,48
2022-06-11 04:56:16+00:00,create,165.140.105.0/24,3970,24
2022-06-11 12:56:52+00:00,delete,2620:9E:6001::/48,3970,48
2022-06-11 15:13:17+00:00,delete,165.140.105.0/24,3970,24
2022-06-12 03:44:24+00:00,create,2620:9E:6001::/48,3970,48
2022-06-12 05:58:49+00:00,create,165.140.105.0/24,3970,24
2022-06-12 14:15:55+00:00,delete,165.140.105.0/24,3970,24
2022-06-12 15:54:43+00:00,delete,2620:9E:6001::/48,3970,48
2022-06-13 00:58:58+00:00,create,165.140.105.0/24,3970,24
2022-06-13 01:20:50+00:00,create,2620:9E:6001::/48,3970,48
2022-06-13 13:40:25+00:00,delete,2620:9E:6001::/48,3970,48
2022-06-13 14:31:42+00:00,delete,165.140.105.0/24,3970,24
2022-06-14 03:14:41+00:00,create,165.140.105.0/24,3970,24
2022-06-14 05:21:26+00:00,create,2620:9E:6001::/48,3970,48
2022-06-14 12:29:12+00:00,delete,165.140.105.0/24,3970,24
2022-06-14 17:27:12+00:00,delete,2620:9E:6001::/48,3970,48
2022-06-15 05:18:31+00:00,create,2620:9E:6001::/48,3970,48
2022-06-15 05:22:25+00:00,create,165.140.105.0/24,3970,24
2022-06-15 12:54:46+00:00,delete,2620:9E:6001::/48,3970,48
2022-06-15 14:48:01+00:00,delete,165.140.105.0/24,3970,24
2022-06-16 01:54:17+00:00,create,2620:9E:6001::/48,3970,48
2022-06-16 02:08:41+00:00,create,165.140.105.0/24,3970,24
2022-06-16 14:07:27+00:00,delete,2620:9E:6001::/48,3970,48
2022-06-16 16:00:54+00:00,delete,165.140.105.0/24,3970,24
2022-06-17 01:43:15+00:00,create,165.140.105.0/24,3970,24
2022-06-17 03:33:12+00:00,create,2620:9E:6001::/48,3970,48
2022-06-17 13:53:29+00:00,delete,165.140.105.0/24,3970,24
2022-06-17 15:44:09+00:00,delete,2620:9E:6001::/48,3970,48
2022-06-18 00:10:10+00:00,create,2620:9E:6001::/48,3970,48
2022-06-18 04:15:42+00:00,create,165.140.105.0/24,3970,24
2022-06-18 15:04:06+00:00,delete,2620:9E:6001::/48,3970,48
2022-06-18 16:54:58+00:00,delete,165.140.105.0/24,3970,24
2022-06-19 01:07:14+00:00,create,165.140.105.0/24,3970,24
2022-06-19 05:17:29+00:00,create,2620:9E:6001::/48,3970,48
2022-06-19 12:55:57+00:00,delete,2620:9E:6001::/48,3970,48
2022-06-19 14:24:48+00:00,delete,165.140.105.0/24,3970,24
2022-06-20 00:59:27+00:00,create,165.140.105.0/24,3970,24
2022-06-20 05:01:38+00:00,create,2620:9E:6001::/48,3970,48
2022-06-20 13:32:32+00:00,delete,2620:9E:6001::/48,3970,48
2022-06-20 16:02:32+00:00,delete,165.140.105.0/24,3970,24
2022-06-21 00:37:13+00:00,create,165.140.105.0/24,3970,24
2022-06-21 02:11:20+00:00,create,2620:9E:6001::/48,3970,48
2022-06-21 15:19:42+00:00,delete,2620:9E:6001::/48,3970,48
2022-06-21 16:58:20+00:00,delete,165.140.105.0/24,3970,24
2022-06-22 02:54:41+00:00,create,165.140.105.0/24,3970,24
2022-06-22 03:10:06+00:00,create,2620:9E:6001::/48,3970,48
2022-06-22 13:33:45+00:00,delete,2620:9E:6001::/48,3970,48
2022-06-22 14:32:42+00:00,delete,165.140.105.0/24,3970,24
2022-06-23 00:56:18+00:00,create,165.140.105.0/24,3970,24
2022-06-23 02:45:10+00:00,create,2620:9E:6001::/48,3970,48
2022-06-23 12:14:31+00:00,delete,165.140.105.0/24,3970,24
2022-06-23 17:48:12+00:00,delete,2620:9E:6001::/48,3970,48
2022-06-24 00:27:32+00:00,create,165.140.105.0/24,3970,24
2022-06-24 05:00:07+00:00,create,2620:9E:6001::/48,3970,48
2022-06-24 14:29:56+00:00,delete,165.140.105.0/24,3970,24
2022-06-24 14:55:13+00:00,delete,2620:9E:6001::/48,3970,48
2022-06-25 02:14:27+00:00,create,2620:9E:6001::/48,3970,48
2022-06-25 04:48:18+00:00,create,165.140.105.0/24,3970,24
2022-06-25 13:56:26+00:00,delete,165.140.105.0/24,3970,24
2022-06-25 15:56:54+00:00,delete,2620:9E:6001::/48,3970,48
2022-06-26 00:13:06+00:00,create,165.140.105.0/24,3970,24
2022-06-26 03:37:23+00:00,create,2620:9E:6001::/48,3970,48
2022-06-26 14:11:47+00:00,delete,165.140.105.0/24,3970,24
2022-06-26 15:33:51+00:00,delete,2620:9E:6001::/48,3970,48
2022-06-27 02:55:15+00:00,create,2620:9E:6001::/48,3970,48
2022-06-27 05:08:45+00:00,create,165.140.105.0/24,3970,24
2022-06-27 13:08:58+00:00,delete,2620:9E:6001::/48,3970,48
2022-06-27 17:30:24+00:00,delete,165.140.105.0/24,3970,24
2022-06-28 02:44:57+00:00,create,2620:9E:6001::/48,3970,48
2022-06-28 03:26:08+00:00,create,165.140.105.0/24,3970,24
2022-06-28 15:48:00+00:00,delete,165.140.105.0/24,3970,24
2022-06-28 16:16:49+00:00,delete,2620:9E:6001::/48,3970,48
2022-06-29 02:35:43+00:00,create,165.140.105.0/24,3970,24
2022-06-29 03:11:28+00:00,create,2620:9E:6001::/48,3970,48
2022-06-29 13:12:16+00:00,delete,2620:9E:6001::/48,3970,48
2022-06-29 16:01:11+00:00,delete,165.140.105.0/24,3970,24
2022-06-30 00:37:53+00:00,create,2620:9E:6001::/48,3970,48
2022-06-30 04:34:00+00:00,create,165.140.105.0/24,3970,24
2022-06-30 15:45:03+00:00,delete,165.140.105.0/24,3970,24
2022-06-30 16:20:24+00:00,delete,2620:9E:6001::/48,3970,48
2022-07-01 02:46:11+00:00,create,165.140.105.0/24,3970,24
2022-07-01 03:34:35+00:00,create,2620:9E:6001::/48,3970,48
2022-07-01 13:59:54+00:00,delete,165.140.105.0/24,3970,24
2022-07-01 17:22:44+00:00,delete,2620:9E:6001::/48,3970,48
2022-07-02 00:16:53+00:00,create,165.140.105.0/24,3970,24
2022-07-02 00:41:28+00:00,create,2620:9E:6001::/48,3970,48
2022-07-02 14:21:20+00:00,delete,165.140.105.0/24,3970,24
2022-07-02 16:45:42+00:00,delete,2620:9E:6001::/48,3970,48
2022-07-03 02:24:33+00:00,create,165.140.105.0/24,3970,24
2022-07-03 02:32:03+00:00,create,2620:9E:6001::/48,3970,48
2022-07-03 14:07:45+00:00,delete,165.140.105.0/24,3970,24
2022-07-03 14:58:04+00:00,delete,2620:9E:6001::/48,3970,48
2022-07-04 01:17:54+00:00,create,2620:9E:6001::/48,3970,48
2022-07-04 05:00:48+00:00,create,165.140.105.0/24,3970,24
2022-07-04 13:36:21+00:00,delete,2620:9E:6001::/48,3970,48
2022-07-04 13:58:34+00:00,delete,165.140.105.0/24,3970,24
2022-07-05 00:56:12+00:00,create,165.140.105.0/24,3970,24
2022-07-05 04:49:19+00:00,create,2620:9E:6001::/48,3970,48
2022-07-05 13:23:06+00:00,delete,2620:9E:6001::/48,3970,48
2022-07-05 13:23:12+00:00,delete,165.140.105.0/24,3970,24
2022-07-06 02:25:21+00:00,create,2620:9E:6001::/48,3970,48
2022-07-06 05:28:43+00:00,create,165.140.105.0/24,3970,24
2022-07-06 16:40:48+00:00,delete,2620:9E:6001::/48,3970,48
2022-07-06 16:52:50+00:00,delete,165.140.105.0/24,3970,24
2022-07-07 00:39:36+00:00,create,165.140.105.0/24,3970,24
2022-07-07 02:47:17+00:00,create,2620:9E:6001::/48,3970,48
2022-07-07 13:37:42+00:00,delete,2620:9E:6001::/48,3970,48
2022-07-07 15:53:45+00:00,delete,165.140.105.0/24,3970,24
2022-07-08 01:38:16+00:00,create,2620:9E:6001::/48,3970,48
2022-07-08 03:49:18+00:00,create,165.140.105.0/24,3970,24
2022-07-08 12:47:37+00:00,delete,165.140.105.0/24,3970,24
2022-07-08 16:32:30+00:00,delete,2620:9E:6001::/48,3970,48
2022-07-09 02:13:46+00:00,create,2620:9E:6001::/48,3970,48
2022-07-09 02:59:50+00:00,create,165.140.105.0/24,3970,24
2022-07-09 13:09:46+00:00,delete,2620:9E:6001::/48,3970,48
2022-07-09 13:51:07+00:00,delete,165.140.105.0/24,3970,24
2022-07-10 00:11:33+00:00,create,165.140.105.0/24,3970,24
2022-07-10 02:45:36+00:00,create,2620:9E:6001::/48,3970,48
2022-07-10 16:22:57+00:00,delete,165.140.105.0/24,3970,24
2022-07-10 16:24:13+00:00,delete,2620:9E:6001::/48,3970,48
2022-07-11 01:40:50+00:00,create,165.140.105.0/24,3970,24
2022-07-11 02:56:20+00:00,create,2620:9E:6001::/48,3970,48
2022-07-11 14:07:41+00:00,delete,165.140.105.0/24,3970,24
2022-07-11 17:50:51+00:00,delete,2620:9E:6001::/48,3970,48
2022-07-12 00:29:27+00:00,create,2620:9E:6001::/48,3970,48
2022-07-12 02:46:14+00:00,create,165.140.105.0/24,3970,24
2022-07-12 17:02:16+00:00,delete,2620:9E:6001::/48,3970,48
2022-07-12 17:29:12+00:00,delete,165.140.105.0/24,3970,24
2022-07-13 04:04:39+00:00,create,2620:9E:6001::/48,3970,48
2022-07-13 04:13:18+00:00,create,165.140.105.0/24,3970,24
2022-07-13 12:05:19+00:00,delete,165.140.105.0/24,3970,24
2022-07-13 14:33:09+00:00,delete,2620:9E:6001::/48,3970,48
2022-07-14 03:31:04+00:00,create,165.140.105.0/24,3970,24
2022-07-14 04:28:04+00:00,create,2620:9E:6001::/48,3970,48
2022-07-14 12:52:01+00:00,delete,2620:9E:6001::/48,3970,48
2022-07-14 15:21:48+00:00,delete,165.140.105.0/24,3970,24
2022-07-15 02:22:14+00:00,create,2620:9E:6001::/48,3970,48
2022-07-15 05:42:09+00:00,create,165.140.105.0/24,3970,24
2022-07-15 12:13:34+00:00,delete,165.140.105.0/24,3970,24
2022-07-15 13:17:06+00:00,delete,2620:9E:6001::/48,3970,48
2022-07-16 03:48:39+00:00,create,165.140.105.0/24,3970,24
2022-07-16 04:33:05+00:00,create,2620:9E:6001::/48,3970,48
2022-07-16 14:09:10+00:00,delete,2620:9E:6001::/48,3970,48
2022-07-16 17:27:08+00:00,delete,165.140.105.0/24,3970,24
2022-07-17 02:15:45+00:00,create,2620:9E:6001::/48,3970,48
2022-07-17 03:12:57+00:00,create,165.140.105.0/24,3970,24
2022-07-17 13:55:25+00:00,delete,165.140.105.0/24,3970,24
2022-07-17 17:55:03+00:00,delete,2620:9E:6001::/48,3970,48
2022-07-18 05:56:38+00:00,create,165.140.105.0/24,3970,24
2022-07-18 05:59:18+00:00,create,2620:9E:6001::/48,3970,48
2022-07-18 15:11:30+00:00,delete,2620:9E:6001::/48,3970,48
2022-07-18 17:29:38+00:00,delete,165.140.105.0/24,3970,24
2022-07-19 01:44:40+00:00,create,165.140.105.0/24,3970,24
2022-07-19 01:48:20+00:00,create,2620:9E:6001::/48,3970,48
2022-07-19 12:20:10+00:00,delete,165.140.105.0/24,3970,24
2022-07-19 13:42:23+00:00,delete,2620:9E:6001::/48,3970,48
2022-07-20 02:18:06+00:00,create,2620:9E:6001::/48,3970,48
2022-07-20 03:16:25+00:00,create,165.140.105.0/24,3970,24
2022-07-20 13:08:35+00:00,delete,165.140.105.0/24,3970,24
2022-07-20 16:39:12+00:00,delete,2620:9E:6001::/48,3970,48
2022-07-21 01:49:26+00:00,create,2620:9E:6001::/48,3970,48
2022-07-21 02:19:22+00:00,create,165.140.105.0/24,3970,24
2022-07-21 13:19:40+00:00,delete,165.140.105.0/24,3970,24
2022-07-21 15:09:12+00:00,delete,2620:9E:6001::/48,3970,48
2022-07-22 00:39:08+00:00,create,2620:9E:6001::/48,3970,48
2022-07-22 00:59:59+00:00,create,165.140.105.0/24,3970,24
2022-07-22 15:00:30+00:00,delete,2620:9E:6001::/48,3970,48
2022-07-22 17:20:42+00:00,delete,165.140.105.0/24,3970,24
2022-07-23 00:22:55+00:00,create,2620:9E:6001::/48,3970,48
2022-07-23 05:13:28+00:00,create,165.140.105.0/24,3970,24
2022-07-23 12:25:23+00:00,delete,165.140.105.0/24,3970,24
2022-07-23 16:18:06+00:00,delete,2620:9E:6001::/48,3970,48
2022-07-24 00:03:53+00:00,create,165.140.105.0/24,3970,24
2022-07-24 04:34:44+00:00,create,2620:9E:6001::/48,3970,48
2022-07-24 13:24:42+00:00,delete,2620:9E:6001::/48,3970,48
2022-07-24 15:00:27+00:00,delete,165.140.105.0/24,3970,24
2022-07-25 00:52:27+00:00,create,165.140.105.0/24,3970,24
2022-07-25 01:13:11+00:00,create,2620:9E:6001::/48,3970,48
2022-07-25 12:45:45+00:00,delete,165.140.105.0/24,3970,24
2022-07-25 13:51:33+00:00,delete,2620:9E:6001::/48,3970,48
2022-07-26 00:34:03+00:00,create,165.140.105.0/24,3970,24
2022-07-26 04:24:10+00:00,create,2620:9E:6001::/48,3970,48
2022-07-26 13:28:08+00:00,delete,165.140.105.0/24,3970,24
2022-07-26 14:21:15+00:00,delete,2620:9E:6001::/48,3970,48
2022-07-27 00:02:06+00:00,create,165.140.105.0/24,3970,24
2022-07-27 04:36:43+00:00,create,2620:9E:6001::/48,3970,48
2022-07-27 14:03:25+00:00,delete,165.140.105.0/24,3970,24
2022-07-27 15:49:52+00:00,delete,2620:9E:6001::/48,3970,48
2022-07-28 03:25:12+00:00,create,165.140.105.0/24,3970,24
2022-07-28 05:45:47+00:00,create,2620:9E:6001::/48,3970,48
2022-07-28 17:05:21+00:00,delete,165.140.105.0/24,3970,24
2022-07-28 17:42:48+00:00,delete,2620:9E:6001::/48,3970,48
2022-07-29 01:11:21+00:00,create,165.140.105.0/24,3970,24
2022-07-29 05:57:57+00:00,create,2620:9E:6001::/48,3970,48
2022-07-29 13:29:52+00:00,delete,2620:9E:6001::/48,3970,48
2022-07-29 14:53:44+00:00,delete,165.140.105.0/24,3970,24
2022-07-30 00:08:45+00:00,create,2620:9E:6001::/48,3970,48
2022-07-30 04:50:04+00:00,create,165.140.105.0/24,3970,24
2022-07-30 14:10:57+00:00,delete,2620:9E:6001::/48,3970,48
2022-07-30 15:16:52+00:00,delete,165.140.105.0/24,3970,24
2022-07-31 02:04:16+00:00,create,165.140.105.0/24,3970,24
2022-07-31 04:06:36+00:00,create,2620:9E:6001::/48,3970,48
2022-07-31 16:06:01+00:00,delete,2620:9E:6001::/48,3970,48
2022-07-31 17:08:49+00:00,delete,165.140.105.0/24,3970,24
2022-08-01 00:23:02+00:00,create,165.140.105.0/24,3970,24
2022-08-01 05:25:47+00:00,create,2620:9E:6001::/48,3970,48
2022-08-01 12:15:36+00:00,delete,2620:9E:6001::/48,3970,48
2022-08-01 16:20:41+00:00,delete,165.140.105.0/24,3970,24
2022-08-02 00:39:19+00:00,create,2620:9E:6001::/48,3970,48
2022-08-02 04:20:09+00:00,create,165.140.105.0/24,3970,24
2022-08-02 16:40:48+00:00,delete,165.140.105.0/24,3970,24
2022-08-02 16:57:51+00:00,delete,2620:9E:6001::/48,3970,48
2022-08-03 00:43:31+00:00,create,165.140.105.0/24,3970,24
2022-08-03 03:36:50+00:00,create,2620:9E:6001::/48,3970,48
2022-08-03 12:52:24+00:00,delete,2620:9E:6001::/48,3970,48
2022-08-03 17:12:44+00:00,delete,165.140.105.0/24,3970,24
2022-08-04 01:42:00+00:00,create,2620:9E:6001::/48,3970,48
2022-08-04 05:21:43+00:00,create,165.140.105.0/24,3970,24
2022-08-04 13:37:51+00:00,delete,2620:9E:6001::/48,3970,48
2022-08-04 14:45:08+00:00,delete,165.140.105.0/24,3970,24
2022-08-05 00:05:00+00:00,create,165.140.105.0/24,3970,24
2022-08-05 03:48:54+00:00,create,2620:9E:6001::/48,3970,48
2022-08-05 12:31:34+00:00,delete,2620:9E:6001::/48,3970,48
2022-08-05 13:02:13+00:00,delete,165.140.105.0/24,3970,24
2022-08-06 01:04:27+00:00,create,165.140.105.0/24,3970,24
2022-08-06 04:20:13+00:00,create,2620:9E:6001::/48,3970,48
2022-08-06 14:51:30+00:00,delete,2620:9E:6001::/48,3970,48
2022-08-06 16:14:56+00:00,delete,165.140.105.0/24,3970,24
2022-08-07 00:06:35+00:00,create,2620:9E:6001::/48,3970,48
2022-08-07 03:36:34+00:00,create,165.140.105.0/24,3970,24
2022-08-07 12:27:17+00:00,delete,2620:9E:6001::/48,3970,48
2022-08-07 16:31:34+00:00,delete,165.140.105.0/24,3970,24
2022-08-08 00:28:26+00:00,create,2620:9E:6001::/48,3970,48
2022-08-08 01:22:59+00:00,create,165.140.105.0/24,3970,24
2022-08-08 15:42:46+00:00,delete,165.140.105.0/24,3970,24
2022-08-08 17:14:42+00:00,delete,2620:9E:6001::/48,3970,48
2022-08-09 01:26:25+00:00,create,2620:9E:6001::/48,3970,48
2022-08-09 03:32:42+00:00,create,165.140.105.0/24,3970,24
2022-08-09 13:37:10+00:00,delete,165.140.105.0/24,3970,24
2022-08-09 14:15:00+00:00,delete,2620:9E:6001::/48,3970,48
2022-08-10 03:44:57+00:00,create,2620:9E:6001::/48,3970,48
2022-08-10 04:21:58+00:00,create,165.140.105.0/24,3970,24
2022-08-10 14:37:21+00:00,delete,165.140.105.0/24,3970,24
2022-08-10 15:25:56+00:00,delete,2620:9E:6001::/48,3970,48
2022-08-11 00:12:34+00:00,create,165.140.105.0/24,3970,24
2022-08-11 05:55:33+00:00,create,2620:9E:6001::/48,3970,48
2022-08-11 12:39:49+00:00,delete,165.140.105.0/24,3970,24
2022-08-11 14:43:24+00:00,delete,2620:9E:6001::/48,3970,48
2022-08-12 03:35:47+00:00,create,2620:9E:6001::/48,3970,48
2022-08-12 04:06:53+00:00,create,165.140.105.0/24,3970,24
2022-08-12 13:34:17+00:00,delete,165.140.105.0/24,3970,24
2022-08-12 14:29:54+00:00,delete,2620:9E:6001::/48,3970,48
2022-08-13 00:56:06+00:00,create,165.140.105.0/24,3970,24
2022-08-13 02:50:41+00:00,create,2620:9E:6001::/48,3970,48
2022-08-13 13:54:20+00:00,delete,2620:9E:6001::/48,3970,48
2022-08-13 15:16:39+00:00,delete,165.140.105.0/24,3970,24
2022-08-14 01:08:37+00:00,create,2620:9E:6001::/48,3970,48
2022-08-14 03:42:45+00:00,create,165.140.105.0/24,3970,24
2022-08-14 12:54:19+00:00,delete,2620:9E:6001::/48,3970,48
2022-08-14 16:16:01+00:00,delete,165.140.105.0/24,3970,24
2022-08-15 01:08:43+00:00,create,165.140.105.0/24,3970,24
2022-08-15 01:43:34+00:00,create,2620:9E:6001::/48,3970,48
2022-08-15 15:08:28+00:00,delete,165.140.105.0/24,3970,24
2022-08-15 15:23:29+00:00,delete,2620:9E:6001::/48,3970,48
2022-08-16 01:40:38+00:00,create,165.140.105.0/24,3970,24
2022-08-16 04:46:17+00:00,create,2620:9E:6001::/48,3970,48
2022-08-16 13:03:12+00:00,delete,2620:9E:6001::/48,3970,48
2022-08-16 13:24:11+00:00,delete,165.140.105.0/24,3970,24
2022-08-17 02:44:00+00:00,create,165.140.105.0/24,3970,24
2022-08-17 05:32:15+00:00,create,2620:9E:6001::/48,3970,48
2022-08-17 12:57:57+00:00,delete,2620:9E:6001::/48,3970,48
2022-08-17 14:17:21+00:00,delete,165.140.105.0/24,3970,24
2022-08-18 01:17:56+00:00,create,165.140.105.0/24,3970,24
2022-08-18 04:15:37+00:00,create,2620:9E:6001::/48,3970,48
2022-08-18 13:04:24+00:00,delete,165.140.105.0/24,3970,24
2022-08-18 15:24:24+00:00,delete,2620:9E:6001::/48,3970,48
2022-08-19 01:10:11+00:00,create,2620:9E:6001::/48,3970,48
2022-08-19 03:59:14+00:00,create,165.140.105.0/24,3970,24
2022-08-19 15:03:45+00:00,delete,2620:9E:6001::/48,3970,48
2022-08-19 16:54:54+00:00,delete,165.140.105.0/24,3970,24
2022-08-20 02:40:58+00:00,create,165.140.105.0/24,3970,24
2022-08-20 05:03:49+00:00,create,2620:9E:6001::/48,3970,48
2022-08-20 12:51:02+00:00,delete,2620:9E:6001::/48,3970,48
2022-08-20 17:26:14+00:00,delete,165.140.105.0/24,3970,24
2022-08-21 05:24:08+00:00,create,165.140.105.0/24,3970,24
2022-08-21 05:41:12+00:00,create,2620:9E:6001::/48,3970,48
2022-08-21 13:05:46+00:00,delete,165.140.105.0/24,3970,24
2022-08-21 17:56:06+00:00,delete,2620:9E:6001::/48,3970,48
2022-08-22 00:37:07+00:00,create,165.140.105.0/24,3970,24
2022-08-22 01:03:03+00:00,create,2620:9E:6001::/48,3970,48
2022-08-22 12:38:03+00:00,delete,2620:9E:6001::/48,3970,48
2022-08-22 12:53:04+00:00,delete,165.140.105.0/24,3970,24
2022-08-23 01:38:05+00:00,create,165.140.105.0/24,3970,24
2022-08-23 05:19:54+00:00,create,2620:9E:6001::/48,3970,48
2022-08-23 13:19:22+00:00,delete,2620:9E:6001::/48,3970,48
2022-08-23 15:57:23+00:00,delete,165.140.105.0/24,3970,24
2022-08-24 01:24:54+00:00,create,2620:9E:6001::/48,3970,48
2022-08-24 04:52:57+00:00,create,165.140.105.0/24,3970,24
2022-08-24 13:24:27+00:00,delete,2620:9E:6001::/48,3970,48
2022-08-24 16:36:04+00:00,delete,165.140.105.0/24,3970,24
2022-08-25 01:22:06+00:00,create,2620:9E:6001::/48,3970,48
2022-08-25 03:44:30+00:00,create,165.140.105.0/24,3970,24
2022-08-25 15:23:11+00:00,delete,2620:9E:6001::/48,3970,48
2022-08-25 16:48:42+00:00,delete,165.140.105.0/24,3970,24
2022-08-26 00:40:08+00:00,create,2620:9E:6001::/48,3970,48
2022-08-26 05:46:12+00:00,create,165.140.105.0/24,3970,24
2022-08-26 12:16:02+00:00,delete,2620:9E:6001::/48,3970,48
2022-08-26 17:59:54+00:00,delete,165.140.105.0/24,3970,24
2022-08-27 04:20:31+00:00,create,2620:9E:6001::/48,3970,48
2022-08-27 04:26:30+00:00,create,165.140.105.0/24,3970,24
2022-08-27 12:55:06+00:00,delete,2620:9E:6001::/48,3970,48
2022-08-27 16:22:17+00:00,delete,165.140.105.0/24,3970,24
2022-08-28 01:07:47+00:00,create,2620:9E:6001::/48,3970,48
2022-08-28 03:54:27+00:00,create,165.140.105.0/24,3970,24
2022-08-28 16:48:12+00:00,delete,165.140.105.0/24,3970,24
2022-08-28 17:09:39+00:00,delete,2620:9E:6001::/48,3970,48
2022-08-29 01:42:35+00:00,create,165.140.105.0/24,3970,24
2022-08-29 05:31:29+00:00,create,2620:9E:6001::/48,3970,48
2022-08-29 13:51:42+00:00,delete,2620:9E:6001::/48,3970,48
2022-08-29 17:19:12+00:00,delete,165.140.105.0/24,3970,24
2022-08-30 04:23:07+00:00,create,2620:9E:6001::/48,3970,48
2022-08-30 05:53:46+00:00,create,165.140.105.0/24,3970,24
2022-08-30 14:39:43+00:00,delete,165.140.105.0/24,3970,24
2022-08-30 17:51:42+00:00,delete,2620:9E:6001::/48,3970,48
2022-08-31 02:17:19+00:00,create,2620:9E:6001::/48,3970,48
2022-08-31 05:22:37+00:00,create,165.140.105.0/24,3970,24
2022-08-31 13:40:50+00:00,delete,2620:9E:6001::/48,3970,48
2022-08-31 15:59:16+00:00,delete,165.140.105.0/24,3970,24
2022-09-01 02:38:12+00:00,create,165.140.105.0/24,3970,24
2022-09-01 03:51:34+00:00,create,2620:9E:6001::/48,3970,48
2022-09-01 15:19:12+00:00,delete,2620:9E:6001::/48,3970,48
2022-09-01 17:30:54+00:00,delete,165.140.105.0/24,3970,24
2022-09-02 01:12:12+00:00,create,2620:9E:6001::/48,3970,48
2022-09-02 04:21:48+00:00,create,165.140.105.0/24,3970,24
2022-09-02 15:57:18+00:00,delete,165.140.105.0/24,3970,24
2022-09-02 17:23:44+00:00,delete,2620:9E:6001::/48,3970,48
2022-09-03 01:33:57+00:00,create,2620:9E:6001::/48,3970,48
2022-09-03 03:11:47+00:00,create,165.140.105.0/24,3970,24
2022-09-03 14:05:20+00:00,delete,165.140.105.0/24,3970,24
2022-09-03 15:00:21+00:00,delete,2620:9E:6001::/48,3970,48
2022-09-04 01:48:53+00:00,create,2620:9E:6001::/48,3970,48
2022-09-04 01:56:09+00:00,create,165.140.105.0/24,3970,24
2022-09-04 13:03:57+00:00,delete,165.140.105.0/24,3970,24
2022-09-04 13:50:59+00:00,delete,2620:9E:6001::/48,3970,48
2022-09-05 01:42:23+00:00,create,2620:9E:6001::/48,3970,48
2022-09-05 01:55:23+00:00,create,165.140.105.0/24,3970,24
2022-09-05 13:51:33+00:00,delete,2620:9E:6001::/48,3970,48
2022-09-05 15:41:30+00:00,delete,165.140.105.0/24,3970,24
2022-09-06 00:16:17+00:00,create,165.140.105.0/24,3970,24
2022-09-06 02:39:43+00:00,create,2620:9E:6001::/48,3970,48
2022-09-06 12:44:20+00:00,delete,165.140.105.0/24,3970,24
2022-09-06 16:50:24+00:00,delete,2620:9E:6001::/48,3970,48
2022-09-07 02:48:58+00:00,create,165.140.105.0/24,3970,24
2022-09-07 03:06:25+00:00,create,2620:9E:6001::/48,3970,48
2022-09-07 12:13:44+00:00,delete,165.140.105.0/24,3970,24
2022-09-07 12:42:10+00:00,delete,2620:9E:6001::/48,3970,48
2022-09-08 03:50:23+00:00,create,2620:9E:6001::/48,3970,48
2022-09-08 05:33:27+00:00,create,165.140.105.0/24,3970,24
2022-09-08 14:54:10+00:00,delete,2620:9E:6001::/48,3970,48
2022-09-08 17:54:57+00:00,delete,165.140.105.0/24,3970,24
2022-09-09 00:58:13+00:00,create,165.140.105.0/24,3970,24
2022-09-09 02:24:50+00:00,create,2620:9E:6001::/48,3970,48
2022-09-09 16:48:31+00:00,delete,2620:9E:6001::/48,3970,48
2022-09-09 17:31:02+00:00,delete,165.140.105.0/24,3970,24
2022-09-10 04:32:01+00:00,create,165.140.105.0/24,3970,24
2022-09-10 05:28:35+00:00,create,2620:9E:6001::/48,3970,48
2022-09-10 16:29:57+00:00,delete,165.140.105.0/24,3970,24
2022-09-10 17:15:50+00:00,delete,2620:9E:6001::/48,3970,48
2022-09-11 03:34:26+00:00,create,2620:9E:6001::/48,3970,48
2022-09-11 04:24:11+00:00,create,165.140.105.0/24,3970,24
2022-09-11 12:03:45+00:00,delete,2620:9E:6001::/48,3970,48
2022-09-11 16:22:04+00:00,delete,165.140.105.0/24,3970,24
2022-09-12 01:33:10+00:00,create,2620:9E:6001::/48,3970,48
2022-09-12 05:35:11+00:00,create,165.140.105.0/24,3970,24
2022-09-12 12:13:13+00:00,delete,165.140.105.0/24,3970,24
2022-09-12 13:51:51+00:00,delete,2620:9E:6001::/48,3970,48
2022-09-13 03:33:09+00:00,create,2620:9E:6001::/48,3970,48
2022-09-13 03:54:49+00:00,create,165.140.105.0/24,3970,24
2022-09-13 13:49:49+00:00,delete,2620:9E:6001::/48,3970,48
2022-09-13 15:30:50+00:00,delete,165.140.105.0/24,3970,24
2022-09-14 02:16:37+00:00,create,2620:9E:6001::/48,3970,48
2022-09-14 04:33:24+00:00,create,165.140.105.0/24,3970,24
2022-09-14 12:35:23+00:00,delete,165.140.105.0/24,3970,24
2022-09-14 14:42:12+00:00,delete,2620:9E:6001::/48,3970,48
2022-09-15 03:07:49+00:00,create,2620:9E:6001::/48,3970,48
2022-09-15 03:28:54+00:00,create,165.140.105.0/24,3970,24
2022-09-15 12:36:24+00:00,delete,2620:9E:6001::/48,3970,48
2022-09-15 14:24:08+00:00,delete,165.140.105.0/24,3970,24
2022-09-16 01:01:01+00:00,create,165.140.105.0/24,3970,24
2022-09-16 03:49:23+00:00,create,2620:9E:6001::/48,3970,48
2022-09-16 12:35:12+00:00,delete,165.140.105.0/24,3970,24
2022-09-16 17:36:17+00:00,delete,2620:9E:6001::/48,3970,48
2022-09-17 03:24:14+00:00,create,2620:9E:6001::/48,3970,48
2022-09-17 04:11:51+00:00,create,165.140.105.0/24,3970,24
2022-09-17 13:59:30+00:00,delete,2620:9E:6001::/48,3970,48
2022-09-17 16:20:03+00:00,delete,165.140.105.0/24,3970,24
2022-09-18 04:51:30+00:00,create,165.140.105.0/24,3970,24
2022-09-18 05:15:23+00:00,create,2620:9E:6001::/48,3970,48
2022-09-18 12:06:13+00:00,delete,2620:9E:6001::/48,3970,48
2022-09-18 14:22:55+00:00,delete,165.140.105.0/24,3970,24
2022-09-19 01:08:37+00:00,create,2620:9E:6001::/48,3970,48
2022-09-19 01:41:23+00:00,create,165.140.105.0/24,3970,24
2022-09-19 12:03:40+00:00,delete,2620:9E:6001::/48,3970,48
2022-09-19 14:02:16+00:00,delete,165.140.105.0/24,3970,24
2022-09-20 00:21:53+00:00,create,2620:9E:6001::/48,3970,48
2022-09-20 01:33:36+00:00,create,165.140.105.0/24,3970,24
2022-09-20 17:03:52+00:00,delete,2620:9E:6001::/48,3970,48
2022-09-20 17:44:24+00:00,delete,165.140.105.0/24,3970,24
2022-09-21 00:00:07+00:00,create,2620:9E:6001::/48,3970,48
2022-09-21 05:45:34+00:00,create,165.140.105.0/24,3970,24
2022-09-21 14:20:15+00:00,delete,165.140.105.0/24,3970,24
2022-09-21 17:28:31+00:00,delete,2620:9E:6001::/48,3970,48
2022-09-22 00:18:34+00:00,create,2620:9E:6001::/48,3970,48
2022-09-22 00:48:10+00:00,create,165.140.105.0/24,3970,24
2022-09-22 12:21:39+00:00,delete,2620:9E:6001::/48,3970,48
2022-09-22 14:18:43+00:00,delete,165.140.105.0/24,3970,24
2022-09-23 00:49:54+00:00,create,165.140.105.0/24,3970,24
2022-09-23 05:11:18+00:00,create,2620:9E:6001::/48,3970,48
2022-09-23 12:31:56+00:00,delete,165.140.105.0/24,3970,24
2022-09-23 15:42:13+00:00,delete,2620:9E:6001::/48,3970,48
2022-09-24 01:19:35+00:00,create,165.140.105.0/24,3970,24
2022-09-24 02:21:45+00:00,create,2620:9E:6001::/48,3970,48
2022-09-24 14:11:35+00:00,delete,2620:9E:6001::/48,3970,48
2022-09-24 17:21:11+00:00,delete,165.140.105.0/24,3970,24
2022-09-25 03:38:52+00:00,create,165.140.105.0/24,3970,24
2022-09-25 04:48:33+00:00,create,2620:9E:6001::/48,3970,48
2022-09-25 12:31:54+00:00,delete,165.140.105.0/24,3970,24
2022-09-25 15:33:37+00:00,delete,2620:9E:6001::/48,3970,48
2022-09-26 01:00:58+00:00,create,165.140.105.0/24,3970,24
2022-09-26 03:08:32+00:00,create,2620:9E:6001::/48,3970,48
2022-09-26 13:41:20+00:00,delete,2620:9E:6001::/48,3970,48
2022-09-26 14:12:23+00:00,delete,165.140.105.0/24,3970,24
2022-09-27 00:38:44+00:00,create,2620:9E:6001::/48,3970,48
2022-09-27 02:53:16+00:00,create,165.140.105.0/24,3970,24
2022-09-27 12:08:07+00:00,delete,2620:9E:6001::/48,3970,48
2022-09-27 13:01:02+00:00,delete,165.140.105.0/24,3970,24
2022-09-28 02:23:19+00:00,create,165.140.105.0/24,3970,24
2022-09-28 02:34:55+00:00,create,2620:9E:6001::/48,3970,48
2022-09-28 13:03:44+00:00,delete,2620:9E:6001::/48,3970,48
2022-09-28 16:46:02+00:00,delete,165.140.105.0/24,3970,24
2022-09-29 03:26:47+00:00,create,165.140.105.0/24,3970,24
2022-09-29 03:57:57+00:00,create,2620:9E:6001::/48,3970,48
2022-09-29 12:03:05+00:00,delete,2620:9E:6001::/48,3970,48
2022-09-29 17:18:33+00:00,delete,165.140.105.0/24,3970,24
2022-09-30 00:53:59+00:00,create,2620:9E:6001::/48,3970,48
2022-09-30 05:42:36+00:00,create,165.140.105.0/24,3970,24
2022-09-30 13:40:16+00:00,delete,165.140.105.0/24,3970,24
2022-09-30 14:57:20+00:00,delete,2620:9E:6001::/48,3970,48
2022-10-01 01:58:39+00:00,create,165.140.105.0/24,3970,24
2022-10-01 03:19:13+00:00,create,2620:9E:6001::/48,3970,48
2022-10-01 15:13:32+00:00,delete,165.140.105.0/24,3970,24
2022-10-01 15:46:18+00:00,delete,2620:9E:6001::/48,3970,48
2022-10-02 00:46:54+00:00,create,2620:9E:6001::/48,3970,48
2022-10-02 01:16:12+00:00,create,165.140.105.0/24,3970,24
2022-10-02 14:37:17+00:00,delete,165.140.105.0/24,3970,24
2022-10-02 15:23:54+00:00,delete,2620:9E:6001::/48,3970,48
2022-10-03 00:14:33+00:00,create,2620:9E:6001::/48,3970,48
2022-10-03 00:33:44+00:00,create,165.140.105.0/24,3970,24
2022-10-03 14:39:01+00:00,delete,2620:9E:6001::/48,3970,48
2022-10-03 17:51:51+00:00,delete,165.140.105.0/24,3970,24
2022-10-04 03:58:57+00:00,create,2620:9E:6001::/48,3970,48
2022-10-04 04:25:25+00:00,create,165.140.105.0/24,3970,24
2022-10-04 14:23:29+00:00,delete,2620:9E:6001::/48,3970,48
2022-10-04 17:09:15+00:00,delete,165.140.105.0/24,3970,24
2022-10-05 00:05:01+00:00,create,165.140.105.0/24,3970,24
2022-10-05 04:53:42+00:00,create,2620:9E:6001::/48,3970,48
2022-10-05 12:10:29+00:00,delete,165.140.105.0/24,3970,24
2022-10-05 15:24:03+00:00,delete,2620:9E:6001::/48,3970,48
2022-10-06 00:34:06+00:00,create,2620:9E:6001::/48,3970,48
2022-10-06 05:33:19+00:00,create,165.140.105.0/24,3970,24
2022-10-06 12:32:48+00:00,delete,2620:9E:6001::/48,3970,48
2022-10-06 17:47:50+00:00,delete,165.140.105.0/24,3970,24
2022-10-07 02:44:30+00:00,create,2620:9E:6001::/48,3970,48
2022-10-07 04:26:53+00:00,create,165.140.105.0/24,3970,24
2022-10-07 14:05:49+00:00,delete,2620:9E:6001::/48,3970,48
2022-10-07 17:05:17+00:00,delete,165.140.105.0/24,3970,24
2022-10-08 03:47:41+00:00,create,165.140.105.0/24,3970,24
2022-10-08 04:48:59+00:00,create,2620:9E:6001::/48,3970,48
2022-10-08 12:34:39+00:00,delete,2620:9E:6001::/48,3970,48
2022-10-08 12:49:15+00:00,delete,165.140.105.0/24,3970,24
2022-10-09 00:35:01+00:00,create,2620:9E:6001::/48,3970,48
2022-10-09 04:38:45+00:00,create,165.140.105.0/24,3970,24
2022-10-09 12:42:51+00:00,delete,2620:9E:6001::/48,3970,48
2022-10-09 14:43:00+00:00,delete,165.140.105.0/24,3970,24
2022-10-10 02:34:06+00:00,create,2620:9E:6001::/48,3970,48
2022-10-10 05:21:38+00:00,create,165.140.105.0/24,3970,24
2022-10-10 13:11:35+00:00,delete,2620:9E:6001::/48,3970,48
2022-10-10 15:46:06+00:00,delete,165.140.105.0/24,3970,24
2022-10-11 00:45:53+00:00,create,2620:9E:6001::/48,3970,48
2022-10-11 00:59:05+00:00,create,165.140.105.0/24,3970,24
2022-10-11 15:40:20+00:00,delete,165.140.105.0/24,3970,24
2022-10-11 16:35:50+00:00,delete,2620:9E:6001::/48,3970,48
2022-10-12 03:50:39+00:00,create,165.140.105.0/24,3970,24
2022-10-12 04:20:36+00:00,create,2620:9E:6001::/48,3970,48
2022-10-12 12:06:32+00:00,delete,165.140.105.0/24,3970,24
2022-10-12 17:07:33+00:00,delete,2620:9E:6001::/48,3970,48
2022-10-13 04:13:25+00:00,create,2620:9E:6001::/48,3970,48
2022-10-13 05:12:05+00:00,create,165.140.105.0/24,3970,24
2022-10-13 13:53:04+00:00,delete,2620:9E:6001::/48,3970,48
2022-10-13 17:24:50+00:00,delete,165.140.105.0/24,3970,24
2022-10-14 00:38:30+00:00,create,165.140.105.0/24,3970,24
2022-10-14 00:40:26+00:00,create,2620:9E:6001::/48,3970,48
