2021-11-16 03:05:43+00:00,create,2801:1e:1800::/47,3130,47
2021-11-16 04:32:07+00:00,create,2801:1e:1801::/48,666,48
2021-11-16 05:20:13+00:00,delete,2801:1e:1801::/48,666,0
2021-11-16 05:21:05+00:00,create,2801:1e:1801::/48,666,48
2021-11-17 02:00:07+00:00,create,2801:1e:1801::/48,3970,48
2021-11-18 05:07:21+00:00,create,2801:1e:1801::/48,3970,48
2021-11-19 00:24:33+00:00,create,2801:1e:1801::/48,3970,48
2021-11-20 04:22:30+00:00,create,2801:1e:1801::/48,3970,48
2021-11-21 05:13:26+00:00,create,2801:1e:1801::/48,3970,48
2021-11-22 03:44:59+00:00,create,2801:1e:1801::/48,3970,48
2021-11-23 03:05:14+00:00,create,2801:1e:1801::/48,3970,48
2021-12-03 00:28:09+00:00,create,2801:1e:1801::/48,3970,48
2021-12-04 01:32:44+00:00,create,2801:1e:1801::/48,3970,48
2021-12-05 04:32:56+00:00,create,2801:1e:1801::/48,3970,48
2021-12-06 01:56:13+00:00,create,2801:1e:1801::/48,3970,48
2021-12-07 05:04:13+00:00,create,2801:1e:1801::/48,3970,48
2021-12-08 02:51:46+00:00,create,2801:1e:1801::/48,3970,48
2021-12-09 02:38:51+00:00,create,2801:1e:1801::/48,3970,48
2021-12-10 02:32:37+00:00,create,2801:1e:1801::/48,3970,48
2021-12-11 05:46:52+00:00,create,2801:1e:1801::/48,3970,48
2021-12-12 04:31:43+00:00,create,2801:1e:1801::/48,3970,48
2021-12-13 04:16:44+00:00,create,2801:1e:1801::/48,3970,48
2021-12-14 02:45:53+00:00,create,2801:1e:1801::/48,3970,48
2021-12-15 01:26:44+00:00,create,2801:1e:1801::/48,3970,48
2021-12-16 05:28:04+00:00,create,2801:1e:1801::/48,3970,48
2021-12-17 05:12:43+00:00,create,2801:1e:1801::/48,3970,48
2021-12-18 03:05:41+00:00,create,2801:1e:1801::/48,3970,48
2021-12-19 02:43:26+00:00,create,2801:1e:1801::/48,3970,48
2021-12-20 05:07:06+00:00,create,2801:1e:1801::/48,3970,48
2022-01-20 02:22:33+00:00,delete,2801:1e:1801::/48,3970,48
2022-01-20 02:22:35+00:00,delete,2801:1e:1801::/48,3970,48
2022-01-20 02:22:38+00:00,delete,2801:1e:1801::/48,3970,48
2022-01-20 02:22:40+00:00,delete,2801:1e:1801::/48,3970,48
2022-01-20 02:22:43+00:00,delete,2801:1e:1801::/48,3970,48
2022-01-20 02:22:45+00:00,delete,2801:1e:1801::/48,3970,48
2022-01-20 02:22:47+00:00,delete,2801:1e:1801::/48,3970,48
2022-01-20 02:22:49+00:00,delete,2801:1e:1801::/48,3970,48
2022-01-20 02:22:51+00:00,delete,2801:1e:1801::/48,3970,48
2022-01-20 02:22:53+00:00,delete,2801:1e:1801::/48,3970,48
2022-01-20 02:22:55+00:00,delete,2801:1e:1801::/48,3970,48
2022-01-20 02:22:57+00:00,delete,2801:1e:1801::/48,3970,48
2022-01-20 02:22:59+00:00,delete,2801:1e:1801::/48,3970,48
2022-01-20 02:23:01+00:00,delete,2801:1e:1801::/48,3970,48
2022-01-20 02:23:23+00:00,delete,2801:1e:1801::/48,3970,48
2022-01-20 02:23:24+00:00,delete,2801:1e:1801::/48,3970,48
2022-01-20 02:23:26+00:00,delete,2801:1e:1801::/48,3970,48
2022-01-20 02:23:27+00:00,delete,2801:1e:1801::/48,3970,48
2022-01-20 02:23:29+00:00,delete,2801:1e:1801::/48,3970,48
2022-01-20 02:23:31+00:00,delete,2801:1e:1801::/48,3970,48
2022-01-20 02:23:32+00:00,delete,2801:1e:1801::/48,3970,48
2022-01-20 02:23:33+00:00,delete,2801:1e:1801::/48,3970,48
2022-01-20 02:23:35+00:00,delete,2801:1e:1801::/48,3970,48
2022-01-20 02:23:36+00:00,delete,2801:1e:1801::/48,3970,48
2022-01-20 02:23:37+00:00,delete,2801:1e:1801::/48,3970,48
2022-01-20 02:30:08+00:00,create,201.219.252.0/24,3970,24
2022-01-20 02:31:18+00:00,create,2801:1e:1801::/48,3970,48
2022-01-20 02:31:33+00:00,create,201.219.253.0/24,3970,24
2022-01-20 03:03:35+00:00,create,201.219.253.0/24,666,24
2022-01-20 03:05:18+00:00,create,201.219.253.0/23,3130,23
2022-01-20 03:05:34+00:00,create,201.219.252.0/23,3130,23
2022-01-20 12:52:41+00:00,delete,2801:1e:1801::/48,3970,48
2022-01-21 01:29:12+00:00,create,2801:1e:1801::/48,3970,48
2022-01-21 15:43:13+00:00,delete,2801:1e:1801::/48,3970,48
2022-01-22 03:56:52+00:00,create,2801:1e:1801::/48,3970,48
2022-01-22 15:51:44+00:00,delete,2801:1e:1801::/48,3970,48
2022-01-23 03:57:18+00:00,create,2801:1e:1801::/48,3970,48
2022-01-23 14:22:04+00:00,delete,2801:1e:1801::/48,3970,48
2022-01-24 04:12:13+00:00,create,2801:1e:1801::/48,3970,48
2022-01-24 13:28:19+00:00,delete,2801:1e:1801::/48,3970,48
2022-01-25 04:26:10+00:00,create,2801:1e:1801::/48,3970,48
2022-01-25 15:10:46+00:00,delete,2801:1e:1801::/48,3970,48
2022-01-26 05:39:28+00:00,create,2801:1e:1801::/48,3970,48
2022-01-26 16:33:04+00:00,delete,2801:1e:1801::/48,3970,48
2022-01-27 05:20:34+00:00,create,2801:1e:1801::/48,3970,48
2022-01-27 14:50:14+00:00,delete,2801:1e:1801::/48,3970,48
2022-01-28 03:46:02+00:00,create,2801:1e:1801::/48,3970,48
2022-01-28 16:49:34+00:00,delete,2801:1e:1801::/48,3970,48
2022-01-29 03:20:17+00:00,create,2801:1e:1801::/48,3970,48
2022-01-29 17:47:43+00:00,delete,2801:1e:1801::/48,3970,48
2022-01-30 04:29:33+00:00,create,2801:1e:1801::/48,3970,48
2022-01-30 15:41:28+00:00,delete,2801:1e:1801::/48,3970,48
2022-01-31 01:24:49+00:00,create,201.219.253.0/24,3970,24
2022-01-31 03:49:39+00:00,create,2801:1e:1801::/48,3970,48
2022-01-31 13:02:04+00:00,delete,2801:1e:1801::/48,3970,48
2022-01-31 17:20:35+00:00,delete,201.219.253.0/24,3970,24
2022-01-31 17:20:36+00:00,delete,201.219.253.0/24,3970,24
2022-02-01 03:56:05+00:00,create,201.219.253.0/24,3970,24
2022-02-01 04:23:26+00:00,create,2801:1e:1801::/48,3970,48
2022-02-01 13:46:27+00:00,delete,201.219.253.0/24,3970,24
2022-02-01 17:14:41+00:00,delete,2801:1e:1801::/48,3970,48
2022-02-02 00:28:58+00:00,create,201.219.253.0/24,3970,24
2022-02-02 02:26:40+00:00,create,2801:1e:1801::/48,3970,48
2022-02-02 13:32:36+00:00,delete,2801:1e:1801::/48,3970,48
2022-02-02 16:21:34+00:00,delete,201.219.253.0/24,3970,24
2022-02-03 00:09:44+00:00,create,2801:1e:1801::/48,3970,48
2022-02-03 01:19:38+00:00,create,201.219.253.0/24,3970,24
2022-02-03 12:26:07+00:00,delete,201.219.253.0/24,3970,24
2022-02-03 14:53:11+00:00,delete,2801:1e:1801::/48,3970,48
2022-02-04 01:44:51+00:00,create,201.219.253.0/24,3970,24
2022-02-04 03:08:52+00:00,create,2801:1e:1801::/48,3970,48
2022-02-04 16:01:24+00:00,delete,201.219.253.0/24,3970,24
2022-02-04 16:38:52+00:00,delete,2801:1e:1801::/48,3970,48
2022-02-05 01:14:19+00:00,create,201.219.253.0/24,3970,24
2022-02-05 03:04:06+00:00,create,2801:1e:1801::/48,3970,48
2022-02-05 14:36:21+00:00,delete,201.219.253.0/24,3970,24
2022-02-05 16:19:21+00:00,delete,2801:1e:1801::/48,3970,48
2022-02-06 02:41:34+00:00,create,2801:1e:1801::/48,3970,48
2022-02-06 05:22:18+00:00,create,201.219.253.0/24,3970,24
2022-02-06 13:30:24+00:00,delete,2801:1e:1801::/48,3970,48
2022-02-06 15:05:54+00:00,delete,201.219.253.0/24,3970,24
2022-02-07 03:41:48+00:00,create,2801:1e:1801::/48,3970,48
2022-02-07 03:56:24+00:00,create,201.219.253.0/24,3970,24
2022-02-07 14:21:07+00:00,delete,201.219.253.0/24,3970,24
2022-02-07 17:25:27+00:00,delete,2801:1e:1801::/48,3970,48
2022-02-08 01:35:49+00:00,create,2801:1e:1801::/48,3970,48
2022-02-08 03:46:23+00:00,create,201.219.253.0/24,3970,24
2022-02-08 15:07:53+00:00,delete,201.219.253.0/24,3970,24
2022-02-08 17:20:01+00:00,delete,2801:1e:1801::/48,3970,48
2022-02-09 00:32:59+00:00,create,201.219.253.0/24,3970,24
2022-02-09 02:58:50+00:00,create,2801:1e:1801::/48,3970,48
2022-02-09 15:06:33+00:00,delete,201.219.253.0/24,3970,24
2022-02-09 17:33:03+00:00,delete,2801:1e:1801::/48,3970,48
2022-02-10 01:18:05+00:00,create,2801:1e:1801::/48,3970,48
2022-02-10 05:18:33+00:00,create,201.219.253.0/24,3970,24
2022-02-10 13:06:42+00:00,delete,2801:1e:1801::/48,3970,48
2022-02-10 16:45:22+00:00,delete,201.219.253.0/24,3970,24
2022-02-11 05:20:26+00:00,create,2801:1e:1801::/48,3970,48
2022-02-11 05:54:53+00:00,create,201.219.253.0/24,3970,24
2022-02-11 13:08:12+00:00,delete,201.219.253.0/24,3970,24
2022-02-11 15:02:20+00:00,delete,2801:1e:1801::/48,3970,48
2022-02-12 02:59:49+00:00,create,2801:1e:1801::/48,3970,48
2022-02-12 03:42:56+00:00,create,201.219.253.0/24,3970,24
2022-02-12 14:37:49+00:00,delete,2801:1e:1801::/48,3970,48
2022-02-12 17:51:38+00:00,delete,201.219.253.0/24,3970,24
2022-02-13 03:39:35+00:00,create,201.219.253.0/24,3970,24
2022-02-13 04:05:21+00:00,create,2801:1e:1801::/48,3970,48
2022-02-13 16:58:17+00:00,delete,201.219.253.0/24,3970,24
2022-02-13 17:35:19+00:00,delete,2801:1e:1801::/48,3970,48
2022-02-14 03:39:46+00:00,create,201.219.253.0/24,3970,24
2022-02-14 04:04:07+00:00,create,2801:1e:1801::/48,3970,48
2022-02-14 15:02:04+00:00,delete,201.219.253.0/24,3970,24
2022-02-14 17:53:15+00:00,delete,2801:1e:1801::/48,3970,48
2022-02-15 04:53:07+00:00,create,2801:1e:1801::/48,3970,48
2022-02-15 05:03:22+00:00,create,201.219.253.0/24,3970,24
2022-02-15 12:31:17+00:00,delete,2801:1e:1801::/48,3970,48
2022-02-15 17:15:14+00:00,delete,201.219.253.0/24,3970,24
2022-02-16 01:20:01+00:00,create,2801:1e:1801::/48,3970,48
2022-02-16 05:03:26+00:00,create,201.219.253.0/24,3970,24
2022-02-16 13:30:25+00:00,delete,201.219.253.0/24,3970,24
2022-02-16 16:06:32+00:00,delete,2801:1e:1801::/48,3970,48
2022-02-17 01:47:07+00:00,create,2801:1e:1801::/48,3970,48
2022-02-17 03:51:49+00:00,create,201.219.253.0/24,3970,24
2022-02-17 17:16:49+00:00,delete,201.219.253.0/24,3970,24
2022-02-17 17:22:28+00:00,delete,2801:1e:1801::/48,3970,48
2022-02-18 00:13:36+00:00,create,2801:1e:1801::/48,3970,48
2022-02-18 00:17:33+00:00,create,201.219.253.0/24,3970,24
2022-02-18 12:50:28+00:00,delete,2801:1e:1801::/48,3970,48
2022-02-18 17:42:01+00:00,delete,201.219.253.0/24,3970,24
2022-02-19 01:23:04+00:00,create,201.219.253.0/24,3970,24
2022-02-19 02:41:15+00:00,create,2801:1e:1801::/48,3970,48
2022-02-19 13:42:17+00:00,delete,201.219.253.0/24,3970,24
2022-02-19 17:20:33+00:00,delete,2801:1e:1801::/48,3970,48
2022-02-20 02:05:03+00:00,create,201.219.253.0/24,3970,24
2022-02-20 02:49:21+00:00,create,2801:1e:1801::/48,3970,48
2022-02-20 13:41:01+00:00,delete,201.219.253.0/24,3970,24
2022-02-20 14:05:56+00:00,delete,2801:1e:1801::/48,3970,48
2022-02-21 01:36:51+00:00,create,2801:1e:1801::/48,3970,48
2022-02-21 03:04:19+00:00,create,201.219.253.0/24,3970,24
2022-02-21 12:05:12+00:00,delete,201.219.253.0/24,3970,24
2022-02-21 13:23:38+00:00,delete,2801:1e:1801::/48,3970,48
2022-02-22 03:02:13+00:00,create,2801:1e:1801::/48,3970,48
2022-02-22 04:06:48+00:00,create,201.219.253.0/24,3970,24
2022-02-22 14:03:30+00:00,delete,2801:1e:1801::/48,3970,48
2022-02-22 16:26:04+00:00,delete,201.219.253.0/24,3970,24
2022-02-23 04:22:06+00:00,create,2801:1e:1801::/48,3970,48
2022-02-23 05:23:51+00:00,create,201.219.253.0/24,3970,24
2022-02-23 12:36:10+00:00,delete,201.219.253.0/24,3970,24
2022-02-23 13:43:49+00:00,delete,2801:1e:1801::/48,3970,48
2022-02-24 00:48:10+00:00,create,201.219.253.0/24,3970,24
2022-02-24 04:58:52+00:00,create,2801:1e:1801::/48,3970,48
2022-02-24 15:12:28+00:00,delete,2801:1e:1801::/48,3970,48
2022-02-24 16:37:45+00:00,delete,201.219.253.0/24,3970,24
2022-02-25 01:55:02+00:00,create,201.219.253.0/24,3970,24
2022-02-25 04:46:05+00:00,create,2801:1e:1801::/48,3970,48
2022-02-25 13:58:35+00:00,delete,2801:1e:1801::/48,3970,48
2022-02-25 15:48:38+00:00,delete,201.219.253.0/24,3970,24
2022-02-26 05:12:28+00:00,create,201.219.253.0/24,3970,24
2022-02-26 05:27:09+00:00,create,2801:1e:1801::/48,3970,48
2022-02-26 15:19:48+00:00,delete,2801:1e:1801::/48,3970,48
2022-02-26 17:34:38+00:00,delete,201.219.253.0/24,3970,24
2022-02-27 00:44:09+00:00,create,201.219.253.0/24,3970,24
2022-02-27 02:10:46+00:00,create,2801:1e:1801::/48,3970,48
2022-02-27 14:30:29+00:00,delete,2801:1e:1801::/48,3970,48
2022-02-27 17:38:53+00:00,delete,201.219.253.0/24,3970,24
2022-02-28 04:59:19+00:00,create,201.219.253.0/24,3970,24
2022-02-28 05:38:32+00:00,create,2801:1e:1801::/48,3970,48
2022-02-28 12:47:59+00:00,delete,2801:1e:1801::/48,3970,48
2022-02-28 13:55:55+00:00,delete,201.219.253.0/24,3970,24
2022-03-01 05:31:51+00:00,create,201.219.253.0/24,3970,24
2022-03-01 05:43:03+00:00,create,2801:1e:1801::/48,3970,48
2022-03-01 12:50:06+00:00,delete,201.219.253.0/24,3970,24
2022-03-01 16:01:35+00:00,delete,2801:1e:1801::/48,3970,48
2022-03-02 00:45:41+00:00,create,201.219.253.0/24,3970,24
2022-03-02 02:46:53+00:00,create,2801:1e:1801::/48,3970,48
2022-03-02 15:14:00+00:00,delete,2801:1e:1801::/48,3970,48
2022-03-02 16:30:58+00:00,delete,201.219.253.0/24,3970,24
2022-03-03 05:20:04+00:00,create,201.219.253.0/24,3970,24
2022-03-03 05:35:28+00:00,create,2801:1e:1801::/48,3970,48
2022-03-03 14:41:55+00:00,delete,201.219.253.0/24,3970,24
2022-03-03 15:42:06+00:00,delete,2801:1e:1801::/48,3970,48
2022-03-04 02:09:12+00:00,create,201.219.253.0/24,3970,24
2022-03-04 05:48:26+00:00,create,2801:1e:1801::/48,3970,48
2022-03-04 13:22:40+00:00,delete,201.219.253.0/24,3970,24
2022-03-04 17:19:49+00:00,delete,2801:1e:1801::/48,3970,48
2022-03-05 03:27:21+00:00,create,201.219.253.0/24,3970,24
2022-03-05 05:56:36+00:00,create,2801:1e:1801::/48,3970,48
2022-03-05 12:48:43+00:00,delete,201.219.253.0/24,3970,24
2022-03-05 14:59:35+00:00,delete,2801:1e:1801::/48,3970,48
2022-03-06 00:16:49+00:00,create,2801:1e:1801::/48,3970,48
2022-03-06 01:14:39+00:00,create,201.219.253.0/24,3970,24
2022-03-06 13:24:11+00:00,delete,2801:1e:1801::/48,3970,48
2022-03-06 17:54:19+00:00,delete,201.219.253.0/24,3970,24
2022-03-07 01:45:35+00:00,create,2801:1e:1801::/48,3970,48
2022-03-07 02:46:09+00:00,create,201.219.253.0/24,3970,24
2022-03-07 12:11:08+00:00,delete,201.219.253.0/24,3970,24
2022-03-07 12:27:45+00:00,delete,2801:1e:1801::/48,3970,48
2022-03-08 00:08:39+00:00,create,201.219.253.0/24,3970,24
2022-03-08 03:20:46+00:00,create,2801:1e:1801::/48,3970,48
2022-03-08 13:29:01+00:00,delete,201.219.253.0/24,3970,24
2022-03-08 14:26:29+00:00,delete,2801:1e:1801::/48,3970,48
2022-03-09 02:59:46+00:00,create,201.219.253.0/24,3970,24
2022-03-09 04:59:36+00:00,create,2801:1e:1801::/48,3970,48
2022-03-09 16:20:22+00:00,delete,201.219.253.0/24,3970,24
2022-03-09 16:41:29+00:00,delete,2801:1e:1801::/48,3970,48
2022-03-10 00:09:05+00:00,create,201.219.253.0/24,3970,24
2022-03-10 00:26:51+00:00,create,2801:1e:1801::/48,3970,48
2022-03-10 12:27:29+00:00,delete,201.219.253.0/24,3970,24
2022-03-10 14:57:00+00:00,delete,2801:1e:1801::/48,3970,48
2022-03-11 00:24:55+00:00,create,201.219.253.0/24,3970,24
2022-03-11 02:31:12+00:00,create,2801:1e:1801::/48,3970,48
2022-03-11 15:08:27+00:00,delete,201.219.253.0/24,3970,24
2022-03-11 16:01:51+00:00,delete,2801:1e:1801::/48,3970,48
2022-03-12 01:38:15+00:00,create,2801:1e:1801::/48,3970,48
2022-03-12 04:46:45+00:00,create,201.219.253.0/24,3970,24
2022-03-12 13:27:35+00:00,delete,201.219.253.0/24,3970,24
2022-03-12 14:39:32+00:00,delete,2801:1e:1801::/48,3970,48
2022-03-13 00:57:57+00:00,create,2801:1e:1801::/48,3970,48
2022-03-13 01:22:23+00:00,create,201.219.253.0/24,3970,24
2022-03-13 13:06:01+00:00,delete,2801:1e:1801::/48,3970,48
2022-03-13 13:44:02+00:00,delete,201.219.253.0/24,3970,24
2022-03-14 01:34:30+00:00,create,2801:1e:1801::/48,3970,48
2022-03-14 03:30:43+00:00,create,201.219.253.0/24,3970,24
2022-03-14 16:51:19+00:00,delete,201.219.253.0/24,3970,24
2022-03-14 17:13:24+00:00,delete,2801:1e:1801::/48,3970,48
2022-03-15 00:15:46+00:00,create,2801:1e:1801::/48,3970,48
2022-03-15 00:22:09+00:00,create,201.219.253.0/24,3970,24
2022-03-15 16:16:56+00:00,delete,2801:1e:1801::/48,3970,48
2022-03-15 17:47:03+00:00,delete,201.219.253.0/24,3970,24
2022-03-16 02:41:40+00:00,create,2801:1e:1801::/48,3970,48
2022-03-16 05:51:26+00:00,create,201.219.253.0/24,3970,24
2022-03-16 15:08:37+00:00,delete,2801:1e:1801::/48,3970,48
2022-03-16 15:21:23+00:00,delete,201.219.253.0/24,3970,24
2022-03-17 03:53:18+00:00,create,2801:1e:1801::/48,3970,48
2022-03-17 05:37:42+00:00,create,201.219.253.0/24,3970,24
2022-03-17 13:24:51+00:00,delete,201.219.253.0/24,3970,24
2022-03-17 14:33:12+00:00,delete,2801:1e:1801::/48,3970,48
2022-03-18 00:56:41+00:00,create,201.219.253.0/24,3970,24
2022-03-18 04:16:44+00:00,create,2801:1e:1801::/48,3970,48
2022-03-18 14:00:53+00:00,delete,2801:1e:1801::/48,3970,48
2022-03-18 14:03:46+00:00,delete,201.219.253.0/24,3970,24
2022-03-19 00:50:10+00:00,create,201.219.253.0/24,3970,24
2022-03-19 05:20:45+00:00,create,2801:1e:1801::/48,3970,48
2022-03-19 12:25:37+00:00,delete,2801:1e:1801::/48,3970,48
2022-03-19 14:21:26+00:00,delete,201.219.253.0/24,3970,24
2022-03-20 00:44:32+00:00,create,201.219.253.0/24,3970,24
2022-03-20 04:44:35+00:00,create,2801:1e:1801::/48,3970,48
2022-03-20 12:00:46+00:00,delete,201.219.253.0/24,3970,24
2022-03-20 15:22:07+00:00,delete,2801:1e:1801::/48,3970,48
2022-03-21 03:07:56+00:00,create,2801:1e:1801::/48,3970,48
2022-03-21 05:36:13+00:00,create,201.219.253.0/24,3970,24
2022-03-21 12:02:27+00:00,delete,2801:1e:1801::/48,3970,48
2022-03-21 12:49:05+00:00,delete,201.219.253.0/24,3970,24
2022-03-22 01:48:24+00:00,create,201.219.253.0/24,3970,24
2022-03-22 03:49:35+00:00,create,2801:1e:1801::/48,3970,48
2022-03-22 12:29:03+00:00,delete,2801:1e:1801::/48,3970,48
2022-03-22 17:30:21+00:00,delete,201.219.253.0/24,3970,24
2022-03-23 01:36:30+00:00,create,2801:1e:1801::/48,3970,48
2022-03-23 05:05:30+00:00,create,201.219.253.0/24,3970,24
2022-03-23 13:29:39+00:00,delete,201.219.253.0/24,3970,24
2022-03-23 17:37:25+00:00,delete,2801:1e:1801::/48,3970,48
2022-03-24 00:57:23+00:00,create,2801:1e:1801::/48,3970,48
2022-03-24 02:05:34+00:00,create,201.219.253.0/24,3970,24
2022-03-24 12:45:50+00:00,delete,201.219.253.0/24,3970,24
2022-03-24 17:33:37+00:00,delete,2801:1e:1801::/48,3970,48
2022-03-25 01:37:41+00:00,create,201.219.253.0/24,3970,24
2022-03-25 05:58:30+00:00,create,2801:1e:1801::/48,3970,48
2022-03-25 13:11:00+00:00,delete,2801:1e:1801::/48,3970,48
2022-03-25 16:29:49+00:00,delete,201.219.253.0/24,3970,24
2022-03-26 00:39:12+00:00,create,201.219.253.0/24,3970,24
2022-03-26 02:43:15+00:00,create,2801:1e:1801::/48,3970,48
2022-03-26 12:19:27+00:00,delete,2801:1e:1801::/48,3970,48
2022-03-26 15:09:55+00:00,delete,201.219.253.0/24,3970,24
2022-03-27 04:06:58+00:00,create,201.219.253.0/24,3970,24
2022-03-27 04:47:02+00:00,create,2801:1e:1801::/48,3970,48
2022-03-27 14:03:07+00:00,delete,201.219.253.0/24,3970,24
2022-03-27 17:06:40+00:00,delete,2801:1e:1801::/48,3970,48
2022-03-28 00:33:09+00:00,create,2801:1e:1801::/48,3970,48
2022-03-28 04:48:30+00:00,create,201.219.253.0/24,3970,24
2022-03-28 12:53:34+00:00,delete,2801:1e:1801::/48,3970,48
2022-03-28 12:54:50+00:00,delete,201.219.253.0/24,3970,24
2022-03-29 03:01:36+00:00,create,2801:1e:1801::/48,3970,48
2022-03-29 03:18:27+00:00,create,201.219.253.0/24,3970,24
2022-03-29 12:51:32+00:00,delete,201.219.253.0/24,3970,24
2022-03-29 15:35:30+00:00,delete,2801:1e:1801::/48,3970,48
2022-03-30 00:11:45+00:00,create,2801:1e:1801::/48,3970,48
2022-03-30 02:40:55+00:00,create,201.219.253.0/24,3970,24
2022-03-30 13:08:28+00:00,delete,201.219.253.0/24,3970,24
2022-03-30 16:10:41+00:00,delete,2801:1e:1801::/48,3970,48
2022-03-31 00:59:11+00:00,create,201.219.253.0/24,3970,24
2022-03-31 03:43:53+00:00,create,2801:1e:1801::/48,3970,48
2022-03-31 15:51:27+00:00,delete,201.219.253.0/24,3970,24
2022-03-31 17:09:21+00:00,delete,2801:1e:1801::/48,3970,48
2022-04-01 00:03:23+00:00,create,201.219.253.0/24,3970,24
2022-04-01 05:31:27+00:00,create,2801:1e:1801::/48,3970,48
2022-04-01 15:34:54+00:00,delete,201.219.253.0/24,3970,24
2022-04-01 17:27:12+00:00,delete,2801:1e:1801::/48,3970,48
2022-04-02 00:59:40+00:00,create,2801:1e:1801::/48,3970,48
2022-04-02 01:10:26+00:00,create,201.219.253.0/24,3970,24
2022-04-02 14:17:36+00:00,delete,2801:1e:1801::/48,3970,48
2022-04-02 16:12:00+00:00,delete,201.219.253.0/24,3970,24
2022-04-03 00:37:03+00:00,create,2801:1e:1801::/48,3970,48
2022-04-03 04:14:57+00:00,create,201.219.253.0/24,3970,24
2022-04-03 15:26:32+00:00,delete,2801:1e:1801::/48,3970,48
2022-04-03 17:41:44+00:00,delete,201.219.253.0/24,3970,24
2022-04-04 02:31:52+00:00,create,201.219.253.0/24,3970,24
2022-04-04 05:15:08+00:00,create,2801:1e:1801::/48,3970,48
2022-04-04 13:14:18+00:00,delete,2801:1e:1801::/48,3970,48
2022-04-04 16:35:53+00:00,delete,201.219.253.0/24,3970,24
2022-04-05 00:51:32+00:00,create,2801:1e:1801::/48,3970,48
2022-04-05 01:04:06+00:00,create,201.219.253.0/24,3970,24
2022-04-05 15:36:04+00:00,delete,201.219.253.0/24,3970,24
2022-04-05 17:47:14+00:00,delete,2801:1e:1801::/48,3970,48
2022-04-06 04:01:46+00:00,create,2801:1e:1801::/48,3970,48
2022-04-06 05:55:41+00:00,create,201.219.253.0/24,3970,24
2022-04-06 16:47:36+00:00,delete,2801:1e:1801::/48,3970,48
2022-04-06 17:20:51+00:00,delete,201.219.253.0/24,3970,24
2022-04-07 04:18:12+00:00,create,2801:1e:1801::/48,3970,48
2022-04-07 05:59:38+00:00,create,201.219.253.0/24,3970,24
2022-04-07 12:00:52+00:00,delete,201.219.253.0/24,3970,24
2022-04-07 15:28:05+00:00,delete,2801:1e:1801::/48,3970,48
2022-04-08 00:48:54+00:00,create,2801:1e:1801::/48,3970,48
2022-04-08 01:07:48+00:00,create,201.219.253.0/24,3970,24
2022-04-08 05:23:18+00:00,delete,2801:1e:1801::/48,3970,48
2022-04-08 05:23:47+00:00,delete,201.219.253.0/24,3970,24
2022-04-08 08:13:38+00:00,create,201.219.253.0/24,3970,24
2022-04-08 10:24:45+00:00,create,2801:1e:1801::/48,3970,48
2022-04-08 19:20:31+00:00,delete,2801:1e:1801::/48,3970,48
2022-04-08 22:01:21+00:00,delete,201.219.253.0/24,3970,24
2022-04-09 06:33:53+00:00,create,201.219.253.0/24,3970,24
2022-04-09 10:01:09+00:00,create,2801:1e:1801::/48,3970,48
2022-04-09 19:39:50+00:00,delete,2801:1e:1801::/48,3970,48
2022-04-09 22:38:40+00:00,delete,201.219.253.0/24,3970,24
2022-04-10 10:28:57+00:00,create,201.219.253.0/24,3970,24
2022-04-10 11:00:46+00:00,create,2801:1e:1801::/48,3970,48
2022-04-10 18:18:50+00:00,delete,201.219.253.0/24,3970,24
2022-04-10 20:49:58+00:00,delete,2801:1e:1801::/48,3970,48
2022-04-11 09:09:07+00:00,create,2801:1e:1801::/48,3970,48
2022-04-11 11:52:15+00:00,create,201.219.253.0/24,3970,24
2022-04-11 18:11:02+00:00,delete,2801:1e:1801::/48,3970,48
2022-04-11 21:17:29+00:00,delete,201.219.253.0/24,3970,24
2022-04-12 09:34:23+00:00,create,201.219.253.0/24,3970,24
2022-04-12 11:06:23+00:00,create,2801:1e:1801::/48,3970,48
2022-04-12 18:54:49+00:00,delete,2801:1e:1801::/48,3970,48
2022-04-12 22:35:44+00:00,delete,201.219.253.0/24,3970,24
2022-04-13 08:01:20+00:00,create,2801:1e:1801::/48,3970,48
2022-04-13 08:03:22+00:00,create,201.219.253.0/24,3970,24
2022-04-13 18:07:51+00:00,delete,2801:1e:1801::/48,3970,48
2022-04-13 19:16:16+00:00,delete,201.219.253.0/24,3970,24
2022-04-14 09:48:14+00:00,create,201.219.253.0/24,3970,24
2022-04-14 10:25:26+00:00,create,2801:1e:1801::/48,3970,48
2022-04-14 19:53:25+00:00,delete,201.219.253.0/24,3970,24
2022-04-14 22:48:47+00:00,delete,2801:1e:1801::/48,3970,48
2022-04-15 11:24:18+00:00,create,2801:1e:1801::/48,3970,48
2022-04-15 11:29:16+00:00,create,201.219.253.0/24,3970,24
2022-04-15 22:10:34+00:00,delete,201.219.253.0/24,3970,24
2022-04-15 23:19:32+00:00,delete,2801:1e:1801::/48,3970,48
2022-04-16 10:30:24+00:00,create,2801:1e:1801::/48,3970,48
2022-04-16 11:37:47+00:00,create,201.219.253.0/24,3970,24
2022-04-16 18:32:13+00:00,delete,2801:1e:1801::/48,3970,48
2022-04-16 21:28:41+00:00,delete,201.219.253.0/24,3970,24
2022-04-17 06:01:20+00:00,create,201.219.253.0/24,3970,24
2022-04-17 11:46:37+00:00,create,2801:1e:1801::/48,3970,48
2022-04-17 21:09:35+00:00,delete,201.219.253.0/24,3970,24
2022-04-17 23:21:06+00:00,delete,2801:1e:1801::/48,3970,48
2022-04-18 06:31:15+00:00,create,2801:1e:1801::/48,3970,48
2022-04-18 11:55:59+00:00,create,201.219.253.0/24,3970,24
2022-04-18 19:36:29+00:00,delete,2801:1e:1801::/48,3970,48
2022-04-18 20:09:48+00:00,delete,201.219.253.0/24,3970,24
2022-04-19 07:09:31+00:00,create,2801:1e:1801::/48,3970,48
2022-04-19 08:49:46+00:00,create,201.219.253.0/24,3970,24
2022-04-19 22:47:52+00:00,delete,201.219.253.0/24,3970,24
2022-04-19 23:06:50+00:00,delete,2801:1e:1801::/48,3970,48
2022-04-20 06:03:52+00:00,create,2801:1e:1801::/48,3970,48
2022-04-20 07:42:27+00:00,create,201.219.253.0/24,3970,24
2022-04-20 20:35:25+00:00,delete,201.219.253.0/24,3970,24
2022-04-20 22:44:45+00:00,delete,2801:1e:1801::/48,3970,48
2022-04-21 06:15:03+00:00,create,2801:1e:1801::/48,3970,48
2022-04-21 07:16:07+00:00,create,201.219.253.0/24,3970,24
2022-04-21 19:51:23+00:00,delete,201.219.253.0/24,3970,24
2022-04-21 21:58:05+00:00,delete,2801:1e:1801::/48,3970,48
2022-04-22 07:27:45+00:00,create,2801:1e:1801::/48,3970,48
2022-04-22 09:25:25+00:00,create,201.219.253.0/24,3970,24
2022-04-22 21:21:05+00:00,delete,2801:1e:1801::/48,3970,48
2022-04-22 22:14:35+00:00,delete,201.219.253.0/24,3970,24
2022-04-23 07:21:14+00:00,create,2801:1e:1801::/48,3970,48
2022-04-23 11:11:53+00:00,create,201.219.253.0/24,3970,24
2022-04-23 18:26:45+00:00,delete,2801:1e:1801::/48,3970,48
2022-04-23 19:19:07+00:00,delete,201.219.253.0/24,3970,24
2022-04-24 11:20:51+00:00,create,2801:1e:1801::/48,3970,48
2022-04-24 11:48:17+00:00,create,201.219.253.0/24,3970,24
2022-04-24 20:28:03+00:00,delete,201.219.253.0/24,3970,24
2022-04-24 21:50:54+00:00,delete,2801:1e:1801::/48,3970,48
2022-04-25 06:57:39+00:00,create,201.219.253.0/24,3970,24
2022-04-25 08:01:12+00:00,create,2801:1e:1801::/48,3970,48
2022-04-25 14:25:32+00:00,delete,2801:1e:1801::/48,3970,48
2022-04-25 15:05:02+00:00,delete,201.219.253.0/24,3970,24
2022-04-26 00:03:09+00:00,create,2801:1e:1801::/48,3970,48
2022-04-26 00:07:32+00:00,create,201.219.253.0/24,3970,24
2022-04-26 13:00:22+00:00,delete,201.219.253.0/24,3970,24
2022-04-26 16:52:01+00:00,delete,2801:1e:1801::/48,3970,48
2022-04-27 01:04:35+00:00,create,2801:1e:1801::/48,3970,48
2022-04-27 04:15:12+00:00,create,201.219.253.0/24,3970,24
2022-04-27 15:02:04+00:00,delete,201.219.253.0/24,3970,24
2022-04-27 17:03:28+00:00,delete,2801:1e:1801::/48,3970,48
2022-04-28 02:20:57+00:00,create,2801:1e:1801::/48,3970,48
2022-04-28 03:21:18+00:00,create,201.219.253.0/24,3970,24
2022-04-28 16:00:40+00:00,delete,201.219.253.0/24,3970,24
2022-04-28 17:58:35+00:00,delete,2801:1e:1801::/48,3970,48
2022-04-29 02:25:28+00:00,create,2801:1e:1801::/48,3970,48
2022-04-29 03:51:44+00:00,create,201.219.253.0/24,3970,24
2022-04-29 14:54:18+00:00,delete,201.219.253.0/24,3970,24
2022-04-29 17:58:28+00:00,delete,2801:1e:1801::/48,3970,48
2022-04-30 00:35:45+00:00,create,201.219.253.0/24,3970,24
2022-04-30 04:42:27+00:00,create,2801:1e:1801::/48,3970,48
2022-04-30 12:03:24+00:00,delete,201.219.253.0/24,3970,24
2022-04-30 12:19:13+00:00,delete,2801:1e:1801::/48,3970,48
2022-05-01 01:42:21+00:00,create,201.219.253.0/24,3970,24
2022-05-01 04:56:21+00:00,create,2801:1e:1801::/48,3970,48
2022-05-01 14:31:10+00:00,delete,201.219.253.0/24,3970,24
2022-05-01 14:51:43+00:00,delete,2801:1e:1801::/48,3970,48
2022-05-02 01:54:33+00:00,create,201.219.253.0/24,3970,24
2022-05-02 03:07:25+00:00,create,2801:1e:1801::/48,3970,48
2022-05-02 12:00:56+00:00,delete,2801:1e:1801::/48,3970,48
2022-05-02 15:06:12+00:00,delete,201.219.253.0/24,3970,24
2022-05-03 00:21:35+00:00,create,2801:1e:1801::/48,3970,48
2022-05-03 05:52:54+00:00,create,201.219.253.0/24,3970,24
2022-05-03 13:38:34+00:00,delete,201.219.253.0/24,3970,24
2022-05-03 17:02:19+00:00,delete,2801:1e:1801::/48,3970,48
2022-05-04 00:06:10+00:00,create,2801:1e:1801::/48,3970,48
2022-05-04 00:15:46+00:00,create,201.219.253.0/24,3970,24
2022-05-04 12:26:08+00:00,delete,201.219.253.0/24,3970,24
2022-05-04 14:20:03+00:00,delete,2801:1e:1801::/48,3970,48
2022-05-05 04:54:51+00:00,create,201.219.253.0/24,3970,24
2022-05-05 05:03:50+00:00,create,2801:1e:1801::/48,3970,48
2022-05-05 15:02:23+00:00,delete,2801:1e:1801::/48,3970,48
2022-05-05 17:55:51+00:00,delete,201.219.253.0/24,3970,24
2022-05-06 04:43:55+00:00,create,2801:1e:1801::/48,3970,48
2022-05-06 05:11:40+00:00,create,201.219.253.0/24,3970,24
2022-05-06 14:24:32+00:00,delete,201.219.253.0/24,3970,24
2022-05-06 14:37:11+00:00,delete,2801:1e:1801::/48,3970,48
2022-05-07 04:03:16+00:00,create,2801:1e:1801::/48,3970,48
2022-05-07 04:33:52+00:00,create,201.219.253.0/24,3970,24
2022-05-07 16:24:19+00:00,delete,201.219.253.0/24,3970,24
2022-05-07 17:59:44+00:00,delete,2801:1e:1801::/48,3970,48
2022-05-08 01:08:02+00:00,create,201.219.253.0/24,3970,24
2022-05-08 02:51:44+00:00,create,2801:1e:1801::/48,3970,48
2022-05-08 12:07:19+00:00,delete,2801:1e:1801::/48,3970,48
2022-05-08 17:36:09+00:00,delete,201.219.253.0/24,3970,24
2022-05-09 02:50:18+00:00,create,201.219.253.0/24,3970,24
2022-05-09 04:15:29+00:00,create,2801:1e:1801::/48,3970,48
2022-05-09 14:18:49+00:00,delete,201.219.253.0/24,3970,24
2022-05-09 17:28:33+00:00,delete,2801:1e:1801::/48,3970,48
2022-05-10 01:33:18+00:00,create,201.219.253.0/24,3970,24
2022-05-10 02:34:31+00:00,create,2801:1e:1801::/48,3970,48
2022-05-10 14:10:57+00:00,delete,2801:1e:1801::/48,3970,48
2022-05-10 16:39:44+00:00,delete,201.219.253.0/24,3970,24
2022-05-11 02:18:03+00:00,create,2801:1e:1801::/48,3970,48
2022-05-11 03:36:47+00:00,create,201.219.253.0/24,3970,24
2022-05-11 13:58:13+00:00,delete,2801:1e:1801::/48,3970,48
2022-05-11 17:53:22+00:00,delete,201.219.253.0/24,3970,24
2022-05-12 01:04:36+00:00,create,201.219.253.0/24,3970,24
2022-05-12 04:53:47+00:00,create,2801:1e:1801::/48,3970,48
2022-05-12 17:17:10+00:00,delete,2801:1e:1801::/48,3970,48
2022-05-12 17:27:20+00:00,delete,201.219.253.0/24,3970,24
2022-05-13 01:40:00+00:00,create,201.219.253.0/24,3970,24
2022-05-13 02:49:45+00:00,create,2801:1e:1801::/48,3970,48
2022-05-13 13:56:17+00:00,delete,2801:1e:1801::/48,3970,48
2022-05-13 17:16:44+00:00,delete,201.219.253.0/24,3970,24
2022-05-14 03:27:32+00:00,create,201.219.253.0/24,3970,24
2022-05-14 04:54:56+00:00,create,2801:1e:1801::/48,3970,48
2022-05-14 13:11:51+00:00,delete,2801:1e:1801::/48,3970,48
2022-05-14 13:50:11+00:00,delete,201.219.253.0/24,3970,24
2022-05-15 00:40:08+00:00,create,201.219.253.0/24,3970,24
2022-05-15 03:04:10+00:00,create,2801:1e:1801::/48,3970,48
2022-05-15 16:05:33+00:00,delete,201.219.253.0/24,3970,24
2022-05-15 17:04:28+00:00,delete,2801:1e:1801::/48,3970,48
2022-05-16 04:59:04+00:00,create,201.219.253.0/24,3970,24
2022-05-16 05:11:30+00:00,create,2801:1e:1801::/48,3970,48
2022-05-16 15:07:58+00:00,delete,201.219.253.0/24,3970,24
2022-05-16 17:16:47+00:00,delete,2801:1e:1801::/48,3970,48
2022-05-17 02:24:05+00:00,create,201.219.253.0/24,3970,24
2022-05-17 04:26:01+00:00,create,2801:1e:1801::/48,3970,48
2022-05-17 12:01:58+00:00,delete,201.219.253.0/24,3970,24
2022-05-17 14:49:36+00:00,delete,2801:1e:1801::/48,3970,48
2022-05-18 04:31:04+00:00,create,2801:1e:1801::/48,3970,48
2022-05-18 05:10:39+00:00,create,201.219.253.0/24,3970,24
2022-05-18 15:52:30+00:00,delete,2801:1e:1801::/48,3970,48
2022-05-18 16:50:52+00:00,delete,201.219.253.0/24,3970,24
2022-05-19 02:07:02+00:00,create,2801:1e:1801::/48,3970,48
2022-05-19 05:03:55+00:00,create,201.219.253.0/24,3970,24
2022-05-19 12:25:00+00:00,delete,2801:1e:1801::/48,3970,48
2022-05-19 12:26:12+00:00,delete,201.219.253.0/24,3970,24
2022-05-20 00:52:41+00:00,create,2801:1e:1801::/48,3970,48
2022-05-20 02:15:16+00:00,create,201.219.253.0/24,3970,24
2022-05-20 15:31:43+00:00,delete,2801:1e:1801::/48,3970,48
2022-05-20 16:57:12+00:00,delete,201.219.253.0/24,3970,24
2022-05-21 00:31:09+00:00,create,201.219.253.0/24,3970,24
2022-05-21 01:11:11+00:00,create,2801:1e:1801::/48,3970,48
2022-05-21 12:51:37+00:00,delete,2801:1e:1801::/48,3970,48
2022-05-21 16:13:58+00:00,delete,201.219.253.0/24,3970,24
2022-05-22 03:43:54+00:00,create,2801:1e:1801::/48,3970,48
2022-05-22 05:42:26+00:00,create,201.219.253.0/24,3970,24
2022-05-22 13:35:19+00:00,delete,201.219.253.0/24,3970,24
2022-05-22 14:09:49+00:00,delete,2801:1e:1801::/48,3970,48
2022-05-23 01:57:39+00:00,create,201.219.253.0/24,3970,24
2022-05-23 04:52:40+00:00,create,2801:1e:1801::/48,3970,48
2022-05-23 15:08:51+00:00,delete,201.219.253.0/24,3970,24
2022-05-23 16:58:37+00:00,delete,2801:1e:1801::/48,3970,48
2022-05-24 01:34:13+00:00,create,201.219.253.0/24,3970,24
2022-05-24 02:50:46+00:00,create,2801:1e:1801::/48,3970,48
2022-05-24 14:34:02+00:00,delete,2801:1e:1801::/48,3970,48
2022-05-24 16:40:51+00:00,delete,201.219.253.0/24,3970,24
2022-05-25 02:02:05+00:00,create,2801:1e:1801::/48,3970,48
2022-05-25 02:11:35+00:00,create,201.219.253.0/24,3970,24
2022-05-25 13:50:11+00:00,delete,201.219.253.0/24,3970,24
2022-05-25 17:12:59+00:00,delete,2801:1e:1801::/48,3970,48
2022-05-26 02:25:22+00:00,create,2801:1e:1801::/48,3970,48
2022-05-26 05:11:14+00:00,create,201.219.253.0/24,3970,24
2022-05-26 16:14:36+00:00,delete,2801:1e:1801::/48,3970,48
2022-05-26 16:28:23+00:00,delete,201.219.253.0/24,3970,24
2022-05-27 04:11:27+00:00,create,2801:1e:1801::/48,3970,48
2022-05-27 05:45:29+00:00,create,201.219.253.0/24,3970,24
2022-05-27 12:38:45+00:00,delete,2801:1e:1801::/48,3970,48
2022-05-27 13:49:44+00:00,delete,201.219.253.0/24,3970,24
2022-05-28 00:28:48+00:00,create,201.219.253.0/24,3970,24
2022-05-28 00:39:04+00:00,create,2801:1e:1801::/48,3970,48
2022-05-28 14:24:14+00:00,delete,201.219.253.0/24,3970,24
2022-05-28 15:09:12+00:00,delete,2801:1e:1801::/48,3970,48
2022-05-29 00:43:28+00:00,create,2801:1e:1801::/48,3970,48
2022-05-29 02:16:18+00:00,create,201.219.253.0/24,3970,24
2022-05-29 12:48:13+00:00,delete,201.219.253.0/24,3970,24
2022-05-29 16:29:27+00:00,delete,2801:1e:1801::/48,3970,48
2022-05-30 00:22:12+00:00,create,201.219.253.0/24,3970,24
2022-05-30 01:59:56+00:00,create,2801:1e:1801::/48,3970,48
2022-05-30 13:28:40+00:00,delete,201.219.253.0/24,3970,24
2022-05-30 13:35:18+00:00,delete,2801:1e:1801::/48,3970,48
2022-05-31 03:45:00+00:00,create,201.219.253.0/24,3970,24
2022-05-31 05:58:07+00:00,create,2801:1e:1801::/48,3970,48
2022-05-31 16:38:15+00:00,delete,2801:1e:1801::/48,3970,48
2022-05-31 17:31:40+00:00,delete,201.219.253.0/24,3970,24
2022-06-01 01:06:03+00:00,create,2801:1e:1801::/48,3970,48
2022-06-01 04:46:04+00:00,create,201.219.253.0/24,3970,24
2022-06-01 13:01:32+00:00,delete,201.219.253.0/24,3970,24
2022-06-01 13:26:13+00:00,delete,2801:1e:1801::/48,3970,48
2022-06-02 01:32:22+00:00,create,2801:1e:1801::/48,3970,48
2022-06-02 03:01:21+00:00,create,201.219.253.0/24,3970,24
2022-06-02 12:45:56+00:00,delete,201.219.253.0/24,3970,24
2022-06-02 15:47:36+00:00,delete,2801:1e:1801::/48,3970,48
2022-06-03 04:47:27+00:00,create,201.219.253.0/24,3970,24
2022-06-03 05:44:25+00:00,create,2801:1e:1801::/48,3970,48
2022-06-03 12:09:20+00:00,delete,2801:1e:1801::/48,3970,48
2022-06-03 13:39:11+00:00,delete,201.219.253.0/24,3970,24
2022-06-04 01:03:19+00:00,create,201.219.253.0/24,3970,24
2022-06-04 04:53:21+00:00,create,2801:1e:1801::/48,3970,48
2022-06-04 12:08:33+00:00,delete,2801:1e:1801::/48,3970,48
2022-06-04 14:00:48+00:00,delete,201.219.253.0/24,3970,24
2022-06-05 02:31:34+00:00,create,2801:1e:1801::/48,3970,48
2022-06-05 05:37:13+00:00,create,201.219.253.0/24,3970,24
2022-06-05 13:34:02+00:00,delete,201.219.253.0/24,3970,24
2022-06-05 17:48:19+00:00,delete,2801:1e:1801::/48,3970,48
2022-06-06 05:03:22+00:00,create,201.219.253.0/24,3970,24
2022-06-06 05:31:34+00:00,create,2801:1e:1801::/48,3970,48
2022-06-06 14:56:27+00:00,delete,2801:1e:1801::/48,3970,48
2022-06-06 15:24:43+00:00,delete,201.219.253.0/24,3970,24
2022-06-07 02:27:44+00:00,create,201.219.253.0/24,3970,24
2022-06-07 04:52:47+00:00,create,2801:1e:1801::/48,3970,48
2022-06-07 12:59:21+00:00,delete,201.219.253.0/24,3970,24
2022-06-07 14:42:33+00:00,delete,2801:1e:1801::/48,3970,48
2022-06-08 03:54:55+00:00,create,201.219.253.0/24,3970,24
2022-06-08 05:21:53+00:00,create,2801:1e:1801::/48,3970,48
2022-06-08 12:33:44+00:00,delete,201.219.253.0/24,3970,24
2022-06-08 17:24:35+00:00,delete,2801:1e:1801::/48,3970,48
2022-06-09 01:43:04+00:00,create,201.219.253.0/24,3970,24
2022-06-09 04:34:01+00:00,create,2801:1e:1801::/48,3970,48
2022-06-09 12:58:25+00:00,delete,201.219.253.0/24,3970,24
2022-06-09 16:19:30+00:00,delete,2801:1e:1801::/48,3970,48
2022-06-10 02:13:39+00:00,create,2801:1e:1801::/48,3970,48
2022-06-10 05:18:57+00:00,create,201.219.253.0/24,3970,24
2022-06-10 12:07:14+00:00,delete,201.219.253.0/24,3970,24
2022-06-10 13:22:02+00:00,delete,2801:1e:1801::/48,3970,48
2022-06-11 01:34:17+00:00,create,201.219.253.0/24,3970,24
2022-06-11 03:16:08+00:00,create,2801:1e:1801::/48,3970,48
2022-06-11 12:34:40+00:00,delete,201.219.253.0/24,3970,24
2022-06-11 17:46:15+00:00,delete,2801:1e:1801::/48,3970,48
2022-06-12 00:28:03+00:00,create,2801:1e:1801::/48,3970,48
2022-06-12 02:38:26+00:00,create,201.219.253.0/24,3970,24
2022-06-12 12:00:45+00:00,delete,201.219.253.0/24,3970,24
2022-06-12 14:44:14+00:00,delete,2801:1e:1801::/48,3970,48
2022-06-13 02:17:48+00:00,create,201.219.253.0/24,3970,24
2022-06-13 05:24:54+00:00,create,2801:1e:1801::/48,3970,48
2022-06-13 14:14:42+00:00,delete,2801:1e:1801::/48,3970,48
2022-06-13 15:45:54+00:00,delete,201.219.253.0/24,3970,24
2022-06-14 04:59:18+00:00,create,201.219.253.0/24,3970,24
2022-06-14 04:59:27+00:00,create,2801:1e:1801::/48,3970,48
2022-06-14 12:05:21+00:00,delete,2801:1e:1801::/48,3970,48
2022-06-14 15:27:25+00:00,delete,201.219.253.0/24,3970,24
2022-06-15 01:25:21+00:00,create,201.219.253.0/24,3970,24
2022-06-15 03:58:50+00:00,create,2801:1e:1801::/48,3970,48
2022-06-15 14:08:02+00:00,delete,201.219.253.0/24,3970,24
2022-06-15 16:20:15+00:00,delete,2801:1e:1801::/48,3970,48
2022-06-16 00:21:25+00:00,create,201.219.253.0/24,3970,24
2022-06-16 05:10:54+00:00,create,2801:1e:1801::/48,3970,48
2022-06-16 13:20:06+00:00,delete,201.219.253.0/24,3970,24
2022-06-16 14:45:29+00:00,delete,2801:1e:1801::/48,3970,48
2022-06-17 00:41:15+00:00,create,2801:1e:1801::/48,3970,48
2022-06-17 01:13:22+00:00,create,201.219.253.0/24,3970,24
2022-06-17 13:06:26+00:00,delete,201.219.253.0/24,3970,24
2022-06-17 17:56:30+00:00,delete,2801:1e:1801::/48,3970,48
2022-06-18 01:38:21+00:00,create,201.219.253.0/24,3970,24
2022-06-18 05:52:32+00:00,create,2801:1e:1801::/48,3970,48
2022-06-18 15:03:38+00:00,delete,201.219.253.0/24,3970,24
2022-06-18 15:17:59+00:00,delete,2801:1e:1801::/48,3970,48
2022-06-19 01:26:48+00:00,create,2801:1e:1801::/48,3970,48
2022-06-19 03:27:34+00:00,create,201.219.253.0/24,3970,24
2022-06-19 12:58:41+00:00,delete,2801:1e:1801::/48,3970,48
2022-06-19 13:07:23+00:00,delete,201.219.253.0/24,3970,24
2022-06-20 01:07:47+00:00,create,201.219.253.0/24,3970,24
2022-06-20 03:08:03+00:00,create,2801:1e:1801::/48,3970,48
2022-06-20 12:03:48+00:00,delete,2801:1e:1801::/48,3970,48
2022-06-20 13:54:34+00:00,delete,201.219.253.0/24,3970,24
2022-06-21 03:59:54+00:00,create,2801:1e:1801::/48,3970,48
2022-06-21 05:55:34+00:00,create,201.219.253.0/24,3970,24
2022-06-21 16:25:53+00:00,delete,201.219.253.0/24,3970,24
2022-06-21 17:58:54+00:00,delete,2801:1e:1801::/48,3970,48
2022-06-22 00:06:24+00:00,create,2801:1e:1801::/48,3970,48
2022-06-22 03:13:46+00:00,create,201.219.253.0/24,3970,24
2022-06-22 14:32:32+00:00,delete,201.219.253.0/24,3970,24
2022-06-22 16:22:17+00:00,delete,2801:1e:1801::/48,3970,48
2022-06-23 01:49:39+00:00,create,201.219.253.0/24,3970,24
2022-06-23 02:19:00+00:00,create,2801:1e:1801::/48,3970,48
2022-06-23 16:10:03+00:00,delete,2801:1e:1801::/48,3970,48
2022-06-23 16:34:00+00:00,delete,201.219.253.0/24,3970,24
2022-06-24 00:19:59+00:00,create,2801:1e:1801::/48,3970,48
2022-06-24 02:46:43+00:00,create,201.219.253.0/24,3970,24
2022-06-24 15:33:38+00:00,delete,201.219.253.0/24,3970,24
2022-06-24 16:45:39+00:00,delete,2801:1e:1801::/48,3970,48
2022-06-25 00:00:43+00:00,create,2801:1e:1801::/48,3970,48
2022-06-25 02:03:08+00:00,create,201.219.253.0/24,3970,24
2022-06-25 13:37:54+00:00,delete,201.219.253.0/24,3970,24
2022-06-25 15:56:20+00:00,delete,2801:1e:1801::/48,3970,48
2022-06-26 00:07:07+00:00,create,201.219.253.0/24,3970,24
2022-06-26 02:42:26+00:00,create,2801:1e:1801::/48,3970,48
2022-06-26 13:02:49+00:00,delete,201.219.253.0/24,3970,24
2022-06-26 14:39:38+00:00,delete,2801:1e:1801::/48,3970,48
2022-06-27 00:55:19+00:00,create,2801:1e:1801::/48,3970,48
2022-06-27 03:12:09+00:00,create,201.219.253.0/24,3970,24
2022-06-27 13:27:15+00:00,delete,2801:1e:1801::/48,3970,48
2022-06-27 13:50:37+00:00,delete,201.219.253.0/24,3970,24
2022-06-28 00:14:55+00:00,create,201.219.253.0/24,3970,24
2022-06-28 01:20:29+00:00,create,2801:1e:1801::/48,3970,48
2022-06-28 13:47:51+00:00,delete,201.219.253.0/24,3970,24
2022-06-28 15:30:35+00:00,delete,2801:1e:1801::/48,3970,48
2022-06-29 00:05:52+00:00,create,201.219.253.0/24,3970,24
2022-06-29 01:01:32+00:00,create,2801:1e:1801::/48,3970,48
2022-06-29 16:43:46+00:00,delete,201.219.253.0/24,3970,24
2022-06-29 17:45:44+00:00,delete,2801:1e:1801::/48,3970,48
2022-06-30 00:02:30+00:00,create,2801:1e:1801::/48,3970,48
2022-06-30 04:42:00+00:00,create,201.219.253.0/24,3970,24
2022-06-30 12:39:32+00:00,delete,201.219.253.0/24,3970,24
2022-06-30 14:35:44+00:00,delete,2801:1e:1801::/48,3970,48
2022-07-01 00:37:27+00:00,create,201.219.253.0/24,3970,24
2022-07-01 00:42:24+00:00,create,2801:1e:1801::/48,3970,48
2022-07-01 13:49:09+00:00,delete,201.219.253.0/24,3970,24
2022-07-01 17:21:55+00:00,delete,2801:1e:1801::/48,3970,48
2022-07-02 00:20:54+00:00,create,201.219.253.0/24,3970,24
2022-07-02 05:35:44+00:00,create,2801:1e:1801::/48,3970,48
2022-07-02 15:00:37+00:00,delete,2801:1e:1801::/48,3970,48
2022-07-02 15:43:57+00:00,delete,201.219.253.0/24,3970,24
2022-07-03 00:26:09+00:00,create,201.219.253.0/24,3970,24
2022-07-03 00:41:26+00:00,create,2801:1e:1801::/48,3970,48
2022-07-03 14:59:32+00:00,delete,2801:1e:1801::/48,3970,48
2022-07-03 17:53:44+00:00,delete,201.219.253.0/24,3970,24
2022-07-04 03:44:57+00:00,create,201.219.253.0/24,3970,24
2022-07-04 05:18:20+00:00,create,2801:1e:1801::/48,3970,48
2022-07-04 14:53:39+00:00,delete,2801:1e:1801::/48,3970,48
2022-07-04 15:38:54+00:00,delete,201.219.253.0/24,3970,24
2022-07-05 03:12:27+00:00,create,201.219.253.0/24,3970,24
2022-07-05 04:18:04+00:00,create,2801:1e:1801::/48,3970,48
2022-07-05 14:43:23+00:00,delete,2801:1e:1801::/48,3970,48
2022-07-05 17:44:50+00:00,delete,201.219.253.0/24,3970,24
2022-07-06 01:35:42+00:00,create,2801:1e:1801::/48,3970,48
2022-07-06 04:09:35+00:00,create,201.219.253.0/24,3970,24
2022-07-06 12:42:19+00:00,delete,2801:1e:1801::/48,3970,48
2022-07-06 16:45:10+00:00,delete,201.219.253.0/24,3970,24
2022-07-07 01:16:58+00:00,create,201.219.253.0/24,3970,24
2022-07-07 01:44:50+00:00,create,2801:1e:1801::/48,3970,48
2022-07-07 15:36:18+00:00,delete,201.219.253.0/24,3970,24
2022-07-07 15:36:49+00:00,delete,2801:1e:1801::/48,3970,48
2022-07-08 05:16:29+00:00,create,2801:1e:1801::/48,3970,48
2022-07-08 05:42:09+00:00,create,201.219.253.0/24,3970,24
2022-07-08 16:09:29+00:00,delete,2801:1e:1801::/48,3970,48
2022-07-08 17:55:25+00:00,delete,201.219.253.0/24,3970,24
2022-07-09 02:39:21+00:00,create,201.219.253.0/24,3970,24
2022-07-09 03:42:33+00:00,create,2801:1e:1801::/48,3970,48
2022-07-09 12:50:25+00:00,delete,2801:1e:1801::/48,3970,48
2022-07-09 16:08:56+00:00,delete,201.219.253.0/24,3970,24
2022-07-10 01:20:30+00:00,create,2801:1e:1801::/48,3970,48
2022-07-10 04:29:06+00:00,create,201.219.253.0/24,3970,24
2022-07-10 16:01:43+00:00,delete,2801:1e:1801::/48,3970,48
2022-07-10 17:13:08+00:00,delete,201.219.253.0/24,3970,24
2022-07-11 00:26:03+00:00,create,201.219.253.0/24,3970,24
2022-07-11 13:24:46+00:00,delete,201.219.253.0/24,3970,24
2022-07-12 00:53:25+00:00,create,201.219.253.0/24,3970,24
2022-07-12 00:53:51+00:00,create,2801:1e:1801::/48,3970,48
2022-07-12 13:19:46+00:00,delete,201.219.253.0/24,3970,24
2022-07-12 15:51:01+00:00,delete,2801:1e:1801::/48,3970,48
2022-07-13 01:27:02+00:00,create,201.219.253.0/24,3970,24
2022-07-13 03:00:25+00:00,create,2801:1e:1801::/48,3970,48
2022-07-13 12:30:23+00:00,delete,2801:1e:1801::/48,3970,48
2022-07-13 14:55:47+00:00,delete,201.219.253.0/24,3970,24
2022-07-14 03:55:31+00:00,create,201.219.253.0/24,3970,24
2022-07-14 05:58:46+00:00,create,2801:1e:1801::/48,3970,48
2022-07-14 14:44:43+00:00,delete,201.219.253.0/24,3970,24
2022-07-14 17:24:34+00:00,delete,2801:1e:1801::/48,3970,48
2022-07-15 00:01:04+00:00,create,201.219.253.0/24,3970,24
2022-07-15 04:23:53+00:00,create,2801:1e:1801::/48,3970,48
2022-07-15 13:22:17+00:00,delete,2801:1e:1801::/48,3970,48
2022-07-15 16:54:48+00:00,delete,201.219.253.0/24,3970,24
2022-07-16 04:00:11+00:00,create,201.219.253.0/24,3970,24
2022-07-16 05:36:33+00:00,create,2801:1e:1801::/48,3970,48
2022-07-16 13:56:23+00:00,delete,201.219.253.0/24,3970,24
2022-07-16 15:42:56+00:00,delete,2801:1e:1801::/48,3970,48
2022-07-17 00:52:38+00:00,create,2801:1e:1801::/48,3970,48
2022-07-17 01:06:14+00:00,create,201.219.253.0/24,3970,24
2022-07-17 15:23:11+00:00,delete,2801:1e:1801::/48,3970,48
2022-07-17 17:25:35+00:00,delete,201.219.253.0/24,3970,24
2022-07-18 03:50:48+00:00,create,2801:1e:1801::/48,3970,48
2022-07-18 04:50:49+00:00,create,201.219.253.0/24,3970,24
2022-07-18 13:25:03+00:00,delete,2801:1e:1801::/48,3970,48
2022-07-18 14:52:47+00:00,delete,201.219.253.0/24,3970,24
2022-07-19 02:04:54+00:00,create,201.219.253.0/24,3970,24
2022-07-19 04:50:01+00:00,create,2801:1e:1801::/48,3970,48
2022-07-19 13:14:55+00:00,delete,201.219.253.0/24,3970,24
2022-07-19 15:35:11+00:00,delete,2801:1e:1801::/48,3970,48
2022-07-20 01:12:09+00:00,create,201.219.253.0/24,3970,24
2022-07-20 03:40:07+00:00,create,2801:1e:1801::/48,3970,48
2022-07-20 13:20:44+00:00,delete,2801:1e:1801::/48,3970,48
2022-07-20 17:06:26+00:00,delete,201.219.253.0/24,3970,24
2022-07-21 00:04:25+00:00,create,201.219.253.0/24,3970,24
2022-07-21 04:39:42+00:00,create,2801:1e:1801::/48,3970,48
2022-07-21 13:28:13+00:00,delete,201.219.253.0/24,3970,24
2022-07-21 17:06:02+00:00,delete,2801:1e:1801::/48,3970,48
2022-07-22 00:01:17+00:00,create,2801:1e:1801::/48,3970,48
2022-07-22 02:07:29+00:00,create,201.219.253.0/24,3970,24
2022-07-22 12:46:11+00:00,delete,2801:1e:1801::/48,3970,48
2022-07-22 17:56:44+00:00,delete,201.219.253.0/24,3970,24
2022-07-23 02:47:19+00:00,create,2801:1e:1801::/48,3970,48
2022-07-23 03:11:22+00:00,create,201.219.253.0/24,3970,24
2022-07-23 15:46:52+00:00,delete,2801:1e:1801::/48,3970,48
2022-07-23 15:51:56+00:00,delete,201.219.253.0/24,3970,24
2022-07-24 00:06:37+00:00,create,201.219.253.0/24,3970,24
2022-07-24 03:10:01+00:00,create,2801:1e:1801::/48,3970,48
2022-07-24 15:36:40+00:00,delete,2801:1e:1801::/48,3970,48
2022-07-24 16:23:10+00:00,delete,201.219.253.0/24,3970,24
2022-07-25 00:07:57+00:00,create,201.219.253.0/24,3970,24
2022-07-25 03:50:09+00:00,create,2801:1e:1801::/48,3970,48
2022-07-25 12:22:16+00:00,delete,2801:1e:1801::/48,3970,48
2022-07-25 16:24:37+00:00,delete,201.219.253.0/24,3970,24
2022-07-26 01:51:01+00:00,create,201.219.253.0/24,3970,24
2022-07-26 05:33:21+00:00,create,2801:1e:1801::/48,3970,48
2022-07-26 12:34:40+00:00,delete,2801:1e:1801::/48,3970,48
2022-07-26 16:30:08+00:00,delete,201.219.253.0/24,3970,24
2022-07-27 00:18:25+00:00,create,201.219.253.0/24,3970,24
2022-07-27 03:23:25+00:00,create,2801:1e:1801::/48,3970,48
2022-07-27 12:24:24+00:00,delete,201.219.253.0/24,3970,24
2022-07-27 16:02:10+00:00,delete,2801:1e:1801::/48,3970,48
2022-07-28 00:58:54+00:00,create,2801:1e:1801::/48,3970,48
2022-07-28 02:39:05+00:00,create,201.219.253.0/24,3970,24
2022-07-28 13:14:23+00:00,delete,201.219.253.0/24,3970,24
2022-07-28 14:03:07+00:00,delete,2801:1e:1801::/48,3970,48
2022-07-29 01:58:22+00:00,create,2801:1e:1801::/48,3970,48
2022-07-29 01:59:46+00:00,create,201.219.253.0/24,3970,24
2022-07-29 12:45:24+00:00,delete,201.219.253.0/24,3970,24
2022-07-29 16:21:18+00:00,delete,2801:1e:1801::/48,3970,48
2022-07-30 00:12:24+00:00,create,2801:1e:1801::/48,3970,48
2022-07-30 05:18:52+00:00,create,201.219.253.0/24,3970,24
2022-07-30 13:09:26+00:00,delete,2801:1e:1801::/48,3970,48
2022-07-30 15:49:33+00:00,delete,201.219.253.0/24,3970,24
2022-07-31 02:56:52+00:00,create,2801:1e:1801::/48,3970,48
2022-07-31 05:51:18+00:00,create,201.219.253.0/24,3970,24
2022-07-31 12:47:18+00:00,delete,2801:1e:1801::/48,3970,48
2022-07-31 17:01:23+00:00,delete,201.219.253.0/24,3970,24
2022-08-01 00:02:16+00:00,create,201.219.253.0/24,3970,24
2022-08-01 04:43:16+00:00,create,2801:1e:1801::/48,3970,48
2022-08-01 13:18:46+00:00,delete,201.219.253.0/24,3970,24
2022-08-01 15:54:59+00:00,delete,2801:1e:1801::/48,3970,48
2022-08-02 00:09:31+00:00,create,2801:1e:1801::/48,3970,48
2022-08-02 00:37:32+00:00,create,201.219.253.0/24,3970,24
2022-08-02 13:44:24+00:00,delete,201.219.253.0/24,3970,24
2022-08-02 17:57:45+00:00,delete,2801:1e:1801::/48,3970,48
2022-08-03 00:21:53+00:00,create,2801:1e:1801::/48,3970,48
2022-08-03 04:56:19+00:00,create,201.219.253.0/24,3970,24
2022-08-03 13:07:44+00:00,delete,201.219.253.0/24,3970,24
2022-08-03 14:28:52+00:00,delete,2801:1e:1801::/48,3970,48
2022-08-04 02:20:06+00:00,create,201.219.253.0/24,3970,24
2022-08-04 02:45:56+00:00,create,2801:1e:1801::/48,3970,48
2022-08-04 12:35:16+00:00,delete,2801:1e:1801::/48,3970,48
2022-08-04 15:58:10+00:00,delete,201.219.253.0/24,3970,24
2022-08-05 03:20:39+00:00,create,2801:1e:1801::/48,3970,48
2022-08-05 04:12:34+00:00,create,201.219.253.0/24,3970,24
2022-08-05 12:25:43+00:00,delete,201.219.253.0/24,3970,24
2022-08-05 17:42:04+00:00,delete,2801:1e:1801::/48,3970,48
2022-08-06 00:59:45+00:00,create,201.219.253.0/24,3970,24
2022-08-06 05:52:09+00:00,create,2801:1e:1801::/48,3970,48
2022-08-06 12:40:08+00:00,delete,2801:1e:1801::/48,3970,48
2022-08-06 16:25:16+00:00,delete,201.219.253.0/24,3970,24
2022-08-07 02:50:35+00:00,create,2801:1e:1801::/48,3970,48
2022-08-07 03:08:50+00:00,create,201.219.253.0/24,3970,24
2022-08-07 12:38:11+00:00,delete,201.219.253.0/24,3970,24
2022-08-07 15:58:45+00:00,delete,2801:1e:1801::/48,3970,48
2022-08-08 00:02:38+00:00,create,2801:1e:1801::/48,3970,48
2022-08-08 05:41:55+00:00,create,201.219.253.0/24,3970,24
2022-08-08 14:23:40+00:00,delete,2801:1e:1801::/48,3970,48
2022-08-08 16:25:39+00:00,delete,201.219.253.0/24,3970,24
2022-08-09 00:08:18+00:00,create,201.219.253.0/24,3970,24
2022-08-09 00:19:48+00:00,create,2801:1e:1801::/48,3970,48
2022-08-09 15:16:58+00:00,delete,201.219.253.0/24,3970,24
2022-08-09 17:50:17+00:00,delete,2801:1e:1801::/48,3970,48
2022-08-10 01:54:57+00:00,create,2801:1e:1801::/48,3970,48
2022-08-10 05:11:47+00:00,create,201.219.253.0/24,3970,24
2022-08-10 15:00:46+00:00,delete,201.219.253.0/24,3970,24
2022-08-10 15:17:03+00:00,delete,2801:1e:1801::/48,3970,48
2022-08-11 01:05:20+00:00,create,2801:1e:1801::/48,3970,48
2022-08-11 02:01:24+00:00,create,201.219.253.0/24,3970,24
2022-08-11 14:28:52+00:00,delete,201.219.253.0/24,3970,24
2022-08-11 14:59:43+00:00,delete,2801:1e:1801::/48,3970,48
2022-08-12 03:56:30+00:00,create,2801:1e:1801::/48,3970,48
2022-08-12 05:36:20+00:00,create,201.219.253.0/24,3970,24
2022-08-12 13:25:51+00:00,delete,2801:1e:1801::/48,3970,48
2022-08-12 16:30:36+00:00,delete,201.219.253.0/24,3970,24
2022-08-13 05:04:26+00:00,create,2801:1e:1801::/48,3970,48
2022-08-13 05:28:17+00:00,create,201.219.253.0/24,3970,24
2022-08-13 14:58:58+00:00,delete,2801:1e:1801::/48,3970,48
2022-08-13 16:59:15+00:00,delete,201.219.253.0/24,3970,24
2022-08-14 00:01:04+00:00,create,201.219.253.0/24,3970,24
2022-08-14 01:16:06+00:00,create,2801:1e:1801::/48,3970,48
2022-08-14 12:19:49+00:00,delete,201.219.253.0/24,3970,24
2022-08-14 15:33:17+00:00,delete,2801:1e:1801::/48,3970,48
2022-08-15 00:36:38+00:00,create,2801:1e:1801::/48,3970,48
2022-08-15 01:35:04+00:00,create,201.219.253.0/24,3970,24
2022-08-15 12:48:11+00:00,delete,2801:1e:1801::/48,3970,48
2022-08-15 15:32:56+00:00,delete,201.219.253.0/24,3970,24
2022-08-16 01:26:52+00:00,create,2801:1e:1801::/48,3970,48
2022-08-16 02:22:00+00:00,create,201.219.253.0/24,3970,24
2022-08-16 12:28:28+00:00,delete,201.219.253.0/24,3970,24
2022-08-16 15:08:11+00:00,delete,2801:1e:1801::/48,3970,48
2022-08-17 00:08:24+00:00,create,201.219.253.0/24,3970,24
2022-08-17 00:20:53+00:00,create,2801:1e:1801::/48,3970,48
2022-08-17 12:42:48+00:00,delete,2801:1e:1801::/48,3970,48
2022-08-17 17:48:25+00:00,delete,201.219.253.0/24,3970,24
2022-08-18 02:57:52+00:00,create,201.219.253.0/24,3970,24
2022-08-18 04:57:28+00:00,create,2801:1e:1801::/48,3970,48
2022-08-18 14:30:36+00:00,delete,2801:1e:1801::/48,3970,48
2022-08-18 14:35:16+00:00,delete,201.219.253.0/24,3970,24
2022-08-19 00:11:31+00:00,create,201.219.253.0/24,3970,24
2022-08-19 05:10:40+00:00,create,2801:1e:1801::/48,3970,48
2022-08-19 12:56:21+00:00,delete,201.219.253.0/24,3970,24
2022-08-19 16:51:37+00:00,delete,2801:1e:1801::/48,3970,48
2022-08-20 03:21:30+00:00,create,2801:1e:1801::/48,3970,48
2022-08-20 03:29:08+00:00,create,201.219.253.0/24,3970,24
2022-08-20 13:50:59+00:00,delete,201.219.253.0/24,3970,24
2022-08-20 16:10:37+00:00,delete,2801:1e:1801::/48,3970,48
2022-08-21 00:39:40+00:00,create,201.219.253.0/24,3970,24
2022-08-21 04:13:22+00:00,create,2801:1e:1801::/48,3970,48
2022-08-21 13:54:35+00:00,delete,201.219.253.0/24,3970,24
2022-08-21 14:00:27+00:00,delete,2801:1e:1801::/48,3970,48
2022-08-22 00:40:01+00:00,create,201.219.253.0/24,3970,24
2022-08-22 05:09:04+00:00,create,2801:1e:1801::/48,3970,48
2022-08-22 14:39:19+00:00,delete,201.219.253.0/24,3970,24
2022-08-22 15:30:34+00:00,delete,2801:1e:1801::/48,3970,48
2022-08-23 02:48:39+00:00,create,2801:1e:1801::/48,3970,48
2022-08-23 02:59:44+00:00,create,201.219.253.0/24,3970,24
2022-08-23 14:17:22+00:00,delete,201.219.253.0/24,3970,24
2022-08-23 17:07:55+00:00,delete,2801:1e:1801::/48,3970,48
2022-08-24 00:50:08+00:00,create,2801:1e:1801::/48,3970,48
2022-08-24 03:25:37+00:00,create,201.219.253.0/24,3970,24
2022-08-24 13:16:02+00:00,delete,201.219.253.0/24,3970,24
2022-08-24 17:02:52+00:00,delete,2801:1e:1801::/48,3970,48
2022-08-25 01:11:05+00:00,create,2801:1e:1801::/48,3970,48
2022-08-25 05:11:48+00:00,create,201.219.253.0/24,3970,24
2022-08-25 15:18:10+00:00,delete,201.219.253.0/24,3970,24
2022-08-25 16:31:47+00:00,delete,2801:1e:1801::/48,3970,48
2022-08-26 00:18:03+00:00,create,2801:1e:1801::/48,3970,48
2022-08-26 05:01:37+00:00,create,201.219.253.0/24,3970,24
2022-08-26 15:05:48+00:00,delete,201.219.253.0/24,3970,24
2022-08-26 16:52:30+00:00,delete,2801:1e:1801::/48,3970,48
2022-08-27 02:27:56+00:00,create,201.219.253.0/24,3970,24
2022-08-27 02:56:39+00:00,create,2801:1e:1801::/48,3970,48
2022-08-27 13:40:33+00:00,delete,201.219.253.0/24,3970,24
2022-08-27 17:32:28+00:00,delete,2801:1e:1801::/48,3970,48
2022-08-28 00:09:22+00:00,create,201.219.253.0/24,3970,24
2022-08-28 00:16:56+00:00,create,2801:1e:1801::/48,3970,48
2022-08-28 14:16:51+00:00,delete,2801:1e:1801::/48,3970,48
2022-08-28 17:44:17+00:00,delete,201.219.253.0/24,3970,24
2022-08-29 03:46:48+00:00,create,2801:1e:1801::/48,3970,48
2022-08-29 05:43:45+00:00,create,201.219.253.0/24,3970,24
2022-08-29 16:59:16+00:00,delete,2801:1e:1801::/48,3970,48
2022-08-29 17:10:44+00:00,delete,201.219.253.0/24,3970,24
2022-08-30 01:36:53+00:00,create,2801:1e:1801::/48,3970,48
2022-08-30 05:24:09+00:00,create,201.219.253.0/24,3970,24
2022-08-30 16:33:24+00:00,delete,201.219.253.0/24,3970,24
2022-08-30 16:53:55+00:00,delete,2801:1e:1801::/48,3970,48
2022-08-31 02:46:59+00:00,create,2801:1e:1801::/48,3970,48
2022-08-31 04:33:58+00:00,create,201.219.253.0/24,3970,24
2022-08-31 14:06:54+00:00,delete,2801:1e:1801::/48,3970,48
2022-08-31 16:26:53+00:00,delete,201.219.253.0/24,3970,24
2022-09-01 02:20:39+00:00,create,201.219.253.0/24,3970,24
2022-09-01 03:46:39+00:00,create,2801:1e:1801::/48,3970,48
2022-09-01 12:38:35+00:00,delete,201.219.253.0/24,3970,24
2022-09-01 13:53:10+00:00,delete,2801:1e:1801::/48,3970,48
2022-09-02 01:26:31+00:00,create,2801:1e:1801::/48,3970,48
2022-09-02 02:10:19+00:00,create,201.219.253.0/24,3970,24
2022-09-02 13:24:39+00:00,delete,201.219.253.0/24,3970,24
2022-09-02 13:35:32+00:00,delete,2801:1e:1801::/48,3970,48
2022-09-03 02:56:14+00:00,create,201.219.253.0/24,3970,24
2022-09-03 05:51:07+00:00,create,2801:1e:1801::/48,3970,48
2022-09-03 14:02:44+00:00,delete,201.219.253.0/24,3970,24
2022-09-03 17:05:03+00:00,delete,2801:1e:1801::/48,3970,48
2022-09-04 01:29:45+00:00,create,2801:1e:1801::/48,3970,48
2022-09-04 03:13:50+00:00,create,201.219.253.0/24,3970,24
2022-09-04 12:46:29+00:00,delete,2801:1e:1801::/48,3970,48
2022-09-04 16:18:09+00:00,delete,201.219.253.0/24,3970,24
2022-09-05 01:15:24+00:00,create,201.219.253.0/24,3970,24
2022-09-05 03:58:06+00:00,create,2801:1e:1801::/48,3970,48
2022-09-05 12:46:24+00:00,delete,2801:1e:1801::/48,3970,48
2022-09-05 15:26:31+00:00,delete,201.219.253.0/24,3970,24
2022-09-06 00:14:30+00:00,create,201.219.253.0/24,3970,24
2022-09-06 00:20:33+00:00,create,2801:1e:1801::/48,3970,48
2022-09-06 14:14:23+00:00,delete,201.219.253.0/24,3970,24
2022-09-06 16:43:29+00:00,delete,2801:1e:1801::/48,3970,48
2022-09-07 01:42:54+00:00,create,201.219.253.0/24,3970,24
2022-09-07 17:38:50+00:00,delete,201.219.253.0/24,3970,24
2022-09-08 02:08:44+00:00,create,201.219.253.0/24,3970,24
2022-09-08 05:26:40+00:00,create,2801:1e:1801::/48,3970,48
2022-09-08 14:33:55+00:00,delete,2801:1e:1801::/48,3970,48
2022-09-08 16:27:13+00:00,delete,201.219.253.0/24,3970,24
2022-09-09 04:07:30+00:00,create,201.219.253.0/24,3970,24
2022-09-09 04:08:48+00:00,create,2801:1e:1801::/48,3970,48
2022-09-09 14:13:25+00:00,delete,2801:1e:1801::/48,3970,48
2022-09-10 01:58:48+00:00,create,2801:1e:1801::/48,3970,48
2022-09-10 02:51:37+00:00,create,201.219.253.0/24,3970,24
2022-09-10 15:15:59+00:00,delete,201.219.253.0/24,3970,24
2022-09-10 15:16:00+00:00,delete,201.219.253.0/24,3970,24
2022-09-10 16:26:05+00:00,delete,2801:1e:1801::/48,3970,48
2022-09-11 02:16:57+00:00,create,201.219.253.0/24,3970,24
2022-09-11 04:18:04+00:00,create,2801:1e:1801::/48,3970,48
2022-09-11 15:36:59+00:00,delete,2801:1e:1801::/48,3970,48
2022-09-11 17:52:16+00:00,delete,201.219.253.0/24,3970,24
2022-09-12 01:12:38+00:00,create,201.219.253.0/24,3970,24
2022-09-12 02:16:54+00:00,create,2801:1e:1801::/48,3970,48
2022-09-12 12:08:04+00:00,delete,201.219.253.0/24,3970,24
2022-09-12 13:03:19+00:00,delete,2801:1e:1801::/48,3970,48
2022-09-13 00:42:27+00:00,create,201.219.253.0/24,3970,24
2022-09-13 04:44:27+00:00,create,2801:1e:1801::/48,3970,48
2022-09-13 12:29:17+00:00,delete,2801:1e:1801::/48,3970,48
2022-09-13 13:54:19+00:00,delete,201.219.253.0/24,3970,24
2022-09-14 00:19:50+00:00,create,201.219.253.0/24,3970,24
2022-09-14 05:01:03+00:00,create,2801:1e:1801::/48,3970,48
2022-09-14 17:01:04+00:00,delete,201.219.253.0/24,3970,24
2022-09-14 17:35:58+00:00,delete,2801:1e:1801::/48,3970,48
2022-09-15 01:04:42+00:00,create,2801:1e:1801::/48,3970,48
2022-09-15 03:09:02+00:00,create,201.219.253.0/24,3970,24
2022-09-15 12:41:11+00:00,delete,201.219.253.0/24,3970,24
2022-09-15 17:06:28+00:00,delete,2801:1e:1801::/48,3970,48
2022-09-16 00:09:55+00:00,create,2801:1e:1801::/48,3970,48
2022-09-16 04:50:18+00:00,create,201.219.253.0/24,3970,24
2022-09-16 13:00:53+00:00,delete,201.219.253.0/24,3970,24
2022-09-16 16:45:06+00:00,delete,2801:1e:1801::/48,3970,48
2022-09-17 00:07:52+00:00,create,201.219.253.0/24,3970,24
2022-09-17 04:54:44+00:00,create,2801:1e:1801::/48,3970,48
2022-09-17 14:46:31+00:00,delete,201.219.253.0/24,3970,24
2022-09-17 16:38:19+00:00,delete,2801:1e:1801::/48,3970,48
2022-09-18 00:04:58+00:00,create,201.219.253.0/24,3970,24
2022-09-18 00:55:58+00:00,create,2801:1e:1801::/48,3970,48
2022-09-18 13:10:46+00:00,delete,201.219.253.0/24,3970,24
2022-09-18 17:11:50+00:00,delete,2801:1e:1801::/48,3970,48
2022-09-19 00:19:06+00:00,create,201.219.253.0/24,3970,24
2022-09-19 01:43:36+00:00,create,2801:1e:1801::/48,3970,48
2022-09-19 16:32:18+00:00,delete,2801:1e:1801::/48,3970,48
2022-09-19 16:51:44+00:00,delete,201.219.253.0/24,3970,24
2022-09-20 00:02:22+00:00,create,201.219.253.0/24,3970,24
2022-09-20 01:12:31+00:00,create,2801:1e:1801::/48,3970,48
2022-09-20 16:15:53+00:00,delete,2801:1e:1801::/48,3970,48
2022-09-20 17:18:17+00:00,delete,201.219.253.0/24,3970,24
2022-09-21 00:25:28+00:00,create,201.219.253.0/24,3970,24
2022-09-21 02:31:55+00:00,create,2801:1e:1801::/48,3970,48
2022-09-21 12:10:06+00:00,delete,201.219.253.0/24,3970,24
2022-09-21 13:28:00+00:00,delete,2801:1e:1801::/48,3970,48
2022-09-22 00:23:11+00:00,create,2801:1e:1801::/48,3970,48
2022-09-22 04:34:15+00:00,create,201.219.253.0/24,3970,24
2022-09-22 14:11:25+00:00,delete,201.219.253.0/24,3970,24
2022-09-22 16:25:02+00:00,delete,2801:1e:1801::/48,3970,48
2022-09-23 01:30:01+00:00,create,2801:1e:1801::/48,3970,48
2022-09-23 05:46:27+00:00,create,201.219.253.0/24,3970,24
2022-09-23 15:26:27+00:00,delete,2801:1e:1801::/48,3970,48
2022-09-23 17:09:26+00:00,delete,201.219.253.0/24,3970,24
2022-09-24 00:19:57+00:00,create,201.219.253.0/24,3970,24
2022-09-24 00:30:18+00:00,create,2801:1e:1801::/48,3970,48
2022-09-24 13:10:06+00:00,delete,2801:1e:1801::/48,3970,48
2022-09-24 17:35:43+00:00,delete,201.219.253.0/24,3970,24
2022-09-25 03:31:12+00:00,create,2801:1e:1801::/48,3970,48
2022-09-25 04:16:14+00:00,create,201.219.253.0/24,3970,24
2022-09-25 12:04:24+00:00,delete,201.219.253.0/24,3970,24
2022-09-25 17:11:39+00:00,delete,2801:1e:1801::/48,3970,48
2022-09-26 01:09:58+00:00,create,2801:1e:1801::/48,3970,48
2022-09-26 05:17:09+00:00,create,201.219.253.0/24,3970,24
2022-09-26 13:23:21+00:00,delete,201.219.253.0/24,3970,24
2022-09-26 15:07:43+00:00,delete,2801:1e:1801::/48,3970,48
2022-09-27 01:29:55+00:00,create,201.219.253.0/24,3970,24
2022-09-27 03:10:21+00:00,create,2801:1e:1801::/48,3970,48
2022-09-27 12:03:19+00:00,delete,201.219.253.0/24,3970,24
2022-09-27 15:26:32+00:00,delete,2801:1e:1801::/48,3970,48
2022-09-28 01:46:56+00:00,create,2801:1e:1801::/48,3970,48
2022-09-28 04:07:54+00:00,create,201.219.253.0/24,3970,24
2022-09-28 14:57:50+00:00,delete,2801:1e:1801::/48,3970,48
2022-09-28 17:37:36+00:00,delete,201.219.253.0/24,3970,24
2022-09-29 00:43:23+00:00,create,2801:1e:1801::/48,3970,48
2022-09-29 05:11:21+00:00,create,201.219.253.0/24,3970,24
2022-09-29 12:28:13+00:00,delete,2801:1e:1801::/48,3970,48
2022-09-29 14:55:51+00:00,delete,201.219.253.0/24,3970,24
2022-09-30 01:08:27+00:00,create,2801:1e:1801::/48,3970,48
2022-09-30 05:56:32+00:00,create,201.219.253.0/24,3970,24
2022-09-30 16:11:45+00:00,delete,201.219.253.0/24,3970,24
2022-09-30 17:42:06+00:00,delete,2801:1e:1801::/48,3970,48
2022-10-01 02:53:02+00:00,create,201.219.253.0/24,3970,24
2022-10-01 03:53:44+00:00,create,2801:1e:1801::/48,3970,48
2022-10-01 15:29:08+00:00,delete,2801:1e:1801::/48,3970,48
2022-10-01 15:32:31+00:00,delete,201.219.253.0/24,3970,24
2022-10-02 01:13:25+00:00,create,201.219.253.0/24,3970,24
2022-10-02 01:19:36+00:00,create,2801:1e:1801::/48,3970,48
2022-10-02 15:39:30+00:00,delete,2801:1e:1801::/48,3970,48
2022-10-02 15:42:24+00:00,delete,201.219.253.0/24,3970,24
2022-10-03 01:22:50+00:00,create,201.219.253.0/24,3970,24
2022-10-03 02:08:37+00:00,create,2801:1e:1801::/48,3970,48
2022-10-03 14:59:23+00:00,delete,2801:1e:1801::/48,3970,48
2022-10-03 17:14:36+00:00,delete,201.219.253.0/24,3970,24
2022-10-04 04:14:49+00:00,create,201.219.253.0/24,3970,24
2022-10-04 06:00:00+00:00,create,2801:1e:1801::/48,3970,48
2022-10-04 16:21:15+00:00,delete,2801:1e:1801::/48,3970,48
2022-10-04 17:15:17+00:00,delete,201.219.253.0/24,3970,24
2022-10-05 03:28:32+00:00,create,2801:1e:1801::/48,3970,48
2022-10-05 04:04:23+00:00,create,201.219.253.0/24,3970,24
2022-10-05 16:44:15+00:00,delete,201.219.253.0/24,3970,24
2022-10-05 17:40:56+00:00,delete,2801:1e:1801::/48,3970,48
2022-10-06 01:25:04+00:00,create,201.219.253.0/24,3970,24
2022-10-06 05:05:04+00:00,create,2801:1e:1801::/48,3970,48
2022-10-06 13:32:32+00:00,delete,201.219.253.0/24,3970,24
2022-10-06 14:09:16+00:00,delete,2801:1e:1801::/48,3970,48
2022-10-07 01:04:32+00:00,create,2801:1e:1801::/48,3970,48
2022-10-07 03:23:08+00:00,create,201.219.253.0/24,3970,24
2022-10-07 12:36:28+00:00,delete,2801:1e:1801::/48,3970,48
2022-10-07 14:36:09+00:00,delete,201.219.253.0/24,3970,24
2022-10-08 01:21:14+00:00,create,2801:1e:1801::/48,3970,48
2022-10-08 02:12:47+00:00,create,201.219.253.0/24,3970,24
2022-10-08 14:15:14+00:00,delete,201.219.253.0/24,3970,24
2022-10-08 17:10:18+00:00,delete,2801:1e:1801::/48,3970,48
2022-10-09 00:57:46+00:00,create,201.219.253.0/24,3970,24
2022-10-09 01:03:30+00:00,create,2801:1e:1801::/48,3970,48
2022-10-09 12:52:13+00:00,delete,2801:1e:1801::/48,3970,48
2022-10-09 15:36:43+00:00,delete,201.219.253.0/24,3970,24
2022-10-10 04:38:21+00:00,create,2801:1e:1801::/48,3970,48
2022-10-10 05:23:08+00:00,create,201.219.253.0/24,3970,24
2022-10-10 14:55:04+00:00,delete,2801:1e:1801::/48,3970,48
2022-10-10 16:13:15+00:00,delete,201.219.253.0/24,3970,24
2022-10-11 01:07:34+00:00,create,201.219.253.0/24,3970,24
2022-10-11 04:06:03+00:00,create,2801:1e:1801::/48,3970,48
2022-10-11 12:08:45+00:00,delete,201.219.253.0/24,3970,24
2022-10-11 14:39:58+00:00,delete,2801:1e:1801::/48,3970,48
2022-10-12 00:17:24+00:00,create,201.219.253.0/24,3970,24
2022-10-12 01:49:24+00:00,create,2801:1e:1801::/48,3970,48
2022-10-12 13:31:18+00:00,delete,2801:1e:1801::/48,3970,48
2022-10-12 15:37:48+00:00,delete,201.219.253.0/24,3970,24
2022-10-13 00:28:34+00:00,create,201.219.253.0/24,3970,24
2022-10-13 03:17:56+00:00,create,2801:1e:1801::/48,3970,48
2022-10-13 15:24:49+00:00,delete,201.219.253.0/24,3970,24
2022-10-13 16:10:45+00:00,delete,2801:1e:1801::/48,3970,48
2022-10-14 00:33:25+00:00,create,2801:1e:1801::/48,3970,48
2022-10-14 03:47:19+00:00,create,201.219.253.0/24,3970,24
