2021-09-14 16:40:40+00:00,delete,2001:7fc:3::/48,3970,48
2021-09-14 17:04:50+00:00,delete,151.216.5.0/24,3970,24
2021-09-15 01:59:54+00:00,create,2001:7fc:3::/48,3970,48
2021-09-15 03:03:31+00:00,create,151.216.5.0/24,3970,24
2021-09-15 12:36:15+00:00,delete,2001:7fc:3::/48,3970,48
2021-09-15 15:17:30+00:00,delete,151.216.5.0/24,3970,24
2021-09-16 03:12:37+00:00,create,151.216.5.0/24,3970,24
2021-09-16 03:17:21+00:00,create,2001:7fc:3::/48,3970,48
2021-09-16 12:16:05+00:00,delete,2001:7fc:3::/48,3970,48
2021-09-16 12:59:49+00:00,delete,151.216.5.0/24,3970,24
2021-09-17 00:34:38+00:00,create,151.216.5.0/24,3970,24
2021-09-17 05:44:43+00:00,create,2001:7fc:3::/48,3970,48
2021-09-17 12:29:15+00:00,delete,2001:7fc:3::/48,3970,48
2021-09-17 17:25:24+00:00,delete,151.216.5.0/24,3970,24
2021-09-18 01:05:46+00:00,create,151.216.5.0/24,3970,24
2021-09-18 04:08:09+00:00,create,2001:7fc:3::/48,3970,48
2021-09-18 14:59:37+00:00,delete,2001:7fc:3::/48,3970,48
2021-09-18 15:47:56+00:00,delete,151.216.5.0/24,3970,24
2021-09-19 01:55:08+00:00,create,151.216.5.0/24,3970,24
2021-09-19 03:36:41+00:00,create,2001:7fc:3::/48,3970,48
2021-09-19 15:59:14+00:00,delete,151.216.5.0/24,3970,24
2021-09-19 16:14:29+00:00,delete,2001:7fc:3::/48,3970,48
2021-09-20 01:28:44+00:00,create,2001:7fc:3::/48,3970,48
2021-09-20 05:20:18+00:00,create,151.216.5.0/24,3970,24
2021-09-20 14:57:01+00:00,delete,151.216.5.0/24,3970,24
2021-09-20 16:34:25+00:00,delete,2001:7fc:3::/48,3970,48
2021-09-21 05:48:37+00:00,create,151.216.5.0/24,3970,24
2021-09-21 05:52:01+00:00,create,2001:7fc:3::/48,3970,48
2021-09-21 14:29:08+00:00,delete,151.216.5.0/24,3970,24
2021-10-04 13:44:51+00:00,delete,151.216.5.0/24,3970,24
2021-10-04 16:21:51+00:00,delete,2001:7fc:3::/48,3970,48
2021-10-05 00:22:06+00:00,create,2001:7fc:3::/48,3970,48
2021-10-05 00:38:46+00:00,create,151.216.5.0/24,3970,24
2021-10-05 14:39:41+00:00,delete,151.216.5.0/24,3970,24
2021-10-05 16:34:55+00:00,delete,2001:7fc:3::/48,3970,48
2021-10-06 00:06:34+00:00,create,2001:7fc:3::/48,3970,48
2021-10-06 00:11:42+00:00,create,151.216.5.0/24,3970,24
2021-10-06 14:47:59+00:00,delete,2001:7fc:3::/48,3970,48
2021-10-06 15:44:11+00:00,delete,151.216.5.0/24,3970,24
2021-10-07 00:24:40+00:00,create,151.216.5.0/24,3970,24
2021-10-07 01:25:23+00:00,create,2001:7fc:3::/48,3970,48
2021-10-07 15:56:12+00:00,delete,151.216.5.0/24,3970,24
2021-10-07 17:37:28+00:00,delete,2001:7fc:3::/48,3970,48
2021-10-08 00:48:49+00:00,create,151.216.5.0/24,3970,24
2021-10-08 04:46:09+00:00,create,2001:7fc:3::/48,3970,48
2021-10-08 12:44:15+00:00,delete,151.216.5.0/24,3970,24
2021-10-08 17:13:43+00:00,delete,2001:7fc:3::/48,3970,48
2021-10-09 02:58:57+00:00,create,2001:7fc:3::/48,3970,48
2021-10-09 03:42:22+00:00,create,151.216.5.0/24,3970,24
2021-10-09 14:35:52+00:00,delete,2001:7fc:3::/48,3970,48
2021-10-09 17:48:21+00:00,delete,151.216.5.0/24,3970,24
2021-10-10 01:42:54+00:00,create,2001:7fc:3::/48,3970,48
2021-10-10 01:43:44+00:00,create,151.216.5.0/24,3970,24
2021-10-10 12:54:11+00:00,delete,2001:7fc:3::/48,3970,48
2021-10-10 13:03:00+00:00,delete,151.216.5.0/24,3970,24
2021-10-11 00:43:59+00:00,create,2001:7fc:3::/48,3970,48
2021-10-11 05:28:41+00:00,create,151.216.5.0/24,3970,24
2021-10-11 15:36:52+00:00,delete,2001:7fc:3::/48,3970,48
2021-10-11 17:06:38+00:00,delete,151.216.5.0/24,3970,24
2021-10-12 01:06:16+00:00,create,2001:7fc:3::/48,3970,48
2021-10-12 03:29:24+00:00,create,151.216.5.0/24,3970,24
2021-10-12 12:37:40+00:00,delete,2001:7fc:3::/48,3970,48
2021-10-12 13:39:59+00:00,delete,151.216.5.0/24,3970,24
2021-10-13 05:17:30+00:00,create,2001:7fc:3::/48,3970,48
2021-10-13 05:37:59+00:00,create,151.216.5.0/24,3970,24
2021-10-13 16:03:05+00:00,delete,2001:7fc:3::/48,3970,48
2021-10-13 17:55:11+00:00,delete,151.216.5.0/24,3970,24
2021-10-14 00:04:35+00:00,create,151.216.5.0/24,3970,24
2021-10-14 04:24:03+00:00,create,2001:7fc:3::/48,3970,48
2021-10-14 12:09:02+00:00,delete,2001:7fc:3::/48,3970,48
2021-10-14 12:09:52+00:00,delete,151.216.5.0/24,3970,24
2021-10-15 02:53:03+00:00,create,151.216.5.0/24,3970,24
2021-10-15 05:59:27+00:00,create,2001:7fc:3::/48,3970,48
2021-10-15 12:13:47+00:00,delete,2001:7fc:3::/48,3970,48
2021-10-15 12:43:05+00:00,delete,151.216.5.0/24,3970,24
2021-10-16 01:13:31+00:00,create,2001:7fc:3::/48,3970,48
2021-10-16 02:09:31+00:00,create,151.216.5.0/24,3970,24
2021-10-16 16:17:18+00:00,delete,2001:7fc:3::/48,3970,48
2021-10-16 16:45:01+00:00,delete,151.216.5.0/24,3970,24
2021-10-17 02:05:48+00:00,create,151.216.5.0/24,3970,24
2021-10-17 05:37:56+00:00,create,2001:7fc:3::/48,3970,48
2021-10-17 15:20:22+00:00,delete,151.216.5.0/24,3970,24
2021-10-17 17:09:07+00:00,delete,2001:7fc:3::/48,3970,48
2021-10-18 05:17:50+00:00,create,151.216.5.0/24,3970,24
2021-10-18 05:37:55+00:00,create,2001:7fc:3::/48,3970,48
2021-10-18 12:34:13+00:00,delete,151.216.5.0/24,3970,24
2021-10-18 12:36:37+00:00,delete,2001:7fc:3::/48,3970,48
2021-10-19 00:51:47+00:00,create,151.216.5.0/24,3970,24
2021-10-19 05:34:15+00:00,create,2001:7fc:3::/48,3970,48
2021-10-19 14:34:20+00:00,delete,2001:7fc:3::/48,3970,48
2021-10-19 17:27:23+00:00,delete,151.216.5.0/24,3970,24
2021-10-20 00:28:31+00:00,create,151.216.5.0/24,3970,24
2021-10-20 03:05:06+00:00,create,2001:7fc:3::/48,3970,48
2021-10-20 15:48:44+00:00,delete,151.216.5.0/24,3970,24
2021-10-20 16:52:26+00:00,delete,2001:7fc:3::/48,3970,48
2021-10-21 02:10:54+00:00,create,151.216.5.0/24,3970,24
2021-10-21 03:38:13+00:00,create,2001:7fc:3::/48,3970,48
2021-10-21 13:35:59+00:00,delete,151.216.5.0/24,3970,24
2021-10-21 16:03:39+00:00,delete,2001:7fc:3::/48,3970,48
2021-10-22 02:54:51+00:00,create,151.216.5.0/24,3970,24
2021-10-22 05:17:26+00:00,create,2001:7fc:3::/48,3970,48
2021-10-22 14:33:12+00:00,delete,151.216.5.0/24,3970,24
2021-10-22 15:54:19+00:00,delete,2001:7fc:3::/48,3970,48
2021-10-23 02:43:04+00:00,create,151.216.5.0/24,3970,24
2021-10-23 03:11:06+00:00,create,2001:7fc:3::/48,3970,48
2021-10-23 16:03:00+00:00,delete,2001:7fc:3::/48,3970,48
2021-10-23 16:32:13+00:00,delete,151.216.5.0/24,3970,24
2021-10-24 00:21:11+00:00,create,2001:7fc:3::/48,3970,48
2021-10-24 03:21:25+00:00,create,151.216.5.0/24,3970,24
2021-10-24 14:25:38+00:00,delete,151.216.5.0/24,3970,24
2021-10-24 14:27:44+00:00,delete,2001:7fc:3::/48,3970,48
2021-10-25 03:52:23+00:00,create,151.216.5.0/24,3970,24
2021-10-25 04:49:21+00:00,create,2001:7fc:3::/48,3970,48
2021-10-25 12:14:19+00:00,delete,2001:7fc:3::/48,3970,48
2021-10-25 14:24:57+00:00,delete,151.216.5.0/24,3970,24
2021-10-26 02:18:00+00:00,create,151.216.5.0/24,3970,24
2021-10-26 04:11:17+00:00,create,2001:7fc:3::/48,3970,48
2021-10-26 14:08:45+00:00,delete,151.216.5.0/24,3970,24
2021-10-26 14:47:39+00:00,delete,2001:7fc:3::/48,3970,48
2021-10-27 00:03:36+00:00,create,2001:7fc:3::/48,3970,48
2021-10-27 00:47:39+00:00,create,151.216.5.0/24,3970,24
2021-10-27 14:37:47+00:00,delete,151.216.5.0/24,3970,24
2021-10-27 16:21:42+00:00,delete,2001:7fc:3::/48,3970,48
2021-10-28 01:50:55+00:00,create,151.216.5.0/24,3970,24
2021-10-28 02:37:17+00:00,create,2001:7fc:3::/48,3970,48
2021-10-28 13:13:10+00:00,delete,2001:7fc:3::/48,3970,48
2021-10-28 13:34:59+00:00,delete,151.216.5.0/24,3970,24
2021-10-29 04:02:51+00:00,create,2001:7fc:3::/48,3970,48
2021-10-29 04:45:09+00:00,create,151.216.5.0/24,3970,24
2021-10-29 16:18:46+00:00,delete,151.216.5.0/24,3970,24
2021-10-29 17:59:27+00:00,delete,2001:7fc:3::/48,3970,48
2021-10-30 01:23:49+00:00,create,2001:7fc:3::/48,3970,48
2021-10-30 03:34:36+00:00,create,151.216.5.0/24,3970,24
2021-10-30 13:58:19+00:00,delete,151.216.5.0/24,3970,24
2021-10-30 16:59:13+00:00,delete,2001:7fc:3::/48,3970,48
2021-10-31 04:19:57+00:00,create,2001:7fc:3::/48,3970,48
2021-10-31 05:14:13+00:00,create,151.216.5.0/24,3970,24
2021-10-31 13:28:01+00:00,delete,151.216.5.0/24,3970,24
2021-10-31 15:53:19+00:00,delete,2001:7fc:3::/48,3970,48
2021-11-01 01:59:39+00:00,create,2001:7fc:3::/48,3970,48
2021-11-01 03:48:37+00:00,create,151.216.5.0/24,3970,24
2021-11-01 13:09:58+00:00,delete,2001:7fc:3::/48,3970,48
2021-11-01 13:26:08+00:00,delete,151.216.5.0/24,3970,24
2021-11-02 00:12:34+00:00,create,2001:7fc:3::/48,3970,48
2021-11-02 05:51:22+00:00,create,151.216.5.0/24,3970,24
2021-11-02 13:05:32+00:00,delete,2001:7fc:3::/48,3970,48
2021-11-02 13:44:51+00:00,delete,151.216.5.0/24,3970,24
2021-11-03 03:36:24+00:00,create,151.216.5.0/24,3970,24
2021-11-03 04:02:05+00:00,create,2001:7fc:3::/48,3970,48
2021-11-03 14:19:51+00:00,delete,151.216.5.0/24,3970,24
2021-11-03 16:28:52+00:00,delete,2001:7fc:3::/48,3970,48
2021-11-04 04:14:16+00:00,create,2001:7fc:3::/48,3970,48
2021-11-04 05:27:31+00:00,create,151.216.5.0/24,3970,24
2021-11-04 12:08:02+00:00,delete,2001:7fc:3::/48,3970,48
2021-11-04 15:50:02+00:00,delete,151.216.5.0/24,3970,24
2021-11-05 02:38:59+00:00,create,151.216.5.0/24,3970,24
2021-11-05 05:15:18+00:00,create,2001:7fc:3::/48,3970,48
2021-11-05 16:35:55+00:00,delete,2001:7fc:3::/48,3970,48
2021-11-05 17:20:35+00:00,delete,151.216.5.0/24,3970,24
2021-11-06 02:53:40+00:00,create,2001:7fc:3::/48,3970,48
2021-11-06 05:56:19+00:00,create,151.216.5.0/24,3970,24
2021-11-06 12:22:57+00:00,delete,151.216.5.0/24,3970,24
2021-11-06 14:24:28+00:00,delete,2001:7fc:3::/48,3970,48
2021-11-07 00:08:27+00:00,create,2001:7fc:3::/48,3970,48
2021-11-07 01:58:39+00:00,create,151.216.5.0/24,3970,24
2021-11-07 13:13:06+00:00,delete,2001:7fc:3::/48,3970,48
2021-11-07 15:17:48+00:00,delete,151.216.5.0/24,3970,24
2021-11-08 03:33:23+00:00,create,2001:7fc:3::/48,3970,48
2021-11-08 05:20:26+00:00,create,151.216.5.0/24,3970,24
2021-11-08 17:17:25+00:00,delete,151.216.5.0/24,3970,24
2021-11-08 17:31:13+00:00,delete,2001:7fc:3::/48,3970,48
2021-11-09 01:56:07+00:00,create,2001:7fc:3::/48,3970,48
2021-11-09 02:50:35+00:00,create,151.216.5.0/24,3970,24
2021-11-09 12:30:37+00:00,delete,2001:7fc:3::/48,3970,48
2021-11-09 16:47:24+00:00,delete,151.216.5.0/24,3970,24
2021-11-10 00:37:44+00:00,create,2001:7fc:3::/48,3970,48
2021-11-10 02:13:16+00:00,create,151.216.5.0/24,3970,24
2021-11-10 16:29:50+00:00,delete,2001:7fc:3::/48,3970,48
2021-11-10 16:43:19+00:00,delete,151.216.5.0/24,3970,24
2021-11-11 03:51:19+00:00,create,2001:7fc:3::/48,3970,48
2021-11-11 04:57:22+00:00,create,151.216.5.0/24,3970,24
2021-11-11 14:51:49+00:00,delete,151.216.5.0/24,3970,24
2021-11-11 14:52:22+00:00,delete,2001:7fc:3::/48,3970,48
2021-11-12 02:25:25+00:00,create,2001:7fc:3::/48,3970,48
2021-11-12 05:54:53+00:00,create,151.216.5.0/24,3970,24
2021-11-12 14:23:39+00:00,delete,2001:7fc:3::/48,3970,48
2021-11-12 14:39:03+00:00,delete,151.216.5.0/24,3970,24
2021-11-13 01:16:28+00:00,create,2001:7fc:3::/48,3970,48
2021-11-13 05:26:56+00:00,create,151.216.5.0/24,3970,24
2021-11-13 13:19:23+00:00,delete,151.216.5.0/24,3970,24
2021-11-13 14:54:38+00:00,delete,2001:7fc:3::/48,3970,48
2021-11-14 00:25:31+00:00,create,151.216.5.0/24,3970,24
2021-11-14 02:35:25+00:00,create,2001:7fc:3::/48,3970,48
2021-11-14 14:26:09+00:00,delete,2001:7fc:3::/48,3970,48
2021-11-14 15:00:20+00:00,delete,151.216.5.0/24,3970,24
2021-11-15 01:48:00+00:00,create,151.216.5.0/24,3970,24
2021-11-15 05:50:40+00:00,create,2001:7fc:3::/48,3970,48
2021-11-15 13:15:37+00:00,delete,151.216.5.0/24,3970,24
2021-11-15 15:48:25+00:00,delete,2001:7fc:3::/48,3970,48
2021-11-16 00:54:26+00:00,create,151.216.5.0/24,3970,24
2021-11-16 02:58:24+00:00,create,2001:7fc:3::/48,3970,48
2021-11-16 13:44:45+00:00,delete,151.216.5.0/24,3970,24
2021-11-16 16:12:35+00:00,delete,2001:7fc:3::/48,3970,48
2021-11-17 01:16:35+00:00,create,2001:7fc:3::/48,3970,48
2021-11-17 04:48:18+00:00,create,151.216.5.0/24,3970,24
2021-11-17 13:42:35+00:00,delete,2001:7fc:3::/48,3970,48
2021-11-17 15:17:57+00:00,delete,151.216.5.0/24,3970,24
2021-11-18 02:24:20+00:00,create,2001:7fc:3::/48,3970,48
2021-11-18 05:48:56+00:00,create,151.216.5.0/24,3970,24
2021-11-18 12:09:02+00:00,delete,151.216.5.0/24,3970,24
2021-11-18 15:08:26+00:00,delete,2001:7fc:3::/48,3970,48
2021-11-19 02:39:06+00:00,create,151.216.5.0/24,3970,24
2021-11-19 04:09:32+00:00,create,2001:7fc:3::/48,3970,48
2021-11-19 12:31:35+00:00,delete,151.216.5.0/24,3970,24
2021-11-19 17:17:50+00:00,delete,2001:7fc:3::/48,3970,48
2021-11-20 00:03:08+00:00,create,2001:7fc:3::/48,3970,48
2021-11-20 00:47:07+00:00,create,151.216.5.0/24,3970,24
2021-11-20 12:20:19+00:00,delete,151.216.5.0/24,3970,24
2021-11-20 15:34:48+00:00,delete,2001:7fc:3::/48,3970,48
2021-11-21 00:07:21+00:00,create,2001:7fc:3::/48,3970,48
2021-11-21 04:40:09+00:00,create,151.216.5.0/24,3970,24
2021-11-21 15:12:27+00:00,delete,2001:7fc:3::/48,3970,48
2021-11-21 17:31:34+00:00,delete,151.216.5.0/24,3970,24
2021-11-22 00:53:56+00:00,create,2001:7fc:3::/48,3970,48
2021-11-22 05:55:53+00:00,create,151.216.5.0/24,3970,24
2021-11-22 14:42:21+00:00,delete,151.216.5.0/24,3970,24
2021-11-22 15:57:57+00:00,delete,2001:7fc:3::/48,3970,48
2021-11-23 01:12:03+00:00,create,151.216.5.0/24,3970,24
2021-11-23 04:04:20+00:00,create,2001:7fc:3::/48,3970,48
2021-11-23 14:01:59+00:00,delete,151.216.5.0/24,3970,24
2021-11-23 17:34:41+00:00,delete,2001:7fc:3::/48,3970,48
2021-12-02 15:26:30+00:00,delete,2001:7fc:3::/48,3970,48
2021-12-02 17:28:40+00:00,delete,151.216.5.0/24,3970,24
2021-12-03 01:05:08+00:00,create,151.216.5.0/24,3970,24
2021-12-03 03:28:16+00:00,create,2001:7fc:3::/48,3970,48
2021-12-03 13:46:43+00:00,delete,151.216.5.0/24,3970,24
2021-12-03 16:48:30+00:00,delete,2001:7fc:3::/48,3970,48
2021-12-04 03:45:25+00:00,create,151.216.5.0/24,3970,24
2021-12-04 05:04:25+00:00,create,2001:7fc:3::/48,3970,48
2021-12-04 16:24:51+00:00,delete,2001:7fc:3::/48,3970,48
2021-12-04 17:16:22+00:00,delete,151.216.5.0/24,3970,24
2021-12-05 00:26:37+00:00,create,2001:7fc:3::/48,3970,48
2021-12-05 04:45:23+00:00,create,151.216.5.0/24,3970,24
2021-12-05 16:07:03+00:00,delete,2001:7fc:3::/48,3970,48
2021-12-05 17:02:25+00:00,delete,151.216.5.0/24,3970,24
2021-12-06 04:39:32+00:00,create,2001:7fc:3::/48,3970,48
2021-12-06 12:12:28+00:00,delete,2001:7fc:3::/48,3970,48
2021-12-06 14:17:30+00:00,delete,151.216.5.0/24,3970,24
2021-12-07 01:03:29+00:00,create,2001:7fc:3::/48,3970,48
2021-12-07 04:25:28+00:00,create,151.216.5.0/24,3970,24
2021-12-07 13:25:05+00:00,delete,151.216.5.0/24,3970,24
2021-12-07 17:45:15+00:00,delete,2001:7fc:3::/48,3970,48
2021-12-08 00:44:27+00:00,create,151.216.5.0/24,3970,24
2021-12-08 02:16:24+00:00,create,2001:7fc:3::/48,3970,48
2021-12-08 14:42:22+00:00,delete,151.216.5.0/24,3970,24
2021-12-08 15:12:21+00:00,delete,2001:7fc:3::/48,3970,48
2021-12-09 02:38:54+00:00,create,151.216.5.0/24,3970,24
2021-12-09 03:23:56+00:00,create,2001:7fc:3::/48,3970,48
2021-12-09 13:27:05+00:00,delete,2001:7fc:3::/48,3970,48
2021-12-09 13:33:57+00:00,delete,151.216.5.0/24,3970,24
2021-12-10 00:50:09+00:00,create,151.216.5.0/24,3970,24
2021-12-10 01:18:39+00:00,create,2001:7fc:3::/48,3970,48
2021-12-10 13:31:31+00:00,delete,151.216.5.0/24,3970,24
2021-12-10 14:53:30+00:00,delete,2001:7fc:3::/48,3970,48
2021-12-11 00:25:12+00:00,create,151.216.5.0/24,3970,24
2021-12-11 05:53:52+00:00,create,2001:7fc:3::/48,3970,48
2021-12-11 12:25:19+00:00,delete,151.216.5.0/24,3970,24
2021-12-11 12:39:10+00:00,delete,2001:7fc:3::/48,3970,48
2021-12-12 04:33:13+00:00,create,151.216.5.0/24,3970,24
2021-12-12 05:45:04+00:00,create,2001:7fc:3::/48,3970,48
2021-12-12 13:52:19+00:00,delete,2001:7fc:3::/48,3970,48
2021-12-12 15:08:16+00:00,delete,151.216.5.0/24,3970,24
2021-12-13 01:37:02+00:00,create,151.216.5.0/24,3970,24
2021-12-13 04:19:31+00:00,create,2001:7fc:3::/48,3970,48
2021-12-13 13:39:39+00:00,delete,151.216.5.0/24,3970,24
2021-12-13 15:24:04+00:00,delete,2001:7fc:3::/48,3970,48
2021-12-14 05:51:57+00:00,create,2001:7fc:3::/48,3970,48
2021-12-14 05:52:46+00:00,create,151.216.5.0/24,3970,24
2021-12-14 15:06:36+00:00,delete,151.216.5.0/24,3970,24
2021-12-14 16:39:46+00:00,delete,2001:7fc:3::/48,3970,48
2021-12-15 01:16:45+00:00,create,151.216.5.0/24,3970,24
2021-12-15 03:46:35+00:00,create,2001:7fc:3::/48,3970,48
2021-12-15 16:36:37+00:00,delete,2001:7fc:3::/48,3970,48
2021-12-15 17:01:03+00:00,delete,151.216.5.0/24,3970,24
2021-12-16 00:22:45+00:00,create,2001:7fc:3::/48,3970,48
2021-12-16 03:04:24+00:00,create,151.216.5.0/24,3970,24
2021-12-16 12:06:54+00:00,delete,151.216.5.0/24,3970,24
2021-12-16 17:27:03+00:00,delete,2001:7fc:3::/48,3970,48
2021-12-17 01:22:56+00:00,create,2001:7fc:3::/48,3970,48
2021-12-17 05:16:19+00:00,create,151.216.5.0/24,3970,24
2021-12-17 15:37:29+00:00,delete,2001:7fc:3::/48,3970,48
2021-12-17 16:39:14+00:00,delete,151.216.5.0/24,3970,24
2021-12-18 00:25:19+00:00,create,151.216.5.0/24,3970,24
2021-12-18 03:49:33+00:00,create,2001:7fc:3::/48,3970,48
2021-12-18 14:02:58+00:00,delete,151.216.5.0/24,3970,24
2021-12-18 14:50:24+00:00,delete,2001:7fc:3::/48,3970,48
2021-12-19 02:22:57+00:00,create,2001:7fc:3::/48,3970,48
2021-12-19 04:02:33+00:00,create,151.216.5.0/24,3970,24
2021-12-19 14:08:40+00:00,delete,151.216.5.0/24,3970,24
2021-12-19 15:04:39+00:00,delete,2001:7fc:3::/48,3970,48
2021-12-20 03:42:41+00:00,create,2001:7fc:3::/48,3970,48
2021-12-20 04:38:49+00:00,create,151.216.5.0/24,3970,24
2021-12-20 13:54:42+00:00,delete,151.216.5.0/24,3970,24
2021-12-20 16:39:29+00:00,delete,2001:7fc:3::/48,3970,48
2021-12-21 03:38:51+00:00,create,151.216.5.0/24,3970,24
2021-12-21 05:18:44+00:00,create,2001:7fc:3::/48,3970,48
2021-12-21 14:19:26+00:00,delete,151.216.5.0/24,3970,24
2021-12-21 17:17:14+00:00,delete,2001:7fc:3::/48,3970,48
2021-12-22 00:52:26+00:00,create,151.216.5.0/24,3970,24
2021-12-22 02:50:40+00:00,create,2001:7fc:3::/48,3970,48
2021-12-22 16:41:41+00:00,delete,151.216.5.0/24,3970,24
2021-12-22 17:30:29+00:00,delete,2001:7fc:3::/48,3970,48
2021-12-23 01:49:42+00:00,create,2001:7fc:3::/48,3970,48
2021-12-23 04:17:58+00:00,create,151.216.5.0/24,3970,24
2021-12-23 13:32:49+00:00,delete,151.216.5.0/24,3970,24
2021-12-23 16:47:49+00:00,delete,2001:7fc:3::/48,3970,48
2021-12-24 00:52:37+00:00,create,2001:7fc:3::/48,3970,48
2021-12-24 03:21:12+00:00,create,151.216.5.0/24,3970,24
2021-12-24 12:38:34+00:00,delete,2001:7fc:3::/48,3970,48
2021-12-24 14:31:16+00:00,delete,151.216.5.0/24,3970,24
2021-12-25 03:02:55+00:00,create,151.216.5.0/24,3970,24
2021-12-25 04:22:45+00:00,create,2001:7fc:3::/48,3970,48
2021-12-25 12:42:34+00:00,delete,2001:7fc:3::/48,3970,48
2021-12-25 15:27:59+00:00,delete,151.216.5.0/24,3970,24
2021-12-26 01:00:23+00:00,create,2001:7fc:3::/48,3970,48
2021-12-26 02:13:17+00:00,create,151.216.5.0/24,3970,24
2021-12-26 12:34:59+00:00,delete,2001:7fc:3::/48,3970,48
2021-12-26 17:08:36+00:00,delete,151.216.5.0/24,3970,24
2021-12-27 00:33:17+00:00,create,151.216.5.0/24,3970,24
2021-12-27 01:19:51+00:00,create,2001:7fc:3::/48,3970,48
2021-12-27 12:56:25+00:00,delete,2001:7fc:3::/48,3970,48
2021-12-27 16:19:04+00:00,delete,151.216.5.0/24,3970,24
2021-12-28 01:12:47+00:00,create,151.216.5.0/24,3970,24
2021-12-28 04:57:44+00:00,create,2001:7fc:3::/48,3970,48
2021-12-28 14:41:38+00:00,delete,151.216.5.0/24,3970,24
2021-12-28 17:37:19+00:00,delete,2001:7fc:3::/48,3970,48
2021-12-29 01:16:14+00:00,create,2001:7fc:3::/48,3970,48
2021-12-29 01:28:27+00:00,create,151.216.5.0/24,3970,24
2021-12-29 12:05:17+00:00,delete,151.216.5.0/24,3970,24
2021-12-29 14:44:45+00:00,delete,2001:7fc:3::/48,3970,48
2021-12-30 01:14:14+00:00,create,2001:7fc:3::/48,3970,48
2021-12-30 02:50:15+00:00,create,151.216.5.0/24,3970,24
2021-12-30 12:56:08+00:00,delete,151.216.5.0/24,3970,24
2021-12-30 13:42:05+00:00,delete,2001:7fc:3::/48,3970,48
2021-12-31 01:59:27+00:00,create,151.216.5.0/24,3970,24
2021-12-31 02:42:07+00:00,create,2001:7fc:3::/48,3970,48
2021-12-31 13:01:42+00:00,delete,151.216.5.0/24,3970,24
2021-12-31 13:23:04+00:00,delete,2001:7fc:3::/48,3970,48
2022-01-01 02:14:41+00:00,create,151.216.5.0/24,3970,24
2022-01-01 03:55:34+00:00,create,2001:7fc:3::/48,3970,48
2022-01-01 13:41:04+00:00,delete,2001:7fc:3::/48,3970,48
2022-01-01 15:34:31+00:00,delete,151.216.5.0/24,3970,24
2022-01-02 03:40:23+00:00,create,2001:7fc:3::/48,3970,48
2022-01-02 12:34:52+00:00,delete,151.216.5.0/24,3970,24
2022-01-02 14:31:46+00:00,delete,2001:7fc:3::/48,3970,48
2022-01-03 01:44:46+00:00,create,151.216.5.0/24,3970,24
2022-01-03 02:39:30+00:00,create,2001:7fc:3::/48,3970,48
2022-01-03 13:04:02+00:00,delete,2001:7fc:3::/48,3970,48
2022-01-03 16:12:45+00:00,delete,151.216.5.0/24,3970,24
2022-01-04 00:52:04+00:00,create,2001:7fc:3::/48,3970,48
2022-01-04 05:22:00+00:00,create,151.216.5.0/24,3970,24
2022-01-04 15:58:44+00:00,delete,2001:7fc:3::/48,3970,48
2022-01-04 17:04:20+00:00,delete,151.216.5.0/24,3970,24
2022-01-05 00:04:53+00:00,create,151.216.5.0/24,3970,24
2022-01-05 02:06:15+00:00,create,2001:7fc:3::/48,3970,48
2022-01-05 14:32:27+00:00,delete,2001:7fc:3::/48,3970,48
2022-01-05 15:46:30+00:00,delete,151.216.5.0/24,3970,24
2022-01-06 01:27:31+00:00,create,2001:7fc:3::/48,3970,48
2022-01-06 02:06:08+00:00,create,151.216.5.0/24,3970,24
2022-01-06 12:12:46+00:00,delete,151.216.5.0/24,3970,24
2022-01-06 13:16:54+00:00,delete,2001:7fc:3::/48,3970,48
2022-01-07 02:27:49+00:00,create,151.216.5.0/24,3970,24
2022-01-07 05:14:32+00:00,create,2001:7fc:3::/48,3970,48
2022-01-07 14:48:24+00:00,delete,151.216.5.0/24,3970,24
2022-01-07 15:45:12+00:00,delete,2001:7fc:3::/48,3970,48
2022-01-08 00:09:40+00:00,create,151.216.5.0/24,3970,24
2022-01-08 01:38:06+00:00,create,2001:7fc:3::/48,3970,48
2022-01-08 14:59:43+00:00,delete,151.216.5.0/24,3970,24
2022-01-08 16:40:43+00:00,delete,2001:7fc:3::/48,3970,48
2022-01-09 01:43:48+00:00,create,151.216.5.0/24,3970,24
2022-01-09 03:30:32+00:00,create,2001:7fc:3::/48,3970,48
2022-01-09 13:50:42+00:00,delete,2001:7fc:3::/48,3970,48
2022-01-09 16:02:22+00:00,delete,151.216.5.0/24,3970,24
2022-01-10 02:21:13+00:00,create,2001:7fc:3::/48,3970,48
2022-01-10 02:44:12+00:00,create,151.216.5.0/24,3970,24
2022-01-10 13:59:13+00:00,delete,2001:7fc:3::/48,3970,48
2022-01-10 14:05:19+00:00,delete,151.216.5.0/24,3970,24
2022-01-11 04:12:47+00:00,create,2001:7fc:3::/48,3970,48
2022-01-11 05:23:35+00:00,create,151.216.5.0/24,3970,24
2022-01-11 16:34:55+00:00,delete,2001:7fc:3::/48,3970,48
2022-01-11 17:24:11+00:00,delete,151.216.5.0/24,3970,24
2022-01-12 03:06:58+00:00,create,2001:7fc:3::/48,3970,48
2022-01-12 03:16:45+00:00,create,151.216.5.0/24,3970,24
2022-01-12 16:02:04+00:00,delete,2001:7fc:3::/48,3970,48
2022-01-12 17:05:24+00:00,delete,151.216.5.0/24,3970,24
2022-01-13 00:16:32+00:00,create,2001:7fc:3::/48,3970,48
2022-01-13 05:47:06+00:00,create,151.216.5.0/24,3970,24
2022-01-13 13:33:49+00:00,delete,2001:7fc:3::/48,3970,48
2022-01-13 13:59:58+00:00,delete,151.216.5.0/24,3970,24
2022-01-14 00:19:41+00:00,create,2001:7fc:3::/48,3970,48
2022-01-14 01:53:26+00:00,create,151.216.5.0/24,3970,24
2022-01-14 14:52:25+00:00,delete,2001:7fc:3::/48,3970,48
2022-01-14 16:21:30+00:00,delete,151.216.5.0/24,3970,24
2022-01-15 02:03:18+00:00,create,2001:7fc:3::/48,3970,48
2022-01-15 05:19:30+00:00,create,151.216.5.0/24,3970,24
2022-01-15 12:48:24+00:00,delete,2001:7fc:3::/48,3970,48
2022-01-15 14:32:17+00:00,delete,151.216.5.0/24,3970,24
2022-01-16 03:15:54+00:00,create,2001:7fc:3::/48,3970,48
2022-01-16 03:57:08+00:00,create,151.216.5.0/24,3970,24
2022-01-16 16:10:26+00:00,delete,151.216.5.0/24,3970,24
2022-01-16 17:10:39+00:00,delete,2001:7fc:3::/48,3970,48
2022-01-17 01:25:54+00:00,create,2001:7fc:3::/48,3970,48
2022-01-17 03:54:34+00:00,create,151.216.5.0/24,3970,24
2022-01-17 14:05:19+00:00,delete,2001:7fc:3::/48,3970,48
2022-01-17 17:38:58+00:00,delete,151.216.5.0/24,3970,24
2022-01-18 00:31:47+00:00,create,2001:7fc:3::/48,3970,48
2022-01-18 04:14:58+00:00,create,151.216.5.0/24,3970,24
2022-01-18 12:04:44+00:00,delete,151.216.5.0/24,3970,24
2022-01-18 14:52:45+00:00,delete,2001:7fc:3::/48,3970,48
2022-01-19 00:13:56+00:00,create,2001:7fc:3::/48,3970,48
2022-01-19 01:18:54+00:00,create,151.216.5.0/24,3970,24
2022-01-19 13:57:08+00:00,delete,2001:7fc:3::/48,3970,48
2022-01-19 17:30:22+00:00,delete,151.216.5.0/24,3970,24
2022-01-20 01:40:42+00:00,create,151.216.5.0/24,3970,24
2022-01-20 03:25:18+00:00,create,2001:7fc:3::/48,3970,48
2022-01-20 15:51:13+00:00,delete,151.216.5.0/24,3970,24
2022-01-20 16:27:22+00:00,delete,2001:7fc:3::/48,3970,48
2022-01-21 05:07:45+00:00,create,2001:7fc:3::/48,3970,48
2022-01-21 12:04:16+00:00,delete,151.216.5.0/24,3970,24
2022-01-21 13:37:56+00:00,delete,2001:7fc:3::/48,3970,48
2022-01-22 00:28:51+00:00,create,151.216.5.0/24,3970,24
2022-01-22 03:34:17+00:00,create,2001:7fc:3::/48,3970,48
2022-01-22 12:53:01+00:00,delete,2001:7fc:3::/48,3970,48
2022-01-22 17:36:01+00:00,delete,151.216.5.0/24,3970,24
2022-01-23 00:19:41+00:00,create,151.216.5.0/24,3970,24
2022-01-23 04:19:33+00:00,create,2001:7fc:3::/48,3970,48
2022-01-23 14:11:18+00:00,delete,2001:7fc:3::/48,3970,48
2022-01-23 16:01:20+00:00,delete,151.216.5.0/24,3970,24
2022-01-24 01:53:57+00:00,create,2001:7fc:3::/48,3970,48
2022-01-24 03:06:36+00:00,create,151.216.5.0/24,3970,24
2022-01-24 15:45:12+00:00,delete,151.216.5.0/24,3970,24
2022-01-24 15:49:03+00:00,delete,2001:7fc:3::/48,3970,48
2022-01-25 03:47:30+00:00,create,2001:7fc:3::/48,3970,48
2022-01-25 04:26:54+00:00,create,151.216.5.0/24,3970,24
2022-01-25 14:26:02+00:00,delete,2001:7fc:3::/48,3970,48
2022-01-25 16:43:52+00:00,delete,151.216.5.0/24,3970,24
2022-01-26 03:27:41+00:00,create,151.216.5.0/24,3970,24
2022-01-26 05:38:21+00:00,create,2001:7fc:3::/48,3970,48
2022-01-26 15:32:25+00:00,delete,151.216.5.0/24,3970,24
2022-01-26 16:10:19+00:00,delete,2001:7fc:3::/48,3970,48
2022-01-27 03:01:35+00:00,create,2001:7fc:3::/48,3970,48
2022-01-27 04:15:29+00:00,create,151.216.5.0/24,3970,24
2022-01-27 15:12:10+00:00,delete,2001:7fc:3::/48,3970,48
2022-01-27 16:45:09+00:00,delete,151.216.5.0/24,3970,24
2022-01-28 00:04:03+00:00,create,2001:7fc:3::/48,3970,48
2022-01-28 02:51:33+00:00,create,151.216.5.0/24,3970,24
2022-01-28 15:09:16+00:00,delete,2001:7fc:3::/48,3970,48
2022-01-28 17:49:58+00:00,delete,151.216.5.0/24,3970,24
2022-01-29 00:08:09+00:00,create,2001:7fc:3::/48,3970,48
2022-01-29 04:06:25+00:00,create,151.216.5.0/24,3970,24
2022-01-29 13:52:29+00:00,delete,151.216.5.0/24,3970,24
2022-01-29 16:31:31+00:00,delete,2001:7fc:3::/48,3970,48
2022-01-30 04:42:10+00:00,create,2001:7fc:3::/48,3970,48
2022-01-30 04:45:44+00:00,create,151.216.5.0/24,3970,24
2022-01-30 17:44:24+00:00,delete,151.216.5.0/24,3970,24
2022-01-30 17:47:42+00:00,delete,2001:7fc:3::/48,3970,48
2022-01-31 00:26:03+00:00,create,151.216.5.0/24,3970,24
2022-01-31 05:26:09+00:00,create,2001:7fc:3::/48,3970,48
2022-01-31 13:47:47+00:00,delete,2001:7fc:3::/48,3970,48
2022-01-31 16:30:24+00:00,delete,151.216.5.0/24,3970,24
2022-02-01 05:20:36+00:00,create,151.216.5.0/24,3970,24
2022-02-01 05:44:23+00:00,create,2001:7fc:3::/48,3970,48
2022-02-01 14:59:05+00:00,delete,2001:7fc:3::/48,3970,48
2022-02-01 15:52:07+00:00,delete,151.216.5.0/24,3970,24
2022-02-02 02:14:05+00:00,create,151.216.5.0/24,3970,24
2022-02-02 04:34:17+00:00,create,2001:7fc:3::/48,3970,48
2022-02-02 14:31:08+00:00,delete,2001:7fc:3::/48,3970,48
2022-02-02 16:32:20+00:00,delete,151.216.5.0/24,3970,24
2022-02-03 01:46:18+00:00,create,151.216.5.0/24,3970,24
2022-02-03 04:43:08+00:00,create,2001:7fc:3::/48,3970,48
2022-02-03 12:14:29+00:00,delete,151.216.5.0/24,3970,24
2022-02-03 17:05:45+00:00,delete,2001:7fc:3::/48,3970,48
2022-02-04 00:17:05+00:00,create,2001:7fc:3::/48,3970,48
2022-02-04 04:17:36+00:00,create,151.216.5.0/24,3970,24
2022-02-04 13:21:26+00:00,delete,2001:7fc:3::/48,3970,48
2022-02-04 15:00:32+00:00,delete,151.216.5.0/24,3970,24
2022-02-05 04:27:02+00:00,create,2001:7fc:3::/48,3970,48
2022-02-05 04:28:03+00:00,create,151.216.5.0/24,3970,24
2022-02-05 15:01:25+00:00,delete,151.216.5.0/24,3970,24
2022-02-05 15:15:18+00:00,delete,2001:7fc:3::/48,3970,48
2022-02-06 00:29:41+00:00,create,151.216.5.0/24,3970,24
2022-02-06 01:35:09+00:00,create,2001:7fc:3::/48,3970,48
2022-02-06 17:01:55+00:00,delete,2001:7fc:3::/48,3970,48
2022-02-06 17:19:35+00:00,delete,151.216.5.0/24,3970,24
2022-02-07 00:55:32+00:00,create,151.216.5.0/24,3970,24
2022-02-07 04:55:39+00:00,create,2001:7fc:3::/48,3970,48
2022-02-07 15:29:35+00:00,delete,2001:7fc:3::/48,3970,48
2022-02-07 16:26:38+00:00,delete,151.216.5.0/24,3970,24
2022-02-08 01:06:18+00:00,create,2001:7fc:3::/48,3970,48
2022-02-08 02:11:29+00:00,create,151.216.5.0/24,3970,24
2022-02-08 12:36:31+00:00,delete,2001:7fc:3::/48,3970,48
2022-02-08 14:35:53+00:00,delete,151.216.5.0/24,3970,24
2022-02-09 02:35:16+00:00,create,2001:7fc:3::/48,3970,48
2022-02-09 02:52:07+00:00,create,151.216.5.0/24,3970,24
2022-02-09 12:44:42+00:00,delete,151.216.5.0/24,3970,24
2022-02-09 16:38:08+00:00,delete,2001:7fc:3::/48,3970,48
2022-02-10 01:29:42+00:00,create,151.216.5.0/24,3970,24
2022-02-10 04:04:35+00:00,create,2001:7fc:3::/48,3970,48
2022-02-10 12:30:40+00:00,delete,2001:7fc:3::/48,3970,48
2022-02-10 13:03:24+00:00,delete,151.216.5.0/24,3970,24
2022-02-11 02:00:20+00:00,create,151.216.5.0/24,3970,24
2022-02-11 02:21:00+00:00,create,2001:7fc:3::/48,3970,48
2022-02-11 12:46:00+00:00,delete,151.216.5.0/24,3970,24
2022-02-11 13:12:16+00:00,delete,2001:7fc:3::/48,3970,48
2022-02-12 01:33:06+00:00,create,151.216.5.0/24,3970,24
2022-02-12 03:27:00+00:00,create,2001:7fc:3::/48,3970,48
2022-02-12 12:21:38+00:00,delete,151.216.5.0/24,3970,24
2022-02-12 17:22:51+00:00,delete,2001:7fc:3::/48,3970,48
2022-02-13 00:24:15+00:00,create,2001:7fc:3::/48,3970,48
2022-02-13 02:52:29+00:00,create,151.216.5.0/24,3970,24
2022-02-13 12:12:03+00:00,delete,151.216.5.0/24,3970,24
2022-02-13 17:40:22+00:00,delete,2001:7fc:3::/48,3970,48
2022-02-14 02:08:28+00:00,create,151.216.5.0/24,3970,24
2022-02-14 04:21:53+00:00,create,2001:7fc:3::/48,3970,48
2022-02-14 13:30:22+00:00,delete,2001:7fc:3::/48,3970,48
2022-02-14 13:54:40+00:00,delete,151.216.5.0/24,3970,24
2022-02-15 02:18:13+00:00,create,151.216.5.0/24,3970,24
2022-02-15 05:16:45+00:00,create,2001:7fc:3::/48,3970,48
2022-02-15 14:12:10+00:00,delete,151.216.5.0/24,3970,24
2022-02-15 15:13:38+00:00,delete,2001:7fc:3::/48,3970,48
2022-02-16 00:34:33+00:00,create,151.216.5.0/24,3970,24
2022-02-16 04:28:32+00:00,create,2001:7fc:3::/48,3970,48
2022-02-16 15:15:00+00:00,delete,151.216.5.0/24,3970,24
2022-02-16 15:18:16+00:00,delete,2001:7fc:3::/48,3970,48
2022-02-17 01:42:23+00:00,create,151.216.5.0/24,3970,24
2022-02-17 04:00:19+00:00,create,2001:7fc:3::/48,3970,48
2022-02-17 13:29:50+00:00,delete,151.216.5.0/24,3970,24
2022-02-17 14:19:26+00:00,delete,2001:7fc:3::/48,3970,48
2022-02-18 00:35:19+00:00,create,151.216.5.0/24,3970,24
2022-02-18 01:49:09+00:00,create,2001:7fc:3::/48,3970,48
2022-02-18 12:01:39+00:00,delete,2001:7fc:3::/48,3970,48
2022-02-18 16:41:44+00:00,delete,151.216.5.0/24,3970,24
2022-02-19 01:46:44+00:00,create,2001:7fc:3::/48,3970,48
2022-02-19 02:05:02+00:00,create,151.216.5.0/24,3970,24
2022-02-19 14:56:03+00:00,delete,151.216.5.0/24,3970,24
2022-02-19 16:12:23+00:00,delete,2001:7fc:3::/48,3970,48
2022-02-20 01:00:12+00:00,create,151.216.5.0/24,3970,24
2022-02-20 05:32:52+00:00,create,2001:7fc:3::/48,3970,48
2022-02-20 13:05:42+00:00,delete,2001:7fc:3::/48,3970,48
2022-02-20 16:08:46+00:00,delete,151.216.5.0/24,3970,24
2022-02-21 04:13:07+00:00,create,2001:7fc:3::/48,3970,48
2022-02-21 04:17:50+00:00,create,151.216.5.0/24,3970,24
2022-02-21 15:12:37+00:00,delete,2001:7fc:3::/48,3970,48
2022-02-21 16:55:52+00:00,delete,151.216.5.0/24,3970,24
2022-02-22 02:11:53+00:00,create,2001:7fc:3::/48,3970,48
2022-02-22 04:29:44+00:00,create,151.216.5.0/24,3970,24
2022-02-22 14:05:42+00:00,delete,2001:7fc:3::/48,3970,48
2022-02-22 14:21:16+00:00,delete,151.216.5.0/24,3970,24
2022-02-23 01:49:09+00:00,create,151.216.5.0/24,3970,24
2022-02-23 05:47:18+00:00,create,2001:7fc:3::/48,3970,48
2022-02-23 14:37:32+00:00,delete,2001:7fc:3::/48,3970,48
2022-02-23 17:31:31+00:00,delete,151.216.5.0/24,3970,24
2022-02-24 05:07:29+00:00,create,2001:7fc:3::/48,3970,48
2022-02-24 05:34:40+00:00,create,151.216.5.0/24,3970,24
2022-02-24 12:09:13+00:00,delete,2001:7fc:3::/48,3970,48
2022-02-24 12:57:15+00:00,delete,151.216.5.0/24,3970,24
2022-02-25 00:39:17+00:00,create,2001:7fc:3::/48,3970,48
2022-02-25 04:11:09+00:00,create,151.216.5.0/24,3970,24
2022-02-25 13:27:25+00:00,delete,151.216.5.0/24,3970,24
2022-02-25 17:10:49+00:00,delete,2001:7fc:3::/48,3970,48
2022-02-26 01:31:29+00:00,create,2001:7fc:3::/48,3970,48
2022-02-26 04:36:57+00:00,create,151.216.5.0/24,3970,24
2022-02-26 12:18:07+00:00,delete,151.216.5.0/24,3970,24
2022-02-26 17:31:51+00:00,delete,2001:7fc:3::/48,3970,48
2022-02-27 02:06:20+00:00,create,151.216.5.0/24,3970,24
2022-02-27 05:52:03+00:00,create,2001:7fc:3::/48,3970,48
2022-02-27 16:16:15+00:00,delete,151.216.5.0/24,3970,24
2022-02-27 16:46:49+00:00,delete,2001:7fc:3::/48,3970,48
2022-02-28 04:09:46+00:00,create,151.216.5.0/24,3970,24
2022-02-28 05:35:12+00:00,create,2001:7fc:3::/48,3970,48
2022-02-28 13:17:53+00:00,delete,2001:7fc:3::/48,3970,48
2022-02-28 13:29:17+00:00,delete,151.216.5.0/24,3970,24
2022-03-01 02:01:36+00:00,create,151.216.5.0/24,3970,24
2022-03-01 02:55:56+00:00,create,2001:7fc:3::/48,3970,48
2022-03-01 14:54:55+00:00,delete,151.216.5.0/24,3970,24
2022-03-01 17:05:44+00:00,delete,2001:7fc:3::/48,3970,48
2022-03-02 00:29:43+00:00,create,2001:7fc:3::/48,3970,48
2022-03-02 02:31:45+00:00,create,151.216.5.0/24,3970,24
2022-03-02 12:36:01+00:00,delete,2001:7fc:3::/48,3970,48
2022-03-02 15:35:19+00:00,delete,151.216.5.0/24,3970,24
2022-03-03 02:41:21+00:00,create,2001:7fc:3::/48,3970,48
2022-03-03 05:12:33+00:00,create,151.216.5.0/24,3970,24
2022-03-03 12:22:06+00:00,delete,2001:7fc:3::/48,3970,48
2022-03-03 15:26:27+00:00,delete,151.216.5.0/24,3970,24
2022-03-04 00:27:52+00:00,create,2001:7fc:3::/48,3970,48
2022-03-04 00:42:35+00:00,create,151.216.5.0/24,3970,24
2022-03-04 16:31:14+00:00,delete,151.216.5.0/24,3970,24
2022-03-04 17:13:41+00:00,delete,2001:7fc:3::/48,3970,48
2022-03-05 04:47:26+00:00,create,2001:7fc:3::/48,3970,48
2022-03-05 05:27:41+00:00,create,151.216.5.0/24,3970,24
2022-03-05 14:39:24+00:00,delete,151.216.5.0/24,3970,24
2022-03-05 14:48:16+00:00,delete,2001:7fc:3::/48,3970,48
2022-03-06 00:08:38+00:00,create,2001:7fc:3::/48,3970,48
2022-03-06 03:49:33+00:00,create,151.216.5.0/24,3970,24
2022-03-06 15:41:56+00:00,delete,151.216.5.0/24,3970,24
2022-03-06 16:17:28+00:00,delete,2001:7fc:3::/48,3970,48
2022-03-07 03:53:38+00:00,create,151.216.5.0/24,3970,24
2022-03-07 04:03:29+00:00,create,2001:7fc:3::/48,3970,48
2022-03-07 12:47:30+00:00,delete,151.216.5.0/24,3970,24
2022-03-07 12:57:15+00:00,delete,2001:7fc:3::/48,3970,48
2022-03-08 04:05:09+00:00,create,2001:7fc:3::/48,3970,48
2022-03-08 05:19:22+00:00,create,151.216.5.0/24,3970,24
2022-03-08 17:09:33+00:00,delete,2001:7fc:3::/48,3970,48
2022-03-08 17:32:50+00:00,delete,151.216.5.0/24,3970,24
2022-03-09 00:52:26+00:00,create,2001:7fc:3::/48,3970,48
2022-03-09 05:32:05+00:00,create,151.216.5.0/24,3970,24
2022-03-09 12:23:14+00:00,delete,2001:7fc:3::/48,3970,48
2022-03-09 17:28:46+00:00,delete,151.216.5.0/24,3970,24
2022-03-10 02:16:55+00:00,create,151.216.5.0/24,3970,24
2022-03-10 02:38:15+00:00,create,2001:7fc:3::/48,3970,48
2022-03-10 12:11:56+00:00,delete,2001:7fc:3::/48,3970,48
2022-03-10 16:26:00+00:00,delete,151.216.5.0/24,3970,24
2022-03-11 01:08:11+00:00,create,2001:7fc:3::/48,3970,48
2022-03-11 05:18:48+00:00,create,151.216.5.0/24,3970,24
2022-03-11 15:10:25+00:00,delete,151.216.5.0/24,3970,24
2022-03-11 15:13:52+00:00,delete,2001:7fc:3::/48,3970,48
2022-03-12 02:04:33+00:00,create,2001:7fc:3::/48,3970,48
2022-03-12 03:53:36+00:00,create,151.216.5.0/24,3970,24
2022-03-12 14:27:56+00:00,delete,151.216.5.0/24,3970,24
2022-03-12 16:27:06+00:00,delete,2001:7fc:3::/48,3970,48
2022-03-13 01:11:53+00:00,create,151.216.5.0/24,3970,24
2022-03-13 05:42:44+00:00,create,2001:7fc:3::/48,3970,48
2022-03-13 13:10:41+00:00,delete,151.216.5.0/24,3970,24
2022-03-13 15:32:20+00:00,delete,2001:7fc:3::/48,3970,48
2022-03-14 05:04:19+00:00,create,2001:7fc:3::/48,3970,48
2022-03-14 05:38:11+00:00,create,151.216.5.0/24,3970,24
2022-03-14 13:22:03+00:00,delete,151.216.5.0/24,3970,24
2022-03-15 01:39:47+00:00,create,2001:7fc:3::/48,3970,48
2022-03-15 03:05:05+00:00,create,151.216.5.0/24,3970,24
2022-03-15 12:42:57+00:00,delete,151.216.5.0/24,3970,24
2022-03-15 13:38:27+00:00,delete,2001:7fc:3::/48,3970,48
2022-03-16 04:34:21+00:00,create,2001:7fc:3::/48,3970,48
2022-03-16 05:18:40+00:00,create,151.216.5.0/24,3970,24
2022-03-16 14:13:29+00:00,delete,2001:7fc:3::/48,3970,48
2022-03-16 16:24:55+00:00,delete,151.216.5.0/24,3970,24
2022-03-17 01:54:48+00:00,create,2001:7fc:3::/48,3970,48
2022-03-17 05:42:18+00:00,create,151.216.5.0/24,3970,24
2022-03-17 15:19:19+00:00,delete,2001:7fc:3::/48,3970,48
2022-03-17 17:48:14+00:00,delete,151.216.5.0/24,3970,24
2022-03-18 00:41:35+00:00,create,151.216.5.0/24,3970,24
2022-03-18 01:01:39+00:00,create,2001:7fc:3::/48,3970,48
2022-03-18 13:45:22+00:00,delete,151.216.5.0/24,3970,24
2022-03-18 16:50:10+00:00,delete,2001:7fc:3::/48,3970,48
2022-03-19 00:36:04+00:00,create,2001:7fc:3::/48,3970,48
2022-03-19 04:50:47+00:00,create,151.216.5.0/24,3970,24
2022-03-19 16:25:02+00:00,delete,151.216.5.0/24,3970,24
2022-03-19 17:47:21+00:00,delete,2001:7fc:3::/48,3970,48
2022-03-20 02:53:54+00:00,create,151.216.5.0/24,3970,24
2022-03-20 04:08:37+00:00,create,2001:7fc:3::/48,3970,48
2022-03-20 14:06:03+00:00,delete,2001:7fc:3::/48,3970,48
2022-03-20 15:56:32+00:00,delete,151.216.5.0/24,3970,24
2022-03-21 00:24:34+00:00,create,151.216.5.0/24,3970,24
2022-03-21 04:03:16+00:00,create,2001:7fc:3::/48,3970,48
2022-03-21 15:36:07+00:00,delete,2001:7fc:3::/48,3970,48
2022-03-21 15:46:53+00:00,delete,151.216.5.0/24,3970,24
2022-03-22 05:32:40+00:00,create,151.216.5.0/24,3970,24
2022-03-22 05:51:59+00:00,create,2001:7fc:3::/48,3970,48
2022-03-22 14:09:08+00:00,delete,2001:7fc:3::/48,3970,48
2022-03-22 17:32:35+00:00,delete,151.216.5.0/24,3970,24
2022-03-23 05:29:06+00:00,create,2001:7fc:3::/48,3970,48
2022-03-23 05:31:41+00:00,create,151.216.5.0/24,3970,24
2022-03-23 12:45:36+00:00,delete,151.216.5.0/24,3970,24
2022-03-23 14:25:59+00:00,delete,2001:7fc:3::/48,3970,48
2022-03-24 02:15:53+00:00,create,2001:7fc:3::/48,3970,48
2022-03-24 03:33:21+00:00,create,151.216.5.0/24,3970,24
2022-03-24 12:14:58+00:00,delete,2001:7fc:3::/48,3970,48
2022-03-24 17:25:13+00:00,delete,151.216.5.0/24,3970,24
2022-03-25 01:17:50+00:00,create,2001:7fc:3::/48,3970,48
2022-03-25 03:47:42+00:00,create,151.216.5.0/24,3970,24
2022-03-25 14:10:34+00:00,delete,151.216.5.0/24,3970,24
2022-03-25 16:32:06+00:00,delete,2001:7fc:3::/48,3970,48
2022-03-26 00:01:18+00:00,create,2001:7fc:3::/48,3970,48
2022-03-26 00:58:36+00:00,create,151.216.5.0/24,3970,24
2022-03-26 15:02:00+00:00,delete,151.216.5.0/24,3970,24
2022-03-26 16:38:37+00:00,delete,2001:7fc:3::/48,3970,48
2022-03-27 03:09:29+00:00,create,151.216.5.0/24,3970,24
2022-03-27 03:42:29+00:00,create,2001:7fc:3::/48,3970,48
2022-03-27 12:16:24+00:00,delete,151.216.5.0/24,3970,24
2022-03-27 14:30:16+00:00,delete,2001:7fc:3::/48,3970,48
2022-03-28 03:46:34+00:00,create,151.216.5.0/24,3970,24
2022-03-28 05:24:55+00:00,create,2001:7fc:3::/48,3970,48
2022-03-28 14:51:09+00:00,delete,2001:7fc:3::/48,3970,48
2022-03-28 16:54:20+00:00,delete,151.216.5.0/24,3970,24
2022-03-29 01:27:41+00:00,create,151.216.5.0/24,3970,24
2022-03-29 02:26:02+00:00,create,2001:7fc:3::/48,3970,48
2022-03-29 16:15:40+00:00,delete,151.216.5.0/24,3970,24
2022-03-29 16:36:07+00:00,delete,2001:7fc:3::/48,3970,48
2022-03-30 00:14:22+00:00,create,151.216.5.0/24,3970,24
2022-03-30 02:44:33+00:00,create,2001:7fc:3::/48,3970,48
2022-03-30 12:38:10+00:00,delete,151.216.5.0/24,3970,24
2022-03-30 16:50:12+00:00,delete,2001:7fc:3::/48,3970,48
2022-03-31 00:22:31+00:00,create,2001:7fc:3::/48,3970,48
2022-03-31 02:13:45+00:00,create,151.216.5.0/24,3970,24
2022-03-31 12:06:15+00:00,delete,2001:7fc:3::/48,3970,48
2022-03-31 15:26:22+00:00,delete,151.216.5.0/24,3970,24
2022-04-01 00:19:07+00:00,create,2001:7fc:3::/48,3970,48
2022-04-01 00:39:35+00:00,create,151.216.5.0/24,3970,24
2022-04-01 14:44:26+00:00,delete,151.216.5.0/24,3970,24
2022-04-01 17:15:46+00:00,delete,2001:7fc:3::/48,3970,48
2022-04-02 02:19:38+00:00,create,2001:7fc:3::/48,3970,48
2022-04-02 05:40:00+00:00,create,151.216.5.0/24,3970,24
2022-04-02 13:21:47+00:00,delete,2001:7fc:3::/48,3970,48
2022-04-02 17:15:41+00:00,delete,151.216.5.0/24,3970,24
2022-04-03 02:08:24+00:00,create,2001:7fc:3::/48,3970,48
2022-04-03 02:59:44+00:00,create,151.216.5.0/24,3970,24
2022-04-03 12:51:22+00:00,delete,151.216.5.0/24,3970,24
2022-04-03 16:47:24+00:00,delete,2001:7fc:3::/48,3970,48
2022-04-04 02:43:35+00:00,create,151.216.5.0/24,3970,24
2022-04-04 03:21:36+00:00,create,2001:7fc:3::/48,3970,48
2022-04-04 16:08:36+00:00,delete,151.216.5.0/24,3970,24
2022-04-04 17:39:21+00:00,delete,2001:7fc:3::/48,3970,48
2022-04-05 03:32:32+00:00,create,2001:7fc:3::/48,3970,48
2022-04-05 03:50:22+00:00,create,151.216.5.0/24,3970,24
2022-04-05 16:07:08+00:00,delete,151.216.5.0/24,3970,24
2022-04-05 16:40:43+00:00,delete,2001:7fc:3::/48,3970,48
2022-04-06 00:20:27+00:00,create,2001:7fc:3::/48,3970,48
2022-04-06 04:54:28+00:00,create,151.216.5.0/24,3970,24
2022-04-06 16:41:26+00:00,delete,151.216.5.0/24,3970,24
2022-04-06 17:43:07+00:00,delete,2001:7fc:3::/48,3970,48
2022-04-07 01:20:27+00:00,create,2001:7fc:3::/48,3970,48
2022-04-07 01:44:46+00:00,create,151.216.5.0/24,3970,24
2022-04-07 15:48:26+00:00,delete,2001:7fc:3::/48,3970,48
2022-04-07 17:02:14+00:00,delete,151.216.5.0/24,3970,24
2022-04-08 01:48:43+00:00,create,2001:7fc:3::/48,3970,48
2022-04-08 05:07:00+00:00,create,151.216.5.0/24,3970,24
2022-04-08 05:24:35+00:00,delete,2001:7fc:3::/48,3970,48
2022-04-08 05:24:55+00:00,delete,151.216.5.0/24,3970,24
2022-04-08 07:39:02+00:00,create,151.216.5.0/24,3970,24
2022-04-08 09:08:12+00:00,create,2001:7fc:3::/48,3970,48
2022-04-08 20:19:14+00:00,delete,2001:7fc:3::/48,3970,48
2022-04-08 23:42:25+00:00,delete,151.216.5.0/24,3970,24
2022-04-09 09:51:46+00:00,create,151.216.5.0/24,3970,24
2022-04-09 11:03:44+00:00,create,2001:7fc:3::/48,3970,48
2022-04-09 22:30:42+00:00,delete,2001:7fc:3::/48,3970,48
2022-04-09 22:34:39+00:00,delete,151.216.5.0/24,3970,24
2022-04-10 09:02:22+00:00,create,151.216.5.0/24,3970,24
2022-04-10 10:47:49+00:00,create,2001:7fc:3::/48,3970,48
2022-04-10 18:03:55+00:00,delete,151.216.5.0/24,3970,24
2022-04-10 22:44:36+00:00,delete,2001:7fc:3::/48,3970,48
2022-04-11 06:18:11+00:00,create,2001:7fc:3::/48,3970,48
2022-04-11 11:43:30+00:00,create,151.216.5.0/24,3970,24
2022-04-11 22:00:40+00:00,delete,2001:7fc:3::/48,3970,48
2022-04-11 23:33:17+00:00,delete,151.216.5.0/24,3970,24
2022-04-12 09:14:31+00:00,create,151.216.5.0/24,3970,24
2022-04-12 09:28:04+00:00,create,2001:7fc:3::/48,3970,48
2022-04-12 18:19:12+00:00,delete,151.216.5.0/24,3970,24
2022-04-12 19:11:09+00:00,delete,2001:7fc:3::/48,3970,48
2022-04-13 09:28:33+00:00,create,2001:7fc:3::/48,3970,48
2022-04-13 11:46:21+00:00,create,151.216.5.0/24,3970,24
2022-04-13 20:54:54+00:00,delete,2001:7fc:3::/48,3970,48
2022-04-13 22:14:45+00:00,delete,151.216.5.0/24,3970,24
2022-04-14 06:53:23+00:00,create,2001:7fc:3::/48,3970,48
2022-04-14 07:54:58+00:00,create,151.216.5.0/24,3970,24
2022-04-14 18:23:09+00:00,delete,2001:7fc:3::/48,3970,48
2022-04-14 19:31:09+00:00,delete,151.216.5.0/24,3970,24
2022-04-15 06:52:53+00:00,create,151.216.5.0/24,3970,24
2022-04-15 08:09:15+00:00,create,2001:7fc:3::/48,3970,48
2022-04-15 18:57:23+00:00,delete,2001:7fc:3::/48,3970,48
2022-04-15 20:56:51+00:00,delete,151.216.5.0/24,3970,24
2022-04-16 09:19:08+00:00,create,151.216.5.0/24,3970,24
2022-04-16 10:35:23+00:00,create,2001:7fc:3::/48,3970,48
2022-04-16 18:55:25+00:00,delete,151.216.5.0/24,3970,24
2022-04-16 22:59:41+00:00,delete,2001:7fc:3::/48,3970,48
2022-04-17 07:41:29+00:00,create,151.216.5.0/24,3970,24
2022-04-17 11:44:16+00:00,create,2001:7fc:3::/48,3970,48
2022-04-17 18:20:55+00:00,delete,2001:7fc:3::/48,3970,48
2022-04-17 21:27:29+00:00,delete,151.216.5.0/24,3970,24
2022-04-18 08:47:10+00:00,create,2001:7fc:3::/48,3970,48
2022-04-18 11:35:23+00:00,create,151.216.5.0/24,3970,24
2022-04-18 18:01:03+00:00,delete,2001:7fc:3::/48,3970,48
2022-04-18 23:22:19+00:00,delete,151.216.5.0/24,3970,24
2022-04-19 06:15:32+00:00,create,2001:7fc:3::/48,3970,48
2022-04-19 06:55:40+00:00,create,151.216.5.0/24,3970,24
2022-04-19 20:11:23+00:00,delete,2001:7fc:3::/48,3970,48
2022-04-19 22:40:27+00:00,delete,151.216.5.0/24,3970,24
2022-04-20 06:35:45+00:00,create,2001:7fc:3::/48,3970,48
2022-04-20 10:02:04+00:00,create,151.216.5.0/24,3970,24
2022-04-20 23:35:19+00:00,delete,151.216.5.0/24,3970,24
2022-04-20 23:46:38+00:00,delete,2001:7fc:3::/48,3970,48
2022-04-21 07:34:14+00:00,create,2001:7fc:3::/48,3970,48
2022-04-21 11:23:14+00:00,create,151.216.5.0/24,3970,24
2022-04-21 18:53:11+00:00,delete,2001:7fc:3::/48,3970,48
2022-04-21 21:12:36+00:00,delete,151.216.5.0/24,3970,24
2022-04-22 07:17:31+00:00,create,151.216.5.0/24,3970,24
2022-04-22 07:56:19+00:00,create,2001:7fc:3::/48,3970,48
2022-04-22 20:39:54+00:00,delete,2001:7fc:3::/48,3970,48
2022-04-22 21:57:36+00:00,delete,151.216.5.0/24,3970,24
2022-04-23 08:44:09+00:00,create,2001:7fc:3::/48,3970,48
2022-04-23 10:27:24+00:00,create,151.216.5.0/24,3970,24
2022-04-23 19:01:24+00:00,delete,2001:7fc:3::/48,3970,48
2022-04-23 21:08:07+00:00,delete,151.216.5.0/24,3970,24
2022-04-24 10:09:26+00:00,create,151.216.5.0/24,3970,24
2022-04-24 11:52:07+00:00,create,2001:7fc:3::/48,3970,48
2022-04-24 19:12:57+00:00,delete,2001:7fc:3::/48,3970,48
2022-04-24 21:58:19+00:00,delete,151.216.5.0/24,3970,24
2022-04-25 08:25:22+00:00,create,2001:7fc:3::/48,3970,48
2022-04-25 08:44:44+00:00,create,151.216.5.0/24,3970,24
2022-04-25 13:28:24+00:00,delete,151.216.5.0/24,3970,24
2022-04-25 14:41:25+00:00,delete,2001:7fc:3::/48,3970,48
2022-04-26 01:00:52+00:00,create,151.216.5.0/24,3970,24
2022-04-26 02:03:45+00:00,create,2001:7fc:3::/48,3970,48
2022-04-26 04:49:46+00:00,create,151.216.32.0/24,395400,24
2022-04-26 04:50:37+00:00,create,151.216.32.0/24,666,24
2022-04-26 04:50:54+00:00,create,151.216.33.0/24,55722,24
2022-04-26 04:51:10+00:00,create,151.216.34.0/24,17660,24
2022-04-26 04:51:20+00:00,create,151.216.34.0/24,666,24
2022-04-26 04:51:28+00:00,create,151.216.33.0/24,666,24
2022-04-26 04:51:41+00:00,create,151.216.35.0/24,666,24
2022-04-26 04:51:49+00:00,create,151.216.36.0/24,666,24
2022-04-26 04:51:57+00:00,create,151.216.37.0/24,666,24
2022-04-26 04:52:06+00:00,create,151.216.38.0/24,666,24
2022-04-26 04:52:15+00:00,create,151.216.39.0/24,666,24
2022-04-26 06:12:56+00:00,create,151.216.32.0/24,23676,24
2022-04-26 06:13:26+00:00,delete,151.216.32.0/24,395400,24
2022-04-26 12:27:02+00:00,delete,2001:7fc:3::/48,3970,48
2022-04-26 13:32:03+00:00,delete,151.216.5.0/24,3970,24
2022-04-27 00:08:31+00:00,create,151.216.5.0/24,3970,24
2022-04-27 01:55:49+00:00,create,2001:7fc:3::/48,3970,48
2022-04-27 13:38:50+00:00,delete,2001:7fc:3::/48,3970,48
2022-04-27 17:43:50+00:00,delete,151.216.5.0/24,3970,24
2022-04-28 01:43:59+00:00,create,2001:7fc:3::/48,3970,48
2022-04-28 05:24:30+00:00,create,151.216.5.0/24,3970,24
2022-04-28 13:13:32+00:00,delete,151.216.5.0/24,3970,24
2022-04-28 14:59:15+00:00,delete,2001:7fc:3::/48,3970,48
2022-04-29 00:33:54+00:00,create,151.216.5.0/24,3970,24
2022-04-29 02:23:30+00:00,create,2001:7fc:3::/48,3970,48
2022-04-29 14:48:07+00:00,delete,2001:7fc:3::/48,3970,48
2022-04-29 17:50:33+00:00,delete,151.216.5.0/24,3970,24
2022-04-30 01:38:06+00:00,create,2001:7fc:3::/48,3970,48
2022-04-30 05:48:15+00:00,create,151.216.5.0/24,3970,24
2022-04-30 14:18:25+00:00,delete,151.216.5.0/24,3970,24
2022-04-30 15:23:23+00:00,delete,2001:7fc:3::/48,3970,48
2022-05-01 02:19:40+00:00,create,2001:7fc:3::/48,3970,48
2022-05-01 02:50:54+00:00,create,151.216.5.0/24,3970,24
2022-05-01 15:08:03+00:00,delete,151.216.5.0/24,3970,24
2022-05-01 17:19:34+00:00,delete,2001:7fc:3::/48,3970,48
2022-05-02 03:03:37+00:00,create,151.216.5.0/24,3970,24
2022-05-02 04:51:01+00:00,create,2001:7fc:3::/48,3970,48
2022-05-02 12:21:15+00:00,delete,151.216.5.0/24,3970,24
2022-05-02 12:36:47+00:00,delete,2001:7fc:3::/48,3970,48
2022-05-03 00:03:13+00:00,create,151.216.5.0/24,3970,24
2022-05-03 04:54:53+00:00,create,2001:7fc:3::/48,3970,48
2022-05-03 12:13:42+00:00,delete,2001:7fc:3::/48,3970,48
2022-05-03 13:26:47+00:00,delete,151.216.5.0/24,3970,24
2022-05-04 03:42:39+00:00,create,151.216.5.0/24,3970,24
2022-05-04 04:30:38+00:00,create,2001:7fc:3::/48,3970,48
2022-05-04 12:01:06+00:00,delete,151.216.5.0/24,3970,24
2022-05-04 15:06:34+00:00,delete,2001:7fc:3::/48,3970,48
2022-05-05 00:46:42+00:00,create,2001:7fc:3::/48,3970,48
2022-05-05 04:07:24+00:00,create,151.216.5.0/24,3970,24
2022-05-05 12:30:15+00:00,delete,2001:7fc:3::/48,3970,48
2022-05-05 12:59:46+00:00,delete,151.216.5.0/24,3970,24
2022-05-06 00:51:17+00:00,create,151.216.5.0/24,3970,24
2022-05-06 03:27:06+00:00,create,2001:7fc:3::/48,3970,48
2022-05-06 12:16:56+00:00,delete,151.216.34.0/24,17660,24
2022-05-06 13:17:41+00:00,delete,2001:7fc:3::/48,3970,48
2022-05-06 13:53:30+00:00,delete,151.216.32.0/24,23676,24
2022-05-06 17:53:16+00:00,delete,151.216.5.0/24,3970,24
2022-05-07 00:08:11+00:00,create,2001:7fc:3::/48,3970,48
2022-05-07 01:01:37+00:00,create,151.216.5.0/24,3970,24
2022-05-07 01:32:21+00:00,create,151.216.34.0/24,17660,24
2022-05-07 03:21:46+00:00,create,151.216.32.0/24,23676,24
2022-05-07 13:02:01+00:00,delete,151.216.32.0/24,23676,24
2022-05-07 13:39:55+00:00,delete,2001:7fc:3::/48,3970,48
2022-05-07 14:05:18+00:00,delete,151.216.5.0/24,3970,24
2022-05-07 17:28:52+00:00,delete,151.216.34.0/24,17660,24
2022-05-08 01:38:39+00:00,create,151.216.34.0/24,17660,24
2022-05-08 02:32:44+00:00,create,2001:7fc:3::/48,3970,48
2022-05-08 04:03:45+00:00,create,151.216.32.0/24,23676,24
2022-05-08 05:14:46+00:00,create,151.216.5.0/24,3970,24
2022-05-08 13:03:06+00:00,delete,2001:7fc:3::/48,3970,48
2022-05-08 13:34:18+00:00,delete,151.216.5.0/24,3970,24
2022-05-08 16:13:07+00:00,delete,151.216.34.0/24,17660,24
2022-05-08 16:37:32+00:00,delete,151.216.32.0/24,23676,24
2022-05-09 00:28:09+00:00,create,2001:7fc:3::/48,3970,48
2022-05-09 00:51:11+00:00,create,151.216.32.0/24,23676,24
2022-05-09 02:47:46+00:00,create,151.216.34.0/24,17660,24
2022-05-09 03:09:34+00:00,create,151.216.5.0/24,3970,24
2022-05-09 14:04:47+00:00,delete,151.216.5.0/24,3970,24
2022-05-09 16:48:13+00:00,delete,151.216.33.0/24,55722,24
2022-05-09 17:15:37+00:00,delete,2001:7fc:3::/48,3970,48
2022-05-09 17:27:47+00:00,delete,151.216.34.0/24,17660,24
2022-05-09 17:34:31+00:00,delete,151.216.32.0/24,23676,24
2022-05-10 00:50:08+00:00,create,151.216.33.0/24,55722,24
2022-05-10 01:43:25+00:00,create,2001:7fc:3::/48,3970,48
2022-05-10 02:36:47+00:00,create,151.216.32.0/24,23676,24
2022-05-10 02:52:50+00:00,create,151.216.5.0/24,3970,24
2022-05-10 05:04:32+00:00,create,151.216.34.0/24,17660,24
2022-05-10 13:54:14+00:00,delete,151.216.34.0/24,17660,24
2022-05-10 14:17:26+00:00,delete,151.216.5.0/24,3970,24
2022-05-10 14:26:59+00:00,delete,151.216.32.0/24,23676,24
2022-05-10 15:31:45+00:00,delete,2001:7fc:3::/48,3970,48
2022-05-10 15:41:43+00:00,delete,151.216.33.0/24,55722,24
2022-05-11 01:09:08+00:00,create,151.216.32.0/24,23676,24
2022-05-11 02:48:31+00:00,create,151.216.34.0/24,17660,24
2022-05-11 03:26:29+00:00,create,2001:7fc:3::/48,3970,48
2022-05-11 04:20:53+00:00,create,151.216.5.0/24,3970,24
2022-05-11 05:04:24+00:00,create,151.216.33.0/24,55722,24
2022-05-11 12:12:08+00:00,delete,151.216.33.0/24,55722,24
2022-05-11 12:37:50+00:00,delete,151.216.34.0/24,17660,24
2022-05-11 13:02:29+00:00,delete,2001:7fc:3::/48,3970,48
2022-05-11 14:15:15+00:00,delete,151.216.5.0/24,3970,24
2022-05-11 16:31:12+00:00,delete,151.216.32.0/24,23676,24
2022-05-12 01:27:56+00:00,create,151.216.34.0/24,17660,24
2022-05-12 01:46:15+00:00,create,151.216.32.0/24,23676,24
2022-05-12 03:49:52+00:00,create,151.216.5.0/24,3970,24
2022-05-12 03:52:29+00:00,create,2001:7fc:3::/48,3970,48
2022-05-12 05:44:59+00:00,create,151.216.33.0/24,55722,24
2022-05-12 14:45:41+00:00,delete,151.216.32.0/24,23676,24
2022-05-12 15:42:42+00:00,delete,2001:7fc:3::/48,3970,48
2022-05-12 15:56:01+00:00,delete,151.216.34.0/24,17660,24
2022-05-12 16:50:39+00:00,delete,151.216.33.0/24,55722,24
2022-05-12 16:53:57+00:00,delete,151.216.5.0/24,3970,24
2022-05-13 00:06:28+00:00,create,151.216.34.0/24,17660,24
2022-05-13 01:03:35+00:00,create,151.216.33.0/24,55722,24
2022-05-13 13:06:55+00:00,delete,151.216.34.0/24,17660,24
2022-05-13 13:07:42+00:00,delete,151.216.33.0/24,55722,24
2022-05-13 13:11:24+00:00,delete,2001:7fc:3::/48,3970,48
2022-05-13 15:22:21+00:00,delete,151.216.32.0/24,23676,24
2022-05-13 17:15:00+00:00,delete,151.216.5.0/24,3970,24
2022-05-14 00:49:03+00:00,create,151.216.33.0/24,55722,24
2022-05-14 02:54:28+00:00,create,2001:7fc:3::/48,3970,48
2022-05-14 03:19:57+00:00,create,151.216.34.0/24,17660,24
2022-05-14 04:08:09+00:00,create,151.216.32.0/24,23676,24
2022-05-14 05:13:03+00:00,create,151.216.5.0/24,3970,24
2022-05-14 12:45:37+00:00,delete,151.216.33.0/24,55722,24
2022-05-14 13:29:15+00:00,delete,151.216.32.0/24,23676,24
2022-05-14 16:20:53+00:00,delete,151.216.34.0/24,17660,24
2022-05-14 16:51:25+00:00,delete,151.216.5.0/24,3970,24
2022-05-14 17:22:48+00:00,delete,2001:7fc:3::/48,3970,48
2022-05-15 01:25:25+00:00,create,151.216.5.0/24,3970,24
2022-05-15 02:04:14+00:00,create,2001:7fc:3::/48,3970,48
2022-05-15 03:46:12+00:00,create,151.216.32.0/24,23676,24
2022-05-15 04:37:17+00:00,create,151.216.34.0/24,17660,24
2022-05-15 05:41:23+00:00,create,151.216.33.0/24,55722,24
2022-05-15 12:58:54+00:00,delete,151.216.32.0/24,23676,24
2022-05-15 13:49:18+00:00,delete,151.216.33.0/24,55722,24
2022-05-15 14:21:28+00:00,delete,2001:7fc:3::/48,3970,48
2022-05-15 16:33:08+00:00,delete,151.216.5.0/24,3970,24
2022-05-15 17:44:14+00:00,delete,151.216.34.0/24,17660,24
2022-05-16 00:08:33+00:00,create,151.216.33.0/24,55722,24
2022-05-16 01:20:25+00:00,create,151.216.34.0/24,17660,24
2022-05-16 03:23:07+00:00,create,151.216.32.0/24,23676,24
2022-05-16 03:52:28+00:00,create,151.216.5.0/24,3970,24
2022-05-16 05:14:02+00:00,create,2001:7fc:3::/48,3970,48
2022-05-16 13:46:44+00:00,delete,151.216.34.0/24,17660,24
2022-05-16 13:49:31+00:00,delete,151.216.33.0/24,55722,24
2022-05-16 16:07:09+00:00,delete,151.216.32.0/24,23676,24
2022-05-16 16:09:48+00:00,delete,151.216.5.0/24,3970,24
2022-05-16 17:11:32+00:00,delete,2001:7fc:3::/48,3970,48
2022-05-17 00:47:45+00:00,create,2001:7fc:3::/48,3970,48
2022-05-17 01:43:39+00:00,create,151.216.5.0/24,3970,24
2022-05-17 03:11:53+00:00,create,151.216.33.0/24,55722,24
2022-05-17 04:39:41+00:00,create,151.216.32.0/24,23676,24
2022-05-17 05:48:39+00:00,create,151.216.34.0/24,17660,24
2022-05-17 13:51:53+00:00,delete,2001:7fc:3::/48,3970,48
2022-05-17 14:01:00+00:00,delete,151.216.5.0/24,3970,24
2022-05-17 15:00:34+00:00,delete,151.216.33.0/24,55722,24
2022-05-17 16:42:21+00:00,delete,151.216.32.0/24,23676,24
2022-05-17 16:50:13+00:00,delete,151.216.34.0/24,17660,24
2022-05-18 01:46:02+00:00,create,151.216.32.0/24,23676,24
2022-05-18 01:50:35+00:00,create,151.216.34.0/24,17660,24
2022-05-18 02:48:03+00:00,create,2001:7fc:3::/48,3970,48
2022-05-18 03:02:58+00:00,create,151.216.5.0/24,3970,24
2022-05-18 05:14:45+00:00,create,151.216.33.0/24,55722,24
2022-05-18 12:19:57+00:00,delete,151.216.5.0/24,3970,24
2022-05-18 12:56:16+00:00,delete,151.216.32.0/24,23676,24
2022-05-18 13:00:46+00:00,delete,2001:7fc:3::/48,3970,48
2022-05-18 15:00:34+00:00,delete,151.216.34.0/24,17660,24
2022-05-18 16:03:09+00:00,delete,151.216.33.0/24,55722,24
2022-05-19 00:08:08+00:00,create,2001:7fc:3::/48,3970,48
2022-05-19 04:51:49+00:00,create,151.216.5.0/24,3970,24
2022-05-19 05:30:16+00:00,create,151.216.33.0/24,55722,24
2022-05-19 05:54:11+00:00,create,151.216.32.0/24,23676,24
2022-05-19 05:57:06+00:00,create,151.216.34.0/24,17660,24
2022-05-19 14:57:50+00:00,delete,151.216.5.0/24,3970,24
2022-05-19 16:39:43+00:00,delete,151.216.34.0/24,17660,24
2022-05-19 17:06:22+00:00,delete,151.216.32.0/24,23676,24
2022-05-19 17:29:49+00:00,delete,151.216.33.0/24,55722,24
2022-05-19 17:42:48+00:00,delete,2001:7fc:3::/48,3970,48
2022-05-20 00:33:03+00:00,create,151.216.34.0/24,17660,24
2022-05-20 00:37:14+00:00,create,151.216.32.0/24,23676,24
2022-05-20 00:52:46+00:00,create,2001:7fc:3::/48,3970,48
2022-05-20 03:01:10+00:00,create,151.216.5.0/24,3970,24
2022-05-20 04:35:38+00:00,create,151.216.33.0/24,55722,24
2022-05-20 12:38:05+00:00,delete,151.216.32.0/24,23676,24
2022-05-20 14:17:55+00:00,delete,151.216.34.0/24,17660,24
2022-05-20 15:47:01+00:00,delete,151.216.5.0/24,3970,24
2022-05-20 16:14:47+00:00,delete,2001:7fc:3::/48,3970,48
2022-05-20 17:40:34+00:00,delete,151.216.33.0/24,55722,24
2022-05-21 00:31:28+00:00,create,151.216.33.0/24,55722,24
2022-05-21 01:20:06+00:00,create,151.216.5.0/24,3970,24
2022-05-21 01:51:04+00:00,create,2001:7fc:3::/48,3970,48
2022-05-21 03:29:29+00:00,create,151.216.32.0/24,23676,24
2022-05-21 03:39:45+00:00,create,151.216.34.0/24,17660,24
2022-05-21 12:40:41+00:00,delete,151.216.5.0/24,3970,24
2022-05-21 13:11:32+00:00,delete,151.216.33.0/24,55722,24
2022-05-21 14:06:56+00:00,delete,151.216.32.0/24,23676,24
2022-05-21 15:46:44+00:00,delete,151.216.34.0/24,17660,24
2022-05-21 17:22:52+00:00,delete,2001:7fc:3::/48,3970,48
2022-05-22 00:33:10+00:00,create,151.216.32.0/24,23676,24
2022-05-22 01:51:52+00:00,create,151.216.33.0/24,55722,24
2022-05-22 03:36:28+00:00,create,151.216.34.0/24,17660,24
2022-05-22 04:01:15+00:00,create,151.216.5.0/24,3970,24
2022-05-22 04:41:33+00:00,create,2001:7fc:3::/48,3970,48
2022-05-22 13:30:25+00:00,delete,2001:7fc:3::/48,3970,48
2022-05-22 14:39:15+00:00,delete,151.216.34.0/24,17660,24
2022-05-22 14:56:13+00:00,delete,151.216.32.0/24,23676,24
2022-05-22 16:54:55+00:00,delete,151.216.5.0/24,3970,24
2022-05-22 17:22:14+00:00,delete,151.216.33.0/24,55722,24
2022-05-23 00:47:51+00:00,create,151.216.32.0/24,23676,24
2022-05-23 01:21:54+00:00,create,2001:7fc:3::/48,3970,48
2022-05-23 03:59:20+00:00,create,151.216.33.0/24,55722,24
2022-05-23 04:36:00+00:00,create,151.216.5.0/24,3970,24
2022-05-23 05:26:57+00:00,create,151.216.34.0/24,17660,24
2022-05-23 13:48:32+00:00,delete,151.216.33.0/24,55722,24
2022-05-23 13:59:32+00:00,delete,151.216.34.0/24,17660,24
2022-05-23 14:39:05+00:00,delete,151.216.32.0/24,23676,24
2022-05-23 15:12:41+00:00,delete,151.216.5.0/24,3970,24
2022-05-23 15:34:07+00:00,delete,2001:7fc:3::/48,3970,48
2022-05-24 01:09:07+00:00,create,151.216.5.0/24,3970,24
2022-05-24 02:58:42+00:00,create,151.216.34.0/24,17660,24
2022-05-24 04:32:15+00:00,create,151.216.33.0/24,55722,24
2022-05-24 04:50:46+00:00,create,2001:7fc:3::/48,3970,48
2022-05-24 04:57:52+00:00,create,151.216.32.0/24,23676,24
2022-05-24 12:07:25+00:00,delete,151.216.33.0/24,55722,24
2022-05-24 12:57:03+00:00,delete,151.216.34.0/24,17660,24
2022-05-24 13:37:32+00:00,delete,151.216.5.0/24,3970,24
2022-05-24 15:06:08+00:00,delete,151.216.32.0/24,23676,24
2022-05-24 16:53:22+00:00,delete,2001:7fc:3::/48,3970,48
2022-05-25 01:43:40+00:00,create,151.216.5.0/24,3970,24
2022-05-25 03:26:42+00:00,create,151.216.34.0/24,17660,24
2022-05-25 05:19:45+00:00,create,151.216.32.0/24,23676,24
2022-05-25 05:36:48+00:00,create,151.216.33.0/24,55722,24
2022-05-25 05:37:14+00:00,create,2001:7fc:3::/48,3970,48
2022-05-25 12:08:16+00:00,delete,151.216.5.0/24,3970,24
2022-05-25 12:46:41+00:00,delete,2001:7fc:3::/48,3970,48
2022-05-25 14:17:59+00:00,delete,151.216.32.0/24,23676,24
2022-05-25 16:07:40+00:00,delete,151.216.34.0/24,17660,24
2022-05-25 17:01:00+00:00,delete,151.216.33.0/24,55722,24
2022-05-26 00:56:48+00:00,create,151.216.34.0/24,17660,24
2022-05-26 02:53:18+00:00,create,2001:7fc:3::/48,3970,48
2022-05-26 02:57:33+00:00,create,151.216.5.0/24,3970,24
2022-05-26 03:35:40+00:00,create,151.216.33.0/24,55722,24
2022-05-26 05:51:40+00:00,create,151.216.32.0/24,23676,24
2022-05-26 12:45:10+00:00,delete,151.216.32.0/24,23676,24
2022-05-26 13:18:03+00:00,delete,2001:7fc:3::/48,3970,48
2022-05-26 14:33:02+00:00,delete,151.216.33.0/24,55722,24
2022-05-26 16:15:25+00:00,delete,151.216.34.0/24,17660,24
2022-05-26 16:31:45+00:00,delete,151.216.5.0/24,3970,24
2022-05-27 01:34:37+00:00,create,151.216.5.0/24,3970,24
2022-05-27 01:52:31+00:00,create,151.216.33.0/24,55722,24
2022-05-27 03:16:05+00:00,create,151.216.32.0/24,23676,24
2022-05-27 03:44:36+00:00,create,151.216.34.0/24,17660,24
2022-05-27 05:41:15+00:00,create,2001:7fc:3::/48,3970,48
2022-05-27 12:00:47+00:00,delete,151.216.33.0/24,55722,24
2022-05-27 13:05:46+00:00,delete,151.216.34.0/24,17660,24
2022-05-27 14:48:28+00:00,delete,2001:7fc:3::/48,3970,48
2022-05-27 15:36:33+00:00,delete,151.216.5.0/24,3970,24
2022-05-27 15:43:28+00:00,delete,151.216.32.0/24,23676,24
2022-05-28 01:50:44+00:00,create,151.216.32.0/24,23676,24
2022-05-28 02:16:21+00:00,create,151.216.5.0/24,3970,24
2022-05-28 03:13:34+00:00,create,151.216.34.0/24,17660,24
2022-05-28 03:15:43+00:00,create,151.216.33.0/24,55722,24
2022-05-28 03:50:06+00:00,create,2001:7fc:3::/48,3970,48
2022-05-28 12:13:03+00:00,delete,151.216.5.0/24,3970,24
2022-05-28 13:45:26+00:00,delete,2001:7fc:3::/48,3970,48
2022-05-28 15:13:04+00:00,delete,151.216.34.0/24,17660,24
2022-05-28 16:20:05+00:00,delete,151.216.32.0/24,23676,24
2022-05-28 16:36:44+00:00,delete,151.216.33.0/24,55722,24
2022-05-29 00:26:39+00:00,create,151.216.33.0/24,55722,24
2022-05-29 01:25:53+00:00,create,151.216.34.0/24,17660,24
2022-05-29 02:28:13+00:00,create,151.216.5.0/24,3970,24
2022-05-29 03:37:46+00:00,create,151.216.32.0/24,23676,24
2022-05-29 05:43:29+00:00,create,2001:7fc:3::/48,3970,48
2022-05-29 13:05:50+00:00,delete,2001:7fc:3::/48,3970,48
2022-05-29 13:14:03+00:00,delete,151.216.32.0/24,23676,24
2022-05-29 13:24:44+00:00,delete,151.216.5.0/24,3970,24
2022-05-29 14:27:51+00:00,delete,151.216.34.0/24,17660,24
2022-05-29 15:38:49+00:00,delete,151.216.33.0/24,55722,24
2022-05-30 01:09:56+00:00,create,2001:7fc:3::/48,3970,48
2022-05-30 02:03:17+00:00,create,151.216.34.0/24,17660,24
2022-05-30 02:11:20+00:00,create,151.216.32.0/24,23676,24
2022-05-30 04:37:59+00:00,create,151.216.33.0/24,55722,24
2022-05-30 04:45:09+00:00,create,151.216.5.0/24,3970,24
2022-05-30 12:53:36+00:00,delete,151.216.32.0/24,23676,24
2022-05-30 13:42:00+00:00,delete,151.216.34.0/24,17660,24
2022-05-30 13:55:59+00:00,delete,151.216.5.0/24,3970,24
2022-05-30 14:51:23+00:00,delete,151.216.33.0/24,55722,24
2022-05-30 17:59:51+00:00,delete,2001:7fc:3::/48,3970,48
2022-05-31 00:04:19+00:00,create,151.216.34.0/24,17660,24
2022-05-31 00:44:06+00:00,create,2001:7fc:3::/48,3970,48
2022-05-31 01:37:03+00:00,create,151.216.32.0/24,23676,24
2022-05-31 01:47:00+00:00,create,151.216.5.0/24,3970,24
2022-05-31 05:52:29+00:00,create,151.216.33.0/24,55722,24
2022-05-31 13:48:15+00:00,delete,151.216.32.0/24,23676,24
2022-05-31 14:17:34+00:00,delete,151.216.33.0/24,55722,24
2022-05-31 14:29:52+00:00,delete,151.216.5.0/24,3970,24
2022-05-31 14:34:14+00:00,delete,151.216.34.0/24,17660,24
2022-05-31 15:43:56+00:00,delete,2001:7fc:3::/48,3970,48
2022-06-01 00:24:01+00:00,create,151.216.5.0/24,3970,24
2022-06-01 00:36:46+00:00,create,2001:7fc:3::/48,3970,48
2022-06-01 05:02:41+00:00,create,151.216.34.0/24,17660,24
2022-06-01 05:10:20+00:00,create,151.216.33.0/24,55722,24
2022-06-01 05:24:10+00:00,create,151.216.32.0/24,23676,24
2022-06-01 12:13:24+00:00,delete,151.216.33.0/24,55722,24
2022-06-01 12:26:43+00:00,delete,151.216.34.0/24,17660,24
2022-06-01 13:11:42+00:00,delete,151.216.5.0/24,3970,24
2022-06-01 13:39:02+00:00,delete,2001:7fc:3::/48,3970,48
2022-06-01 14:14:19+00:00,delete,151.216.32.0/24,23676,24
2022-06-02 01:12:24+00:00,create,151.216.32.0/24,23676,24
2022-06-02 01:43:34+00:00,create,151.216.5.0/24,3970,24
2022-06-02 02:59:40+00:00,create,151.216.33.0/24,55722,24
2022-06-02 03:21:16+00:00,create,2001:7fc:3::/48,3970,48
2022-06-02 05:31:58+00:00,create,151.216.34.0/24,17660,24
2022-06-02 12:04:13+00:00,delete,151.216.34.0/24,17660,24
2022-06-02 12:11:50+00:00,delete,151.216.5.0/24,3970,24
2022-06-02 13:15:21+00:00,delete,2001:7fc:3::/48,3970,48
2022-06-02 14:31:19+00:00,delete,151.216.33.0/24,55722,24
2022-06-02 15:49:45+00:00,delete,151.216.32.0/24,23676,24
2022-06-03 01:23:33+00:00,create,2001:7fc:3::/48,3970,48
2022-06-03 01:34:18+00:00,create,151.216.32.0/24,23676,24
2022-06-03 04:04:45+00:00,create,151.216.33.0/24,55722,24
2022-06-03 04:47:06+00:00,create,151.216.5.0/24,3970,24
2022-06-03 05:48:18+00:00,create,151.216.34.0/24,17660,24
2022-06-03 12:15:11+00:00,delete,151.216.33.0/24,55722,24
2022-06-03 12:39:40+00:00,delete,151.216.34.0/24,17660,24
2022-06-03 14:08:15+00:00,delete,2001:7fc:3::/48,3970,48
2022-06-03 14:51:37+00:00,delete,151.216.32.0/24,23676,24
2022-06-03 15:23:42+00:00,delete,151.216.5.0/24,3970,24
2022-06-04 00:01:59+00:00,create,151.216.34.0/24,17660,24
2022-06-04 02:10:17+00:00,create,151.216.32.0/24,23676,24
2022-06-04 02:20:26+00:00,create,151.216.5.0/24,3970,24
2022-06-04 04:31:57+00:00,create,151.216.33.0/24,55722,24
2022-06-04 04:32:16+00:00,create,2001:7fc:3::/48,3970,48
2022-06-04 13:07:16+00:00,delete,2001:7fc:3::/48,3970,48
2022-06-04 13:21:31+00:00,delete,151.216.32.0/24,23676,24
2022-06-04 14:17:10+00:00,delete,151.216.34.0/24,17660,24
2022-06-04 14:48:35+00:00,delete,151.216.33.0/24,55722,24
2022-06-04 17:58:18+00:00,delete,151.216.5.0/24,3970,24
2022-06-05 00:08:48+00:00,create,151.216.5.0/24,3970,24
2022-06-05 03:03:48+00:00,create,151.216.34.0/24,17660,24
2022-06-05 03:30:16+00:00,create,151.216.33.0/24,55722,24
2022-06-05 03:37:00+00:00,create,151.216.32.0/24,23676,24
2022-06-05 04:13:55+00:00,create,2001:7fc:3::/48,3970,48
2022-06-05 12:27:59+00:00,delete,151.216.32.0/24,23676,24
2022-06-05 15:07:02+00:00,delete,151.216.5.0/24,3970,24
2022-06-05 15:31:08+00:00,delete,2001:7fc:3::/48,3970,48
2022-06-05 16:39:05+00:00,delete,151.216.34.0/24,17660,24
2022-06-05 17:48:14+00:00,delete,151.216.33.0/24,55722,24
2022-06-06 00:00:56+00:00,create,151.216.33.0/24,55722,24
2022-06-06 00:48:26+00:00,create,151.216.34.0/24,17660,24
2022-06-06 01:37:27+00:00,create,2001:7fc:3::/48,3970,48
2022-06-06 03:48:04+00:00,create,151.216.32.0/24,23676,24
2022-06-06 05:24:30+00:00,create,151.216.5.0/24,3970,24
2022-06-06 13:45:26+00:00,delete,151.216.33.0/24,55722,24
2022-06-06 14:08:50+00:00,delete,151.216.34.0/24,17660,24
2022-06-06 15:23:31+00:00,delete,151.216.32.0/24,23676,24
2022-06-06 16:38:03+00:00,delete,2001:7fc:3::/48,3970,48
2022-06-06 17:14:05+00:00,delete,151.216.5.0/24,3970,24
2022-06-07 01:01:22+00:00,create,151.216.34.0/24,17660,24
2022-06-07 01:43:39+00:00,create,151.216.5.0/24,3970,24
2022-06-07 01:44:21+00:00,create,2001:7fc:3::/48,3970,48
2022-06-07 02:03:07+00:00,create,151.216.32.0/24,23676,24
2022-06-07 05:34:58+00:00,create,151.216.33.0/24,55722,24
2022-06-07 12:53:20+00:00,delete,151.216.34.0/24,17660,24
2022-06-07 14:11:55+00:00,delete,151.216.5.0/24,3970,24
2022-06-07 14:16:52+00:00,delete,151.216.32.0/24,23676,24
2022-06-07 16:34:57+00:00,delete,2001:7fc:3::/48,3970,48
2022-06-07 17:43:24+00:00,delete,151.216.33.0/24,55722,24
2022-06-08 00:07:28+00:00,create,151.216.5.0/24,3970,24
2022-06-08 02:42:01+00:00,create,151.216.34.0/24,17660,24
2022-06-08 04:12:37+00:00,create,2001:7fc:3::/48,3970,48
2022-06-08 05:06:20+00:00,create,151.216.32.0/24,23676,24
2022-06-08 05:22:46+00:00,create,151.216.33.0/24,55722,24
2022-06-08 13:07:02+00:00,delete,2001:7fc:3::/48,3970,48
2022-06-08 13:09:40+00:00,delete,151.216.33.0/24,55722,24
2022-06-08 13:19:48+00:00,delete,151.216.5.0/24,3970,24
2022-06-08 13:56:42+00:00,delete,151.216.34.0/24,17660,24
2022-06-08 17:00:43+00:00,delete,151.216.32.0/24,23676,24
2022-06-09 02:51:43+00:00,create,151.216.5.0/24,3970,24
2022-06-09 03:07:19+00:00,create,151.216.33.0/24,55722,24
2022-06-09 03:32:46+00:00,create,151.216.32.0/24,23676,24
2022-06-09 03:47:29+00:00,create,2001:7fc:3::/48,3970,48
2022-06-09 05:45:52+00:00,create,151.216.34.0/24,17660,24
2022-06-09 13:13:27+00:00,delete,151.216.33.0/24,55722,24
2022-06-09 13:28:51+00:00,delete,151.216.5.0/24,3970,24
2022-06-09 14:26:25+00:00,delete,2001:7fc:3::/48,3970,48
2022-06-09 14:57:21+00:00,delete,151.216.32.0/24,23676,24
2022-06-09 17:49:10+00:00,delete,151.216.34.0/24,17660,24
2022-06-10 01:28:30+00:00,create,151.216.34.0/24,17660,24
2022-06-10 02:50:10+00:00,create,2001:7fc:3::/48,3970,48
2022-06-10 03:44:11+00:00,create,151.216.32.0/24,23676,24
2022-06-10 04:32:51+00:00,create,151.216.33.0/24,55722,24
2022-06-10 04:39:08+00:00,create,151.216.5.0/24,3970,24
2022-06-10 12:42:46+00:00,delete,151.216.5.0/24,3970,24
2022-06-10 12:59:46+00:00,delete,151.216.33.0/24,55722,24
2022-06-10 13:04:49+00:00,delete,2001:7fc:3::/48,3970,48
2022-06-10 14:02:56+00:00,delete,151.216.32.0/24,23676,24
2022-06-10 17:54:16+00:00,delete,151.216.34.0/24,17660,24
2022-06-11 02:13:56+00:00,create,2001:7fc:3::/48,3970,48
2022-06-11 02:26:28+00:00,create,151.216.32.0/24,23676,24
2022-06-11 02:47:19+00:00,create,151.216.34.0/24,17660,24
2022-06-11 03:31:30+00:00,create,151.216.5.0/24,3970,24
2022-06-11 05:04:11+00:00,create,151.216.33.0/24,55722,24
2022-06-11 15:22:45+00:00,delete,151.216.32.0/24,23676,24
2022-06-11 15:28:43+00:00,delete,151.216.33.0/24,55722,24
2022-06-11 16:16:23+00:00,delete,2001:7fc:3::/48,3970,48
2022-06-11 16:48:22+00:00,delete,151.216.34.0/24,17660,24
2022-06-11 17:07:57+00:00,delete,151.216.5.0/24,3970,24
2022-06-12 00:18:16+00:00,create,151.216.32.0/24,23676,24
2022-06-12 02:23:37+00:00,create,151.216.5.0/24,3970,24
2022-06-12 04:45:08+00:00,create,2001:7fc:3::/48,3970,48
2022-06-12 04:54:48+00:00,create,151.216.34.0/24,17660,24
2022-06-12 05:24:23+00:00,create,151.216.33.0/24,55722,24
2022-06-12 12:15:32+00:00,delete,151.216.5.0/24,3970,24
2022-06-12 12:41:55+00:00,delete,151.216.34.0/24,17660,24
2022-06-12 12:59:57+00:00,delete,2001:7fc:3::/48,3970,48
2022-06-12 13:58:01+00:00,delete,151.216.33.0/24,55722,24
2022-06-12 14:12:58+00:00,delete,151.216.32.0/24,23676,24
2022-06-13 00:09:54+00:00,create,151.216.34.0/24,17660,24
2022-06-13 03:02:03+00:00,create,151.216.32.0/24,23676,24
2022-06-13 03:48:52+00:00,create,151.216.5.0/24,3970,24
2022-06-13 04:50:37+00:00,create,151.216.33.0/24,55722,24
2022-06-13 05:25:16+00:00,create,2001:7fc:3::/48,3970,48
2022-06-13 13:20:51+00:00,delete,151.216.32.0/24,23676,24
2022-06-13 14:25:37+00:00,delete,151.216.5.0/24,3970,24
2022-06-13 15:54:31+00:00,delete,151.216.33.0/24,55722,24
2022-06-13 16:09:47+00:00,delete,2001:7fc:3::/48,3970,48
2022-06-13 17:31:20+00:00,delete,151.216.34.0/24,17660,24
2022-06-14 00:02:12+00:00,create,151.216.33.0/24,55722,24
2022-06-14 02:38:03+00:00,create,2001:7fc:3::/48,3970,48
2022-06-14 03:38:45+00:00,create,151.216.32.0/24,23676,24
2022-06-14 03:57:12+00:00,create,151.216.34.0/24,17660,24
2022-06-14 04:27:58+00:00,create,151.216.5.0/24,3970,24
2022-06-14 12:30:43+00:00,delete,151.216.33.0/24,55722,24
2022-06-14 13:13:08+00:00,delete,151.216.34.0/24,17660,24
2022-06-14 15:20:08+00:00,delete,2001:7fc:3::/48,3970,48
2022-06-14 16:52:31+00:00,delete,151.216.5.0/24,3970,24
2022-06-14 17:12:17+00:00,delete,151.216.32.0/24,23676,24
2022-06-15 01:10:42+00:00,create,151.216.34.0/24,17660,24
2022-06-15 01:17:57+00:00,create,151.216.33.0/24,55722,24
2022-06-15 03:50:29+00:00,create,2001:7fc:3::/48,3970,48
2022-06-15 03:58:41+00:00,create,151.216.32.0/24,23676,24
2022-06-15 05:50:34+00:00,create,151.216.5.0/24,3970,24
2022-06-15 12:24:03+00:00,delete,151.216.32.0/24,23676,24
2022-06-15 12:26:31+00:00,delete,151.216.5.0/24,3970,24
2022-06-15 12:38:37+00:00,delete,2001:7fc:3::/48,3970,48
2022-06-15 15:12:17+00:00,delete,151.216.34.0/24,17660,24
2022-06-15 16:20:55+00:00,delete,151.216.33.0/24,55722,24
2022-06-16 01:54:55+00:00,create,2001:7fc:3::/48,3970,48
2022-06-16 01:55:42+00:00,create,151.216.34.0/24,17660,24
2022-06-16 03:22:37+00:00,create,151.216.33.0/24,55722,24
2022-06-16 04:36:57+00:00,create,151.216.5.0/24,3970,24
2022-06-16 04:49:55+00:00,create,151.216.32.0/24,23676,24
2022-06-16 12:15:07+00:00,delete,151.216.33.0/24,55722,24
2022-06-16 14:42:16+00:00,delete,2001:7fc:3::/48,3970,48
2022-06-16 15:48:04+00:00,delete,151.216.34.0/24,17660,24
2022-06-16 16:23:46+00:00,delete,151.216.32.0/24,23676,24
2022-06-16 17:57:54+00:00,delete,151.216.5.0/24,3970,24
2022-06-17 01:47:31+00:00,create,151.216.34.0/24,17660,24
2022-06-17 02:04:23+00:00,create,151.216.5.0/24,3970,24
2022-06-17 02:33:13+00:00,create,2001:7fc:3::/48,3970,48
2022-06-17 03:33:17+00:00,create,151.216.33.0/24,55722,24
2022-06-17 05:18:00+00:00,create,151.216.32.0/24,23676,24
2022-06-17 12:13:31+00:00,delete,151.216.32.0/24,23676,24
2022-06-17 12:39:46+00:00,delete,2001:7fc:3::/48,3970,48
2022-06-17 12:46:18+00:00,delete,151.216.33.0/24,55722,24
2022-06-17 12:59:23+00:00,delete,151.216.34.0/24,17660,24
2022-06-17 17:18:55+00:00,delete,151.216.5.0/24,3970,24
2022-06-18 01:04:39+00:00,create,151.216.34.0/24,17660,24
2022-06-18 01:37:36+00:00,create,151.216.5.0/24,3970,24
2022-06-18 02:23:37+00:00,create,151.216.33.0/24,55722,24
2022-06-18 03:39:16+00:00,create,2001:7fc:3::/48,3970,48
2022-06-18 05:59:41+00:00,create,151.216.32.0/24,23676,24
2022-06-18 13:33:25+00:00,delete,151.216.5.0/24,3970,24
2022-06-18 13:49:23+00:00,delete,151.216.33.0/24,55722,24
2022-06-18 15:26:41+00:00,delete,2001:7fc:3::/48,3970,48
2022-06-18 16:31:16+00:00,delete,151.216.34.0/24,17660,24
2022-06-18 16:45:38+00:00,delete,151.216.32.0/24,23676,24
2022-06-19 00:10:59+00:00,create,151.216.32.0/24,23676,24
2022-06-19 01:04:27+00:00,create,151.216.5.0/24,3970,24
2022-06-19 01:32:32+00:00,create,151.216.34.0/24,17660,24
2022-06-19 04:12:17+00:00,create,151.216.33.0/24,55722,24
2022-06-19 04:46:17+00:00,create,2001:7fc:3::/48,3970,48
2022-06-19 12:14:49+00:00,delete,151.216.33.0/24,55722,24
2022-06-19 12:27:18+00:00,delete,151.216.5.0/24,3970,24
2022-06-19 13:27:39+00:00,delete,2001:7fc:3::/48,3970,48
2022-06-19 17:23:42+00:00,delete,151.216.34.0/24,17660,24
2022-06-19 17:28:46+00:00,delete,151.216.32.0/24,23676,24
2022-06-20 00:07:33+00:00,create,151.216.33.0/24,55722,24
2022-06-20 00:40:02+00:00,create,2001:7fc:3::/48,3970,48
2022-06-20 01:57:09+00:00,create,151.216.34.0/24,17660,24
2022-06-20 02:42:12+00:00,create,151.216.32.0/24,23676,24
2022-06-20 03:41:56+00:00,create,151.216.5.0/24,3970,24
2022-06-20 13:10:24+00:00,delete,2001:7fc:3::/48,3970,48
2022-06-20 13:58:32+00:00,delete,151.216.33.0/24,55722,24
2022-06-20 16:36:44+00:00,delete,151.216.32.0/24,23676,24
2022-06-20 17:11:22+00:00,delete,151.216.5.0/24,3970,24
2022-06-20 17:58:45+00:00,delete,151.216.34.0/24,17660,24
2022-06-21 00:51:20+00:00,create,151.216.5.0/24,3970,24
2022-06-21 02:06:00+00:00,create,2001:7fc:3::/48,3970,48
2022-06-21 02:30:01+00:00,create,151.216.34.0/24,17660,24
2022-06-21 03:47:15+00:00,create,151.216.33.0/24,55722,24
2022-06-21 05:02:08+00:00,create,151.216.32.0/24,23676,24
2022-06-21 12:47:32+00:00,delete,151.216.32.0/24,23676,24
2022-06-21 13:57:02+00:00,delete,151.216.5.0/24,3970,24
2022-06-21 15:00:15+00:00,delete,2001:7fc:3::/48,3970,48
2022-06-21 15:09:22+00:00,delete,151.216.34.0/24,17660,24
2022-06-21 15:37:12+00:00,delete,151.216.33.0/24,55722,24
2022-06-22 00:05:29+00:00,create,151.216.34.0/24,17660,24
2022-06-22 02:19:25+00:00,create,151.216.32.0/24,23676,24
2022-06-22 04:56:44+00:00,create,151.216.5.0/24,3970,24
2022-06-22 05:08:45+00:00,create,2001:7fc:3::/48,3970,48
2022-06-22 05:22:09+00:00,create,151.216.33.0/24,55722,24
2022-06-22 12:17:39+00:00,delete,151.216.33.0/24,55722,24
2022-06-22 14:21:29+00:00,delete,151.216.34.0/24,17660,24
2022-06-22 16:17:44+00:00,delete,2001:7fc:3::/48,3970,48
2022-06-22 16:35:37+00:00,delete,151.216.5.0/24,3970,24
2022-06-22 17:51:27+00:00,delete,151.216.32.0/24,23676,24
2022-06-23 00:30:46+00:00,create,151.216.33.0/24,55722,24
2022-06-23 01:38:50+00:00,create,151.216.5.0/24,3970,24
2022-06-23 02:28:01+00:00,create,2001:7fc:3::/48,3970,48
2022-06-23 05:15:38+00:00,create,151.216.34.0/24,17660,24
2022-06-23 05:30:44+00:00,create,151.216.32.0/24,23676,24
2022-06-23 13:01:25+00:00,delete,151.216.5.0/24,3970,24
2022-06-23 14:07:43+00:00,delete,151.216.34.0/24,17660,24
2022-06-23 14:49:11+00:00,delete,151.216.33.0/24,55722,24
2022-06-23 16:00:23+00:00,delete,2001:7fc:3::/48,3970,48
2022-06-24 01:54:25+00:00,create,151.216.32.0/24,23676,24
2022-06-24 02:04:05+00:00,create,151.216.34.0/24,17660,24
2022-06-24 02:15:58+00:00,create,2001:7fc:3::/48,3970,48
2022-06-24 03:26:07+00:00,create,151.216.5.0/24,3970,24
2022-06-24 04:04:24+00:00,create,151.216.33.0/24,55722,24
2022-06-24 12:42:59+00:00,delete,2001:7fc:3::/48,3970,48
2022-06-24 13:34:00+00:00,delete,151.216.33.0/24,55722,24
2022-06-24 16:11:24+00:00,delete,151.216.5.0/24,3970,24
2022-06-24 17:26:19+00:00,delete,151.216.32.0/24,23676,24
2022-06-25 00:38:26+00:00,create,151.216.34.0/24,17660,24
2022-06-25 02:26:21+00:00,create,151.216.5.0/24,3970,24
2022-06-25 04:13:07+00:00,create,151.216.32.0/24,23676,24
2022-06-25 05:15:24+00:00,create,2001:7fc:3::/48,3970,48
2022-06-25 12:51:00+00:00,delete,151.216.33.0/24,55722,24
2022-06-25 13:25:51+00:00,delete,151.216.34.0/24,17660,24
2022-06-25 14:06:25+00:00,delete,151.216.32.0/24,23676,24
2022-06-25 15:40:21+00:00,delete,151.216.5.0/24,3970,24
2022-06-25 17:41:54+00:00,delete,2001:7fc:3::/48,3970,48
2022-06-26 00:29:58+00:00,create,151.216.5.0/24,3970,24
2022-06-26 02:08:54+00:00,create,2001:7fc:3::/48,3970,48
2022-06-26 03:03:46+00:00,create,151.216.34.0/24,17660,24
2022-06-26 03:53:16+00:00,create,151.216.32.0/24,23676,24
2022-06-26 04:53:34+00:00,create,151.216.33.0/24,55722,24
2022-06-26 12:11:34+00:00,delete,151.216.32.0/24,23676,24
2022-06-26 12:50:36+00:00,delete,2001:7fc:3::/48,3970,48
2022-06-26 15:53:39+00:00,delete,151.216.34.0/24,17660,24
2022-06-26 17:29:26+00:00,delete,151.216.33.0/24,55722,24
2022-06-26 17:55:11+00:00,delete,151.216.5.0/24,3970,24
2022-06-27 00:20:46+00:00,create,151.216.32.0/24,23676,24
2022-06-27 03:52:10+00:00,create,151.216.34.0/24,17660,24
2022-06-27 04:20:40+00:00,create,151.216.33.0/24,55722,24
2022-06-27 05:15:46+00:00,create,2001:7fc:3::/48,3970,48
2022-06-27 05:43:36+00:00,create,151.216.5.0/24,3970,24
2022-06-27 13:20:52+00:00,delete,151.216.5.0/24,3970,24
2022-06-27 15:48:26+00:00,delete,151.216.34.0/24,17660,24
2022-06-27 16:39:01+00:00,delete,151.216.32.0/24,23676,24
2022-06-27 17:03:10+00:00,delete,151.216.33.0/24,55722,24
2022-06-27 17:17:23+00:00,delete,2001:7fc:3::/48,3970,48
2022-06-28 02:50:55+00:00,create,151.216.34.0/24,17660,24
2022-06-28 03:09:13+00:00,create,2001:7fc:3::/48,3970,48
2022-06-28 03:21:43+00:00,create,151.216.5.0/24,3970,24
2022-06-28 04:58:50+00:00,create,151.216.33.0/24,55722,24
2022-06-28 05:24:52+00:00,create,151.216.32.0/24,23676,24
2022-06-28 13:44:17+00:00,delete,151.216.34.0/24,17660,24
2022-06-28 16:09:20+00:00,delete,151.216.33.0/24,55722,24
2022-06-28 16:18:52+00:00,delete,151.216.32.0/24,23676,24
2022-06-28 17:04:43+00:00,delete,151.216.5.0/24,3970,24
2022-06-28 17:20:47+00:00,delete,2001:7fc:3::/48,3970,48
2022-06-29 03:46:29+00:00,create,151.216.32.0/24,23676,24
2022-06-29 04:15:55+00:00,create,151.216.33.0/24,55722,24
2022-06-29 04:20:03+00:00,create,151.216.5.0/24,3970,24
2022-06-29 04:59:50+00:00,create,2001:7fc:3::/48,3970,48
2022-06-29 05:12:10+00:00,create,151.216.34.0/24,17660,24
2022-06-29 13:21:59+00:00,delete,151.216.33.0/24,55722,24
2022-06-29 13:32:18+00:00,delete,151.216.32.0/24,23676,24
2022-06-29 15:21:45+00:00,delete,2001:7fc:3::/48,3970,48
2022-06-29 16:51:45+00:00,delete,151.216.34.0/24,17660,24
2022-06-29 16:52:32+00:00,delete,151.216.5.0/24,3970,24
2022-06-30 01:26:42+00:00,create,151.216.32.0/24,23676,24
2022-06-30 03:59:35+00:00,create,151.216.33.0/24,55722,24
2022-06-30 04:21:01+00:00,create,2001:7fc:3::/48,3970,48
2022-06-30 04:34:02+00:00,create,151.216.34.0/24,17660,24
2022-06-30 04:50:32+00:00,create,151.216.5.0/24,3970,24
2022-06-30 13:22:58+00:00,delete,151.216.5.0/24,3970,24
2022-06-30 14:10:31+00:00,delete,151.216.34.0/24,17660,24
2022-06-30 14:31:56+00:00,delete,2001:7fc:3::/48,3970,48
2022-06-30 16:27:05+00:00,delete,151.216.33.0/24,55722,24
2022-06-30 17:43:41+00:00,delete,151.216.32.0/24,23676,24
2022-07-01 00:08:38+00:00,create,151.216.5.0/24,3970,24
2022-07-01 00:17:23+00:00,create,151.216.33.0/24,55722,24
2022-07-01 02:43:06+00:00,create,2001:7fc:3::/48,3970,48
2022-07-01 04:35:08+00:00,create,151.216.32.0/24,23676,24
2022-07-01 04:46:58+00:00,create,151.216.34.0/24,17660,24
2022-07-01 14:25:14+00:00,delete,151.216.33.0/24,55722,24
2022-07-01 14:27:55+00:00,delete,151.216.32.0/24,23676,24
2022-07-01 16:00:56+00:00,delete,151.216.5.0/24,3970,24
2022-07-01 16:28:22+00:00,delete,151.216.34.0/24,17660,24
2022-07-01 16:47:52+00:00,delete,2001:7fc:3::/48,3970,48
2022-07-02 02:13:14+00:00,create,151.216.33.0/24,55722,24
2022-07-02 03:02:37+00:00,create,151.216.5.0/24,3970,24
2022-07-02 04:01:32+00:00,create,2001:7fc:3::/48,3970,48
2022-07-02 04:54:02+00:00,create,151.216.32.0/24,23676,24
2022-07-02 05:23:29+00:00,create,151.216.34.0/24,17660,24
2022-07-02 12:11:14+00:00,delete,151.216.32.0/24,23676,24
2022-07-02 12:30:01+00:00,delete,151.216.33.0/24,55722,24
2022-07-02 13:27:38+00:00,delete,151.216.5.0/24,3970,24
2022-07-02 14:16:23+00:00,delete,2001:7fc:3::/48,3970,48
2022-07-02 14:33:36+00:00,delete,151.216.34.0/24,17660,24
2022-07-03 00:21:03+00:00,create,151.216.32.0/24,23676,24
2022-07-03 00:54:15+00:00,create,151.216.34.0/24,17660,24
2022-07-03 03:12:29+00:00,create,151.216.5.0/24,3970,24
2022-07-03 03:37:22+00:00,create,151.216.33.0/24,55722,24
2022-07-03 05:08:09+00:00,create,2001:7fc:3::/48,3970,48
2022-07-03 12:29:33+00:00,delete,151.216.34.0/24,17660,24
2022-07-03 12:53:11+00:00,delete,151.216.5.0/24,3970,24
2022-07-03 14:59:17+00:00,delete,151.216.32.0/24,23676,24
2022-07-03 16:07:21+00:00,delete,2001:7fc:3::/48,3970,48
2022-07-03 16:34:36+00:00,delete,151.216.33.0/24,55722,24
2022-07-04 00:28:44+00:00,create,151.216.32.0/24,23676,24
2022-07-04 02:50:09+00:00,create,2001:7fc:3::/48,3970,48
2022-07-04 04:10:43+00:00,create,151.216.34.0/24,17660,24
2022-07-04 04:14:53+00:00,create,151.216.33.0/24,55722,24
2022-07-04 05:19:51+00:00,create,151.216.5.0/24,3970,24
2022-07-04 12:39:27+00:00,delete,151.216.33.0/24,55722,24
2022-07-04 14:33:45+00:00,delete,151.216.5.0/24,3970,24
2022-07-04 14:51:35+00:00,delete,151.216.34.0/24,17660,24
2022-07-04 15:37:51+00:00,delete,2001:7fc:3::/48,3970,48
2022-07-04 15:55:04+00:00,delete,151.216.32.0/24,23676,24
2022-07-05 00:29:17+00:00,create,151.216.33.0/24,55722,24
2022-07-05 01:10:59+00:00,create,151.216.5.0/24,3970,24
2022-07-05 01:52:32+00:00,create,151.216.32.0/24,23676,24
2022-07-05 02:27:53+00:00,create,151.216.34.0/24,17660,24
2022-07-05 02:51:54+00:00,create,2001:7fc:3::/48,3970,48
2022-07-05 15:16:07+00:00,delete,151.216.5.0/24,3970,24
2022-07-05 17:16:44+00:00,delete,151.216.34.0/24,17660,24
2022-07-05 17:35:32+00:00,delete,151.216.32.0/24,23676,24
2022-07-05 17:38:06+00:00,delete,2001:7fc:3::/48,3970,48
2022-07-05 17:50:08+00:00,delete,151.216.33.0/24,55722,24
2022-07-06 01:24:56+00:00,create,151.216.5.0/24,3970,24
2022-07-06 03:02:05+00:00,create,151.216.34.0/24,17660,24
2022-07-06 03:33:13+00:00,create,2001:7fc:3::/48,3970,48
2022-07-06 03:40:03+00:00,create,151.216.32.0/24,23676,24
2022-07-06 05:24:15+00:00,create,151.216.33.0/24,55722,24
2022-07-06 13:07:49+00:00,delete,151.216.33.0/24,55722,24
2022-07-06 16:16:39+00:00,delete,151.216.34.0/24,17660,24
2022-07-06 17:07:24+00:00,delete,151.216.32.0/24,23676,24
2022-07-06 17:44:07+00:00,delete,151.216.5.0/24,3970,24
2022-07-06 17:46:51+00:00,delete,2001:7fc:3::/48,3970,48
2022-07-07 01:12:11+00:00,create,2001:7fc:3::/48,3970,48
2022-07-07 02:09:15+00:00,create,151.216.32.0/24,23676,24
2022-07-07 02:38:48+00:00,create,151.216.33.0/24,55722,24
2022-07-07 02:43:26+00:00,create,151.216.34.0/24,17660,24
2022-07-07 03:55:42+00:00,create,151.216.5.0/24,3970,24
2022-07-07 12:04:41+00:00,delete,151.216.5.0/24,3970,24
2022-07-07 15:13:11+00:00,delete,2001:7fc:3::/48,3970,48
2022-07-07 15:21:20+00:00,delete,151.216.33.0/24,55722,24
2022-07-07 15:56:33+00:00,delete,151.216.32.0/24,23676,24
2022-07-07 16:12:16+00:00,delete,151.216.34.0/24,17660,24
2022-07-08 01:03:13+00:00,create,151.216.32.0/24,23676,24
2022-07-08 02:15:37+00:00,create,2001:7fc:3::/48,3970,48
2022-07-08 02:47:40+00:00,create,151.216.5.0/24,3970,24
2022-07-08 04:09:41+00:00,create,151.216.34.0/24,17660,24
2022-07-08 05:57:58+00:00,create,151.216.33.0/24,55722,24
2022-07-08 14:29:54+00:00,delete,151.216.5.0/24,3970,24
2022-07-08 14:59:30+00:00,delete,2001:7fc:3::/48,3970,48
2022-07-08 15:19:48+00:00,delete,151.216.34.0/24,17660,24
2022-07-08 16:06:09+00:00,delete,151.216.33.0/24,55722,24
2022-07-08 16:08:32+00:00,delete,151.216.32.0/24,23676,24
2022-07-09 00:01:15+00:00,create,151.216.5.0/24,3970,24
2022-07-09 02:10:32+00:00,create,2001:7fc:3::/48,3970,48
2022-07-09 03:10:36+00:00,create,151.216.33.0/24,55722,24
2022-07-09 03:27:16+00:00,create,151.216.34.0/24,17660,24
2022-07-09 05:40:33+00:00,create,151.216.32.0/24,23676,24
2022-07-09 13:02:46+00:00,delete,151.216.32.0/24,23676,24
2022-07-09 13:10:33+00:00,delete,2001:7fc:3::/48,3970,48
2022-07-09 13:22:31+00:00,delete,151.216.33.0/24,55722,24
2022-07-09 14:48:56+00:00,delete,151.216.34.0/24,17660,24
2022-07-09 15:24:21+00:00,delete,151.216.5.0/24,3970,24
2022-07-10 01:26:37+00:00,create,151.216.5.0/24,3970,24
2022-07-10 02:25:05+00:00,create,151.216.33.0/24,55722,24
2022-07-10 03:39:47+00:00,create,151.216.34.0/24,17660,24
2022-07-10 04:04:28+00:00,create,151.216.32.0/24,23676,24
2022-07-10 05:32:31+00:00,create,2001:7fc:3::/48,3970,48
2022-07-10 13:53:42+00:00,delete,151.216.32.0/24,23676,24
2022-07-10 14:06:28+00:00,delete,151.216.5.0/24,3970,24
2022-07-10 16:08:34+00:00,delete,151.216.33.0/24,55722,24
2022-07-10 16:10:08+00:00,delete,151.216.34.0/24,17660,24
2022-07-10 16:18:55+00:00,delete,2001:7fc:3::/48,3970,48
2022-07-11 02:23:47+00:00,create,151.216.33.0/24,55722,24
2022-07-11 03:49:59+00:00,create,151.216.32.0/24,23676,24
2022-07-11 04:15:12+00:00,create,151.216.5.0/24,3970,24
2022-07-11 04:41:20+00:00,create,2001:7fc:3::/48,3970,48
2022-07-11 04:49:48+00:00,create,151.216.34.0/24,17660,24
